hour,rss_mb
0.0033,965.21
0.0067,965.21
0.0097,965.21
0.0131,965.11
0.0163,965.11
0.0195,965.11
0.0226,965.11
0.0257,965.11
0.0288,965.11
0.0319,965.08
0.0349,965.02
0.0379,965.02
0.041,965.02
0.044,965.02
0.047,965.02
0.05,965.02
0.053,965.02
0.056,965.02
0.0591,965.02
0.0621,965.02
0.0651,965.02
0.0681,965.02
0.0711,965.02
0.0741,965.02
0.0771,965.02
0.0802,965.23
0.0832,965.23
0.0862,965.23
0.0892,965.23
0.0922,965.23
0.0956,965.23
0.0986,965.23
0.1017,965.23
0.1047,965.23
0.1077,965.23
0.1107,965.17
0.1137,965.17
0.1167,965.17
0.1197,965.17
0.1227,965.17
0.1257,965.17
0.1287,965.17
0.1318,965.17
0.1348,965.17
0.1378,965.17
0.1408,965.17
0.1438,965.17
0.1469,965.17
0.1499,965.17
0.1529,965.17
0.1559,965.17
0.159,965.17
0.162,965.17
0.165,965.23
0.168,965.23
0.171,965.23
0.174,965.23
0.177,965.23
0.18,965.23
0.183,965.17
0.1861,965.17
0.1891,965.17
0.1922,965.17
0.1952,965.17
0.1982,965.17
0.2012,965.17
0.2042,965.17
0.2072,965.17
0.2102,965.17
0.2133,965.17
0.2164,965.17
0.2194,965.17
0.2224,965.17
0.2254,965.17
0.2285,965.17
0.2315,965.17
0.2345,965.17
0.2375,965.17
0.2405,965.17
0.2435,965.17
0.2465,965.17
0.2496,965.17
0.2526,965.17
0.2556,965.17
0.2586,965.17
0.2616,965.17
0.2646,965.17
0.2676,965.17
0.2706,965.17
0.2737,965.17
0.2767,965.17
0.2797,965.17
0.2827,965.17
0.2857,965.17
0.2887,965.17
0.2917,965.17
0.2947,965.17
0.2978,965.17
0.3008,965.17
0.3038,965.17
0.3068,965.17
0.3098,965.17
0.3128,965.17
0.3158,965.17
0.3188,965.17
0.3218,965.17
0.3249,965.17
0.3279,965.17
0.3309,965.17
0.3339,965.17
0.3369,965.17
0.3399,965.17
0.3429,965.17
0.346,965.17
0.349,965.17
0.352,965.17
0.355,965.17
0.358,965.17
0.361,965.17
0.364,965.17
0.367,965.17
0.3701,965.17
0.3731,965.17
0.3761,965.17
0.3791,965.17
0.3821,965.17
0.3852,965.17
0.3882,965.17
0.3912,965.17
0.3942,965.17
0.3972,965.17
0.4002,965.17
0.4033,965.17
0.4063,965.17
0.4093,965.17
0.4123,965.17
0.4153,965.17
0.4183,965.17
0.4213,965.17
0.4244,965.17
0.4274,965.17
0.4304,965.17
0.4334,965.17
0.4365,965.17
0.4395,965.17
0.4425,965.17
0.4455,965.17
0.4486,965.17
0.4516,965.17
0.4546,965.17
0.4576,965.17
0.4606,965.17
0.4636,965.17
0.4666,965.17
0.4696,965.17
0.4727,965.17
0.4759,965.17
0.4789,965.17
0.4819,965.17
0.4849,965.17
0.4879,965.17
0.491,965.17
0.494,965.17
0.497,965.17
0.5,965.17
0.503,965.17
0.506,965.17
0.509,965.17
0.5121,965.17
0.5151,965.17
0.5181,965.17
0.5211,965.17
0.5241,965.17
0.5271,965.17
0.5301,965.17
0.5331,965.17
0.5362,965.17
0.5392,965.17
0.5422,965.17
0.5452,965.17
0.5482,965.17
0.5513,965.17
0.5543,965.17
0.5573,965.17
0.5603,965.17
0.5634,965.17
0.5664,965.17
0.5694,965.17
0.5724,965.17
0.5754,965.17
0.5784,965.17
0.5814,965.17
0.5845,965.17
0.5875,965.17
0.5905,965.17
0.5935,965.17
0.5965,965.17
0.5995,965.17
0.6025,965.17
0.6055,965.17
0.6085,965.17
0.6116,965.17
0.6146,965.17
0.6176,965.17
0.6206,965.17
0.6236,965.17
0.6266,965.17
0.6297,965.17
0.6327,965.17
0.6357,965.17
0.6387,965.17
0.6417,965.17
0.6447,965.17
0.6477,965.17
0.6508,965.17
0.6538,965.17
0.6568,965.17
0.6598,965.17
0.6628,965.17
0.6658,965.17
0.6689,965.17
0.6719,965.17
0.6749,965.17
0.6779,965.17
0.6809,965.17
0.6839,965.17
0.6869,965.17
0.6899,965.17
0.6929,965.17
0.696,965.17
0.699,965.17
0.702,965.17
0.705,965.17
0.708,965.17
0.711,965.17
0.714,965.17
0.717,965.17
0.72,965.17
0.7231,965.17
0.7261,965.17
0.7291,965.17
0.7321,965.17
0.7351,965.17
0.7381,965.17
0.7411,965.17
0.7441,965.17
0.7472,965.17
0.7503,965.17
0.7534,965.17
0.7564,965.17
0.7594,965.17
0.7624,965.17
0.7654,965.17
0.7684,965.17
0.7714,965.17
0.7744,965.17
0.7775,965.17
0.7805,965.17
0.7835,965.17
0.7865,965.17
0.7895,965.17
0.7925,965.17
0.7956,965.17
0.7986,965.17
0.8016,965.17
0.8046,965.17
0.8076,965.17
0.8106,965.17
0.8136,965.17
0.8167,965.17
0.8197,965.17
0.8227,965.17
0.8257,965.17
0.8287,965.17
0.8317,965.17
0.8347,965.17
0.8377,965.17
0.8408,965.17
0.8438,965.17
0.8468,965.17
0.8498,965.17
0.8528,965.17
0.8558,965.17
0.8588,965.17
0.8618,965.17
0.8649,965.17
0.8679,965.17
0.8709,965.17
0.8739,965.17
0.8769,965.17
0.8799,965.17
0.8829,965.17
0.8859,965.17
0.889,965.17
0.892,965.17
0.895,965.17
0.898,965.17
0.901,965.17
0.904,965.17
0.907,965.17
0.9101,965.17
0.9131,965.17
0.9161,965.17
0.9191,965.17
0.9221,965.17
0.9251,965.17
0.9281,965.17
0.9311,965.17
0.9342,965.17
0.9372,965.17
0.9402,965.17
0.9432,965.17
0.9462,965.17
0.9492,965.17
0.9522,965.17
0.9552,965.17
0.9582,965.17
0.9613,965.17
0.9643,965.17
0.9673,965.17
0.9703,965.17
0.9736,965.17
0.9767,965.17
0.9797,965.17
0.9827,965.17
0.9857,965.17
0.9887,965.17
0.9917,965.17
0.9947,965.17
0.9978,965.17
1.0008,966.77
1.0038,966.77
1.0068,966.77
1.0098,966.77
1.0129,966.77
1.0159,966.77
1.0189,966.77
1.0219,966.77
1.0249,966.77
1.0279,966.77
1.031,966.77
1.034,966.77
1.037,966.77
1.04,966.77
1.043,966.77
1.0461,966.77
1.0491,966.77
1.0521,966.77
1.0551,966.77
1.0581,966.77
1.0611,966.77
1.0641,966.77
1.0671,966.77
1.0702,966.77
1.0732,966.77
1.0762,966.77
1.0792,966.77
1.0822,966.77
1.0852,966.77
1.0882,966.77
1.0912,966.77
1.0943,966.77
1.0973,966.77
1.1003,966.77
1.1033,966.77
1.1063,966.77
1.1093,966.77
1.1123,966.77
1.1154,966.77
1.1184,966.77
1.1214,966.77
1.1244,966.77
1.1274,966.77
1.1304,966.77
1.1334,966.77
1.1364,966.77
1.1395,966.77
1.1425,966.77
1.1455,966.77
1.1485,966.77
1.1515,966.77
1.1545,966.77
1.1575,966.77
1.1605,966.77
1.1636,966.77
1.1666,966.77
1.1696,966.77
1.1726,966.77
1.1756,966.77
1.1786,966.77
1.1816,966.77
1.1846,966.77
1.1877,966.77
1.1907,966.77
1.1938,966.77
1.1968,966.77
1.1998,966.77
1.2028,966.77
1.2058,966.77
1.2088,966.77
1.2118,966.77
1.2149,966.77
1.2179,966.77
1.2209,966.77
1.2239,966.77
1.2269,966.77
1.2299,966.77
1.2329,966.77
1.236,966.77
1.239,966.77
1.2421,966.77
1.2451,966.77
1.2481,966.77
1.2512,966.77
1.2542,966.77
1.2572,966.77
1.2602,966.77
1.2632,966.77
1.2662,966.77
1.2692,966.77
1.2723,966.77
1.2753,966.77
1.2783,966.77
1.2813,966.77
1.2843,966.77
1.2873,966.77
1.2903,966.77
1.2933,966.77
1.2964,966.77
1.2994,966.77
1.3024,966.77
1.3055,966.77
1.3085,966.77
1.3115,966.77
1.3145,966.77
1.3176,966.77
1.3206,966.77
1.3236,966.77
1.3266,966.77
1.3296,966.77
1.3326,966.77
1.3357,966.77
1.3387,966.77
1.3417,966.77
1.3447,966.77
1.3477,966.77
1.3507,966.77
1.3538,966.77
1.3568,966.77
1.3598,966.77
1.3628,966.77
1.3658,966.77
1.3688,966.77
1.3718,966.77
1.3748,966.77
1.3779,966.77
1.3809,966.77
1.3839,966.77
1.3869,966.77
1.3899,966.77
1.3929,966.77
1.3959,966.77
1.3989,966.77
1.402,966.77
1.405,966.77
1.408,966.77
1.4111,966.77
1.4141,966.77
1.4171,966.77
1.4201,966.77
1.4231,966.77
1.4262,966.77
1.4292,966.77
1.4322,966.77
1.4353,966.77
1.4383,966.77
1.4413,966.77
1.4444,966.77
1.4474,966.77
1.4504,966.77
1.4534,966.77
1.4564,966.77
1.4594,966.77
1.4624,966.77
1.4655,966.77
1.4685,966.77
1.4715,966.77
1.4745,966.77
1.4775,966.77
1.4806,966.77
1.4836,966.77
1.4866,966.77
1.4896,966.77
1.4926,966.77
1.4957,966.77
1.4987,966.77
1.5017,966.77
1.5047,966.77
1.5077,966.77
1.5107,966.77
1.5138,966.77
1.5168,966.77
1.5198,966.77
1.5228,966.77
1.5258,966.77
1.5288,966.77
1.5318,966.77
1.5349,966.77
1.5379,966.77
1.5409,966.77
1.5439,966.77
1.5469,966.77
1.55,966.77
1.5531,966.77
1.5561,966.77
1.5591,966.77
1.5621,966.77
1.5651,966.77
1.5682,966.77
1.5712,966.77
1.5742,966.77
1.5772,966.77
1.5802,966.77
1.5833,966.77
1.5863,966.77
1.5893,966.77
1.5923,966.77
1.5953,966.77
1.5983,966.77
1.6013,966.77
1.6043,966.77
1.6073,966.77
1.6104,966.77
1.6134,966.77
1.6164,966.77
1.6194,966.77
1.6224,966.77
1.6254,966.77
1.6284,966.77
1.6314,966.77
1.6345,966.77
1.6375,966.77
1.6405,966.77
1.6435,966.77
1.6465,966.77
1.6496,966.77
1.6526,966.77
1.6556,966.77
1.6586,966.77
1.6616,966.77
1.6646,966.77
1.6676,966.77
1.6707,966.77
1.6737,966.77
1.6767,966.77
1.6797,966.77
1.6827,966.77
1.6857,966.77
1.6887,966.77
1.6918,966.77
1.6948,966.77
1.6978,966.77
1.7008,966.77
1.7038,966.77
1.7068,966.77
1.7098,966.77
1.7128,966.77
1.716,966.77
1.719,966.77
1.722,966.77
1.725,966.77
1.728,966.77
1.7311,966.77
1.7341,966.77
1.7371,966.77
1.7401,966.77
1.7431,966.77
1.7461,966.77
1.7491,966.77
1.7522,966.77
1.7553,966.77
1.7583,966.77
1.7613,966.77
1.7643,966.77
1.7673,966.77
1.7703,966.77
1.7734,966.77
1.7764,966.77
1.7794,966.77
1.7824,966.77
1.7854,966.77
1.7885,966.77
1.7915,966.77
1.7945,966.77
1.7975,966.77
1.8005,966.77
1.8035,966.77
1.8066,966.77
1.8096,966.77
1.8126,966.77
1.8156,966.77
1.8186,966.77
1.8216,966.77
1.8246,966.77
1.8276,966.77
1.8307,966.77
1.8337,966.77
1.8367,966.77
1.8397,966.77
1.8427,966.77
1.8457,966.77
1.8487,966.77
1.8517,966.77
1.8548,966.77
1.8578,966.77
1.8608,966.77
1.8638,966.77
1.8668,966.77
1.8698,966.77
1.8728,966.77
1.8758,966.77
1.8789,966.77
1.8819,966.77
1.8849,966.77
1.8879,966.77
1.8909,966.77
1.8939,966.77
1.897,966.77
1.9,966.77
1.903,966.77
1.906,966.77
1.909,966.77
1.912,966.77
1.915,966.77
1.918,966.77
1.9211,966.77
1.9241,966.77
1.9271,966.77
1.9301,966.77
1.9331,966.77
1.9361,966.77
1.9391,966.77
1.9422,966.77
1.9452,966.77
1.9482,966.77
1.9512,966.77
1.9542,966.77
1.9572,966.77
1.9602,966.77
1.9633,966.77
1.9663,966.77
1.9693,966.77
1.9726,966.77
1.9758,966.77
1.9788,966.77
1.9818,966.77
1.9848,966.77
1.9878,966.77
1.9909,966.77
1.9939,966.77
1.9969,966.77
1.9999,966.77
2.0029,966.77
2.0059,966.77
2.0089,966.77
2.0123,966.77
2.0155,966.77
2.0186,966.77
2.0216,966.77
2.0246,966.77
2.0276,966.77
2.0306,966.77
2.0337,966.77
2.0367,966.77
2.0397,966.77
2.0427,966.77
2.0457,966.77
2.0487,966.77
2.0518,966.77
2.0548,966.77
2.0578,966.77
2.0608,966.77
2.0638,966.77
2.0668,966.77
2.0698,966.77
2.0729,966.77
2.0759,966.77
2.079,966.77
2.082,966.77
2.085,966.77
2.088,966.77
2.091,966.77
2.0941,966.77
2.0971,966.77
2.1001,966.77
2.1031,966.77
2.1061,966.77
2.1091,966.77
2.1121,966.77
2.1152,966.77
2.1182,966.77
2.1212,966.77
2.1242,966.77
2.1272,966.77
2.1302,966.77
2.1333,966.77
2.1363,966.77
2.1393,966.77
2.1423,966.77
2.1453,966.77
2.1483,966.77
2.1513,966.77
2.1544,966.77
2.1574,966.77
2.1604,966.77
2.1634,966.77
2.1664,966.77
2.1694,966.77
2.1724,966.77
2.1754,966.77
2.1785,966.77
2.1815,966.77
2.1845,966.77
2.1876,966.77
2.1906,966.77
2.1936,966.77
2.1966,966.77
2.1997,966.77
2.2027,966.77
2.2057,966.77
2.2087,966.77
2.2117,966.77
2.2148,966.77
2.2178,966.77
2.2208,966.77
2.2238,966.77
2.2268,966.77
2.2298,966.77
2.2329,966.77
2.2359,966.77
2.2389,966.77
2.2419,966.77
2.2449,966.77
2.2479,966.77
2.2509,966.77
2.2539,966.77
2.257,966.77
2.26,966.77
2.263,966.77
2.266,966.77
2.269,966.77
2.272,966.77
2.275,966.77
2.278,966.77
2.2811,966.77
2.2841,966.77
2.2871,966.77
2.2901,966.77
2.2931,966.77
2.2961,966.77
2.2991,966.77
2.3022,966.77
2.3052,966.77
2.3082,966.77
2.3112,966.77
2.3142,966.77
2.3172,966.77
2.3202,966.77
2.3233,966.77
2.3263,966.77
2.3293,966.77
2.3323,966.77
2.3353,966.77
2.3383,966.77
2.3413,966.77
2.3443,966.77
2.3474,966.77
2.3504,966.77
2.3534,966.77
2.3564,966.77
2.3594,966.77
2.3624,966.77
2.3654,966.77
2.3684,966.77
2.3715,966.77
2.3745,966.77
2.3775,966.77
2.3805,966.77
2.3835,966.77
2.3865,966.77
2.3895,966.77
2.3925,966.77
2.3956,966.77
2.3986,966.77
2.4016,966.77
2.4046,966.77
2.4076,966.77
2.4106,966.77
2.4137,966.77
2.4167,966.77
2.4197,966.77
2.4227,966.77
2.4257,966.77
2.4287,966.77
2.4318,966.77
2.4349,966.77
2.4379,966.77
2.4409,966.77
2.4439,966.77
2.447,966.77
2.45,966.77
2.453,966.77
2.456,966.77
2.459,966.77
2.462,966.77
2.465,966.77
2.4681,966.77
2.4711,966.77
2.4741,966.77
2.4771,966.77
2.4802,966.77
2.4832,966.77
2.4862,966.77
2.4892,966.77
2.4922,966.77
2.4952,966.77
2.4983,966.77
2.5013,966.77
2.5043,966.77
2.5073,966.77
2.5103,966.77
2.5133,966.77
2.5164,966.77
2.5194,966.77
2.5224,966.77
2.5254,966.77
2.5284,966.77
2.5314,966.77
2.5344,966.77
2.5375,966.77
2.5405,966.77
2.5435,966.77
2.5465,966.77
2.5495,966.77
2.5525,966.77
2.5556,966.77
2.5586,966.77
2.5616,966.77
2.5646,966.77
2.5676,966.77
2.5706,966.77
2.5736,966.77
2.5767,966.77
2.5797,966.77
2.5827,966.77
2.5857,966.77
2.5887,966.77
2.5918,966.77
2.5948,966.77
2.5978,966.77
2.6008,966.77
2.6038,966.77
2.6068,966.77
2.6099,966.77
2.6129,966.77
2.6159,966.77
2.6189,966.77
2.6219,966.77
2.6249,966.77
2.6279,966.77
2.631,966.77
2.634,966.77
2.637,966.77
2.64,966.77
2.643,966.77
2.646,966.77
2.649,966.77
2.6521,966.77
2.6551,966.77
2.6581,966.77
2.6611,966.77
2.6641,966.77
2.6671,966.77
2.6701,966.77
2.6732,966.77
2.6762,966.77
2.6792,966.77
2.6822,966.77
2.6852,966.77
2.6882,966.77
2.6912,966.77
2.6942,966.77
2.6973,966.77
2.7003,966.77
2.7033,966.77
2.7063,966.77
2.7093,966.77
2.7123,966.77
2.7153,966.77
2.7184,966.77
2.7214,966.77
2.7244,966.77
2.7274,966.77
2.7304,966.77
2.7334,966.77
2.7365,966.77
2.7395,966.77
2.7425,966.77
2.7455,966.77
2.7485,966.77
2.7516,966.77
2.7546,966.77
2.7576,966.77
2.7606,966.77
2.7637,966.77
2.7667,966.77
2.7697,966.77
2.7727,966.77
2.7758,966.77
2.7788,966.77
2.7818,966.77
2.7848,966.77
2.7878,966.77
2.7908,966.77
2.7939,966.77
2.7969,966.77
2.7999,966.77
2.8029,966.77
2.8059,966.77
2.8089,966.77
2.812,966.77
2.815,966.77
2.818,966.77
2.821,966.77
2.824,966.77
2.827,966.77
2.83,966.77
2.833,966.77
2.8361,966.77
2.8391,966.77
2.8421,966.77
2.8451,966.77
2.8481,966.77
2.8511,966.77
2.8541,966.77
2.8572,966.9
2.8602,966.9
2.8632,966.9
2.8662,966.9
2.8692,966.9
2.8722,966.9
2.8752,966.9
2.8782,966.9
2.8813,966.9
2.8843,966.9
2.8873,966.9
2.8903,966.9
2.8933,966.9
2.8963,966.9
2.8994,966.9
2.9024,966.9
2.9054,966.9
2.9084,966.9
2.9114,966.9
2.9144,966.9
2.9174,966.9
2.9204,966.9
2.9235,966.9
2.9265,966.9
2.9295,966.9
2.9325,966.9
2.9355,966.9
2.9385,966.9
2.9415,966.9
2.9446,966.9
2.9476,966.9
2.9506,966.9
2.9536,966.9
2.9566,966.9
2.9596,966.9
2.9626,966.9
2.9657,966.9
2.9687,966.9
2.972,966.9
2.9753,966.9
2.9784,966.9
2.9814,966.9
2.9844,966.9
2.9874,966.9
2.9904,966.9
2.9934,966.9
2.9964,966.9
2.9995,966.9
3.0025,966.9
3.0055,966.9
3.0085,966.9
3.0116,966.9
3.0146,966.9
3.0176,966.9
3.0207,966.9
3.0237,966.9
3.0267,966.9
3.0297,966.9
3.0327,966.9
3.0358,966.9
3.0388,966.9
3.0418,966.9
3.0448,966.9
3.0478,966.9
3.0508,966.9
3.0538,966.9
3.0569,966.9
3.0599,966.9
3.0629,966.9
3.066,966.93
3.069,966.93
3.072,966.93
3.075,966.93
3.078,966.93
3.0811,966.93
3.0841,966.93
3.0871,966.9
3.0901,966.9
3.0931,966.9
3.0961,966.9
3.0991,966.9
3.1022,966.9
3.1052,966.9
3.1082,966.9
3.1112,966.9
3.1142,966.9
3.1172,966.9
3.1202,966.9
3.1232,966.9
3.1263,966.9
3.1293,966.9
3.1323,966.9
3.1353,966.9
3.1383,966.9
3.1413,966.9
3.1444,966.9
3.1474,966.9
3.1504,966.9
3.1534,966.9
3.1564,966.9
3.1594,966.9
3.1624,966.9
3.1654,966.9
3.1685,966.9
3.1715,966.9
3.1745,966.9
3.1775,966.9
3.1805,966.9
3.1835,966.9
3.1865,966.9
3.1896,966.9
3.1926,966.9
3.1957,966.9
3.1987,966.9
3.2017,966.9
3.2047,966.9
3.2078,966.9
3.2108,966.9
3.2138,966.9
3.2168,966.9
3.2198,966.9
3.2229,966.9
3.2259,966.9
3.2289,966.9
3.2319,966.9
3.2349,966.9
3.2379,966.9
3.241,966.9
3.244,966.9
3.247,966.9
3.25,966.9
3.253,966.9
3.256,966.9
3.259,966.9
3.262,966.9
3.2651,966.9
3.2681,966.9
3.2711,966.9
3.2741,966.9
3.2771,966.9
3.2801,966.9
3.2831,966.9
3.2861,966.9
3.2892,966.9
3.2922,966.9
3.2952,966.9
3.2982,966.9
3.3012,966.9
3.3042,966.9
3.3072,966.9
3.3103,966.9
3.3133,966.9
3.3164,966.96
3.3194,966.96
3.3224,966.96
3.3254,966.96
3.3284,966.96
3.3314,966.96
3.3344,966.96
3.3375,966.96
3.3405,966.96
3.3435,966.96
3.3465,966.96
3.3495,966.9
3.3525,966.9
3.3555,966.9
3.3585,966.9
3.3616,966.9
3.3646,966.9
3.3676,966.9
3.3706,966.9
3.3736,966.9
3.3766,966.9
3.3796,966.9
3.3826,966.9
3.3857,966.9
3.3887,966.9
3.3917,966.9
3.3947,966.9
3.3977,966.9
3.4007,966.9
3.4038,966.9
3.4068,966.9
3.4098,966.9
3.4128,966.9
3.4158,966.9
3.4188,966.9
3.4218,966.9
3.4249,966.9
3.4279,966.9
3.4309,966.9
3.4339,966.9
3.437,966.9
3.44,966.9
3.443,966.9
3.446,966.9
3.449,966.9
3.452,966.9
3.4551,966.9
3.4581,966.9
3.4611,966.9
3.4641,966.9
3.4671,966.9
3.4701,966.9
3.4731,966.9
3.4762,966.9
3.4792,966.9
3.4822,966.9
3.4852,966.9
3.4882,966.9
3.4912,966.9
3.4942,966.9
3.4973,966.9
3.5003,966.9
3.5033,966.9
3.5063,966.9
3.5093,966.9
3.5123,966.9
3.5153,966.9
3.5184,966.9
3.5214,966.9
3.5244,966.9
3.5274,966.9
3.5304,966.9
3.5334,966.9
3.5365,966.9
3.5395,966.9
3.5425,966.91
3.5455,966.91
3.5485,966.91
3.5516,966.91
3.5547,966.91
3.5577,966.91
3.5607,966.91
3.5637,966.91
3.5667,966.91
3.5697,966.91
3.5727,966.91
3.5757,966.91
3.5788,966.91
3.5818,966.91
3.5848,966.91
3.5878,966.91
3.5908,966.91
3.5938,966.91
3.5969,966.91
3.5999,966.91
3.6029,966.91
3.6059,966.91
3.6089,966.91
3.6119,966.91
3.6149,966.91
3.6179,966.91
3.621,966.91
3.624,966.91
3.627,966.91
3.63,966.91
3.633,966.91
3.636,966.91
3.639,966.91
3.6421,966.91
3.6451,966.91
3.6481,966.91
3.6511,966.91
3.6541,966.91
3.6571,966.91
3.6601,966.91
3.6631,966.91
3.6662,966.91
3.6692,966.91
3.6722,966.91
3.6752,966.91
3.6782,966.91
3.6812,966.91
3.6842,966.91
3.6873,966.91
3.6903,966.91
3.6933,966.91
3.6963,966.91
3.6993,966.91
3.7023,966.91
3.7053,966.91
3.7083,966.91
3.7114,966.91
3.7144,966.91
3.7174,966.91
3.7204,966.91
3.7234,966.91
3.7264,966.91
3.7294,966.91
3.7325,966.91
3.7355,966.91
3.7385,966.91
3.7415,966.91
3.7445,966.91
3.7475,966.91
3.7506,966.91
3.7536,966.91
3.7566,966.91
3.7597,966.91
3.7627,966.91
3.7657,966.91
3.7687,966.91
3.7717,966.91
3.7747,966.91
3.7777,966.91
3.7808,966.91
3.7838,966.91
3.7868,966.91
3.7898,966.91
3.7928,966.91
3.7958,966.91
3.7988,966.91
3.8019,966.91
3.8049,966.91
3.8079,966.91
3.8109,966.91
3.8139,966.91
3.8169,966.91
3.8199,966.91
3.823,966.91
3.826,966.91
3.829,966.91
3.832,966.91
3.835,966.91
3.838,966.91
3.841,966.91
3.8441,966.91
3.8471,966.91
3.8501,966.91
3.8531,966.91
3.8561,966.91
3.8591,966.91
3.8621,966.91
3.8652,966.91
3.8682,966.91
3.8712,966.91
3.8742,966.91
3.8772,966.91
3.8802,966.91
3.8832,966.91
3.8862,966.91
3.8893,966.91
3.8923,966.91
3.8953,966.91
3.8983,966.91
3.9013,966.91
3.9043,966.91
3.9073,966.91
3.9104,966.91
3.9134,966.91
3.9164,966.91
3.9194,966.91
3.9224,966.91
3.9254,966.91
3.9284,966.91
3.9315,966.91
3.9345,966.91
3.9375,966.91
3.9405,966.91
3.9435,966.91
3.9465,966.91
3.9495,966.91
3.9525,966.91
3.9556,966.91
3.9586,966.91
3.9616,966.91
3.9646,966.91
3.9676,966.91
3.9706,966.91
3.9739,966.91
3.977,966.91
3.98,966.91
3.983,966.91
3.9861,966.91
3.9891,966.91
3.9921,966.91
3.9951,966.91
3.9981,966.91
4.0012,966.91
4.0042,966.91
4.0072,966.91
4.0103,966.91
4.0137,966.91
4.0168,966.91
4.0199,966.91
4.0229,966.91
4.0259,966.91
4.0289,966.91
4.0319,966.91
4.035,966.91
4.038,966.91
4.041,966.91
4.044,966.91
4.047,966.91
4.05,966.91
4.053,966.91
4.056,966.91
4.0591,966.91
4.0621,966.91
4.0651,966.91
4.0681,966.91
4.0711,966.91
4.0741,966.91
4.0771,966.91
4.0802,966.91
4.0832,966.91
4.0862,966.91
4.0892,966.91
4.0922,966.91
4.0952,966.91
4.0983,966.91
4.1013,966.91
4.1043,966.91
4.1073,966.91
4.1103,966.91
4.1134,966.91
4.1164,966.91
4.1194,966.91
4.1224,966.91
4.1254,966.91
4.1284,966.91
4.1315,966.91
4.1345,966.91
4.1375,966.91
4.1405,966.91
4.1435,966.91
4.1465,966.91
4.1495,966.91
4.1526,966.91
4.1556,966.91
4.1586,966.91
4.1616,966.91
4.1646,966.91
4.1676,966.91
4.1707,966.91
4.1737,966.91
4.1767,966.91
4.1797,966.91
4.1827,966.91
4.1857,966.91
4.1888,966.91
4.1919,966.91
4.1949,966.91
4.1979,966.91
4.2009,966.91
4.2039,966.91
4.207,966.91
4.21,966.91
4.213,966.91
4.216,966.91
4.219,966.91
4.222,966.91
4.225,966.91
4.228,966.91
4.2311,966.91
4.2341,966.91
4.2371,966.91
4.2401,966.91
4.2431,966.91
4.2461,966.91
4.2491,966.91
4.2522,966.91
4.2552,966.91
4.2582,966.91
4.2612,966.91
4.2642,966.91
4.2672,966.91
4.2702,966.91
4.2733,966.91
4.2763,966.91
4.2793,966.91
4.2823,966.91
4.2853,966.91
4.2883,966.91
4.2913,966.91
4.2943,966.91
4.2974,966.91
4.3004,966.91
4.3034,966.91
4.3064,966.91
4.3094,966.91
4.3125,966.91
4.3155,966.91
4.3185,966.91
4.3215,966.91
4.3245,966.91
4.3275,966.91
4.3305,966.91
4.3336,966.91
4.3366,966.91
4.3396,966.91
4.3426,966.91
4.3456,966.91
4.3486,966.91
4.3516,966.91
4.3546,966.91
4.3576,966.91
4.3606,966.91
4.3637,966.91
4.3667,966.91
4.3697,966.91
4.3727,966.91
4.3757,966.91
4.3787,966.91
4.3817,966.91
4.3848,966.91
4.3878,966.91
4.3908,966.91
4.3938,966.91
4.3968,966.91
4.3998,966.91
4.4028,966.91
4.4058,966.91
4.4089,966.91
4.4119,966.91
4.4149,966.91
4.4179,966.91
4.4209,966.91
4.4239,966.91
4.4269,966.91
4.43,966.91
4.433,966.91
4.4361,966.91
4.4391,966.91
4.4421,966.91
4.4451,966.91
4.4481,966.91
4.4511,966.91
4.4541,966.91
4.4572,966.91
4.4602,966.91
4.4632,966.91
4.4662,966.91
4.4692,966.91
4.4722,966.91
4.4753,966.91
4.4783,966.91
4.4813,966.91
4.4843,966.91
4.4873,966.91
4.4903,966.91
4.4933,966.91
4.4963,966.91
4.4994,966.91
4.5024,966.91
4.5054,966.91
4.5084,966.91
4.5114,966.91
4.5144,966.91
4.5175,966.91
4.5205,966.91
4.5235,966.91
4.5265,966.91
4.5295,966.91
4.5325,966.91
4.5355,966.91
4.5386,966.91
4.5416,967.18
4.5446,967.18
4.5476,967.18
4.5506,967.18
4.554,967.18
4.557,967.18
4.5601,967.18
4.5631,967.18
4.5661,967.18
4.5691,967.18
4.5722,967.18
4.5752,967.18
4.5782,967.18
4.5812,967.18
4.5842,967.18
4.5872,967.18
4.5902,967.18
4.5933,967.18
4.5963,967.18
4.5993,967.18
4.6023,967.18
4.6053,967.18
4.6083,967.18
4.6113,967.18
4.6144,967.18
4.6174,967.18
4.6204,967.18
4.6234,967.18
4.6264,967.18
4.6294,967.18
4.6324,967.18
4.6355,967.18
4.6385,967.18
4.6415,967.18
4.6445,967.18
4.6475,967.18
4.6505,967.18
4.6536,967.18
4.6566,967.18
4.6596,967.18
4.6626,967.18
4.6656,967.18
4.6686,967.18
4.6716,967.18
4.6746,967.18
4.6777,967.18
4.6807,967.18
4.6837,967.18
4.6867,967.18
4.6897,967.18
4.6927,967.18
4.6957,967.18
4.6987,967.18
4.7018,967.18
4.7048,967.18
4.7078,967.18
4.7108,967.18
4.7138,967.18
4.7168,967.18
4.7198,967.18
4.7228,967.18
4.7259,967.18
4.7289,967.18
4.7319,967.18
4.7349,967.18
4.7379,967.18
4.7409,967.18
4.7439,967.18
4.7469,967.18
4.75,967.18
4.7531,967.18
4.7561,967.18
4.7591,967.18
4.7621,967.18
4.7651,967.18
4.7682,967.18
4.7712,967.18
4.7742,967.18
4.7772,967.18
4.7802,967.18
4.7832,967.18
4.7862,967.18
4.7893,967.18
4.7923,967.18
4.7953,967.18
4.7983,967.18
4.8013,967.18
4.8043,967.18
4.8073,967.18
4.8103,967.18
4.8134,967.18
4.8164,967.18
4.8194,967.18
4.8224,967.18
4.8254,967.18
4.8284,967.18
4.8314,967.18
4.8344,967.18
4.8375,967.18
4.8405,967.18
4.8435,967.18
4.8465,967.18
4.8495,967.18
4.8525,967.18
4.8555,967.18
4.8586,967.18
4.8616,967.18
4.8646,967.18
4.8676,967.18
4.8706,967.18
4.8736,967.18
4.8766,967.18
4.8796,967.18
4.8827,967.18
4.8857,967.18
4.8887,967.18
4.8917,967.18
4.8947,967.18
4.8977,967.18
4.9007,967.18
4.9037,967.18
4.9067,967.18
4.9097,967.18
4.9128,967.18
4.9158,967.18
4.9188,967.18
4.9218,967.18
4.9248,967.18
4.9278,967.18
4.9308,967.18
4.9338,967.18
4.9369,967.18
4.9399,967.18
4.9429,967.18
4.9459,967.18
4.9489,967.18
4.9519,967.18
4.9549,967.18
4.9579,967.18
4.961,967.18
4.964,967.18
4.967,967.18
4.97,967.18
4.9732,967.18
4.9762,967.18
4.9793,967.18
4.9823,967.18
4.9853,967.18
4.9883,967.18
4.9913,967.18
4.9943,967.18
4.9973,967.18
5.0003,967.18
5.0034,967.18
5.0064,967.18
5.0094,967.18
5.0125,967.18
5.0155,967.18
5.0185,967.18
5.0216,967.18
5.0246,967.18
5.0276,967.18
5.0306,967.18
5.0336,967.18
5.0366,967.18
5.0397,967.18
5.0427,967.18
5.0457,967.18
5.0487,967.18
5.0517,967.18
5.0547,967.18
5.0577,967.18
5.0608,967.18
5.0638,967.18
5.0668,967.18
5.0698,967.18
5.0728,967.18
5.0758,967.18
5.0788,967.18
5.0818,967.18
5.0848,967.18
5.0879,967.18
5.0909,967.18
5.0939,967.18
5.0969,967.18
5.0999,967.18
5.1029,967.18
5.1059,967.18
5.1089,967.18
5.1119,967.18
5.115,967.18
5.118,967.18
5.121,967.18
5.124,967.18
5.127,967.18
5.13,967.18
5.133,967.18
5.136,967.18
5.139,967.18
5.1421,967.18
5.1451,967.18
5.1481,967.18
5.1511,967.18
5.1541,967.18
5.1571,967.18
5.1601,967.18
5.1631,967.18
5.1662,967.18
5.1692,967.18
5.1722,967.18
5.1752,967.18
5.1782,967.18
5.1812,967.18
5.1842,967.18
5.1873,967.18
5.1903,967.18
5.1934,967.18
5.1964,967.18
5.1994,967.18
5.2024,967.18
5.2054,967.18
5.2085,967.18
5.2115,967.18
5.2145,967.18
5.2175,967.18
5.2205,967.18
5.2235,967.18
5.2265,967.18
5.2295,967.18
5.2326,967.18
5.2356,967.18
5.2386,967.18
5.2416,967.18
5.2446,967.18
5.2476,967.18
5.2507,967.18
5.2537,967.18
5.2567,967.18
5.2597,967.18
5.2627,967.18
5.2657,967.18
5.2687,967.18
5.2717,967.18
5.2747,967.18
5.2778,967.18
5.2808,967.18
5.2838,967.18
5.2868,967.18
5.2898,967.18
5.2929,967.18
5.296,967.18
5.299,967.18
5.302,967.18
5.305,967.18
5.308,967.18
5.311,967.18
5.3141,967.18
5.3171,967.18
5.3201,967.18
5.3231,967.18
5.3261,967.18
5.3291,967.18
5.3321,967.18
5.3351,967.18
5.3382,967.18
5.3412,967.18
5.3442,967.18
5.3472,967.18
5.3502,967.18
5.3532,967.18
5.3562,967.18
5.3592,967.18
5.3622,967.18
5.3653,967.18
5.3683,967.18
5.3713,967.18
5.3744,967.18
5.3774,967.18
5.3804,967.18
5.3834,967.18
5.3864,967.18
5.3894,967.18
5.3924,967.18
5.3954,967.18
5.3985,967.18
5.4015,967.18
5.4045,967.18
5.4075,967.18
5.4105,967.18
5.4135,967.18
5.4165,967.18
5.4195,967.18
5.4226,967.18
5.4256,967.18
5.4286,967.18
5.4317,967.18
5.4347,967.18
5.4377,967.18
5.4407,967.18
5.4437,967.18
5.4468,967.18
5.4498,967.18
5.4528,967.18
5.4558,967.18
5.4588,967.18
5.4618,967.18
5.4648,967.18
5.4678,967.18
5.4709,967.18
5.4739,967.18
5.4769,967.18
5.4799,967.18
5.4829,967.18
5.4859,967.18
5.4889,967.18
5.492,967.18
5.495,967.18
5.498,967.18
5.501,967.18
5.504,967.18
5.5071,967.18
5.5101,967.18
5.5131,967.18
5.5161,967.18
5.5191,967.18
5.5221,967.18
5.5251,967.18
5.5281,967.18
5.5312,967.18
5.5342,967.18
5.5372,967.18
5.5402,967.18
5.5432,967.18
5.5462,967.18
5.5492,967.18
5.5523,967.18
5.5553,967.18
5.5583,967.18
5.5613,967.18
5.5643,967.18
5.5673,967.18
5.5703,967.18
5.5734,967.18
5.5764,967.18
5.5794,967.18
5.5824,967.18
5.5854,967.18
5.5884,967.18
5.5914,967.18
5.5945,967.18
5.5975,967.18
5.6005,967.18
5.6035,967.18
5.6065,967.18
5.6095,967.18
5.6125,967.18
5.6155,967.18
5.6185,967.18
5.6216,967.18
5.6246,967.18
5.6276,967.18
5.6306,967.18
5.6336,967.18
5.6366,967.18
5.6397,967.18
5.6427,967.18
5.6457,967.18
5.6487,967.18
5.6517,967.18
5.6547,967.18
5.6577,967.18
5.6607,967.18
5.6638,967.18
5.6668,967.18
5.6698,967.18
5.6728,967.18
5.6758,967.18
5.6788,967.18
5.6818,967.18
5.6848,967.18
5.6879,967.18
5.6909,967.18
5.6939,967.18
5.6969,967.18
5.6999,967.18
5.7029,967.18
5.7059,967.18
5.7089,967.18
5.712,967.18
5.715,967.18
5.718,967.18
5.721,967.18
5.724,967.18
5.7271,967.18
5.7301,967.18
5.7331,967.18
5.7361,967.18
5.7391,967.18
5.7421,967.18
5.7451,967.18
5.7482,967.18
5.7512,967.18
5.7542,967.18
5.7572,967.18
5.7603,967.18
5.7633,967.18
5.7663,967.18
5.7693,967.18
5.7723,967.18
5.7753,967.18
5.7784,967.18
5.7814,967.18
5.7844,967.18
5.7874,967.18
5.7904,967.18
5.7934,967.18
5.7964,967.18
5.7994,967.18
5.8024,967.34
5.8055,967.34
5.8085,967.34
5.8115,967.34
5.8145,967.34
5.8175,967.34
5.8205,967.34
5.8235,967.34
5.8265,967.34
5.8296,967.34
5.8326,967.34
5.8356,967.34
5.8386,967.34
5.8416,967.34
5.8446,967.34
5.8476,967.34
5.8507,967.34
5.8537,967.34
5.8567,967.34
5.8597,967.34
5.8627,967.34
5.8657,967.34
5.8687,967.34
5.8718,967.34
5.8748,967.34
5.8778,967.34
5.8808,967.34
5.8838,967.34
5.8868,967.34
5.8898,967.34
5.8928,967.34
5.8959,967.34
5.8989,967.34
5.9019,967.34
5.9049,967.34
5.9079,967.34
5.9109,967.34
5.9139,967.34
5.9169,967.34
5.92,967.34
5.923,967.34
5.926,967.34
5.929,967.34
5.932,967.34
5.935,967.34
5.938,967.34
5.941,967.34
5.9441,967.34
5.9471,967.34
5.9501,967.34
5.9531,967.34
5.9561,967.34
5.9591,967.34
5.9621,967.34
5.9651,967.34
5.9682,967.34
5.9712,967.34
5.9748,967.34
5.9778,967.34
5.9808,967.34
5.9838,967.34
5.9869,967.34
5.9899,967.34
5.9929,967.34
5.9959,967.34
5.9989,967.34
6.0019,967.34
6.0049,967.34
6.008,967.34
6.0113,967.34
6.0144,967.34
6.0176,967.34
6.0206,967.34
6.0236,967.34
6.0266,967.34
6.0296,967.34
6.0326,967.34
6.0356,967.34
6.0387,967.34
6.0417,967.34
6.0447,967.34
6.0477,967.34
6.0507,967.34
6.0537,967.34
6.0568,967.34
6.0598,967.34
6.0628,967.34
6.0658,967.34
6.0688,967.34
6.0718,967.34
6.0749,967.34
6.0779,967.34
6.0809,967.34
6.0839,967.34
6.0869,967.34
6.0899,967.34
6.0929,967.34
6.096,967.34
6.099,967.34
6.102,967.34
6.105,967.34
6.108,967.34
6.111,967.34
6.114,967.34
6.1171,967.34
6.1201,967.34
6.1231,967.34
6.1261,967.34
6.1291,967.34
6.1321,967.34
6.1351,967.34
6.1381,967.34
6.1412,967.34
6.1442,967.34
6.1472,967.34
6.1502,967.34
6.1532,967.34
6.1562,967.34
6.1592,967.34
6.1622,967.34
6.1653,967.34
6.1683,967.34
6.1713,967.34
6.1743,967.34
6.1773,967.34
6.1803,967.34
6.1833,967.34
6.1863,967.34
6.1894,967.34
6.1925,967.34
6.1955,967.34
6.1985,967.34
6.2015,967.34
6.2045,967.34
6.2075,967.34
6.2106,967.34
6.2136,967.34
6.2166,967.34
6.2196,967.34
6.2226,967.34
6.2256,967.34
6.2287,967.34
6.2317,967.34
6.2347,967.34
6.2377,967.34
6.2407,967.34
6.2437,967.34
6.2467,967.34
6.2497,967.34
6.2528,967.34
6.2558,967.34
6.2588,967.34
6.2618,967.34
6.2648,967.34
6.2678,967.34
6.2708,967.34
6.2738,967.34
6.2769,967.34
6.2799,967.34
6.2829,967.34
6.2859,967.34
6.2889,967.34
6.2919,967.34
6.2949,967.34
6.2979,967.34
6.301,967.34
6.304,967.34
6.307,967.34
6.31,967.34
6.313,967.34
6.3161,967.34
6.3191,967.37
6.3221,967.37
6.3251,967.37
6.3281,967.37
6.3311,967.37
6.3341,967.37
6.3371,967.37
6.3402,967.37
6.3432,967.37
6.3462,967.34
6.3492,967.34
6.3522,967.34
6.3552,967.34
6.3582,967.34
6.3612,967.34
6.3643,967.34
6.3673,967.34
6.3703,967.34
6.3733,967.34
6.3763,967.34
6.3793,967.34
6.3823,967.34
6.3853,967.34
6.3883,967.34
6.3914,967.34
6.3944,967.34
6.3974,967.34
6.4004,967.34
6.4034,967.34
6.4064,967.34
6.4094,967.34
6.4124,967.34
6.4154,967.34
6.4185,967.34
6.4215,967.34
6.4245,967.34
6.4275,967.34
6.4306,967.34
6.4336,967.34
6.4366,967.34
6.4397,967.34
6.4427,967.34
6.4457,967.34
6.4487,967.34
6.4517,967.34
6.4547,967.34
6.4577,967.34
6.4608,967.34
6.4638,967.34
6.4668,967.34
6.4698,967.34
6.4728,967.34
6.4758,967.34
6.4788,967.34
6.4819,967.34
6.4849,967.34
6.4879,967.34
6.4909,967.34
6.4939,967.34
6.4969,967.34
6.4999,967.34
6.5029,967.34
6.506,967.34
6.509,967.34
6.512,967.34
6.515,967.34
6.518,967.34
6.521,967.34
6.524,967.34
6.5271,967.34
6.5301,967.62
6.5331,967.62
6.5361,967.62
6.5391,967.62
6.5422,967.62
6.5452,967.62
6.5482,967.62
6.5513,967.62
6.5543,967.62
6.5573,967.62
6.5603,967.62
6.5634,967.62
6.5664,967.62
6.5694,967.62
6.5724,967.62
6.5754,967.62
6.5784,967.62
6.5814,967.62
6.5844,967.62
6.5875,967.62
6.5905,967.62
6.5935,967.62
6.5965,967.62
6.5995,967.62
6.6025,967.62
6.6055,967.62
6.6086,967.62
6.6116,967.62
6.6146,967.62
6.6176,967.62
6.6206,967.62
6.6236,967.62
6.6266,967.62
6.6297,967.62
6.6327,967.62
6.6357,967.62
6.6387,967.62
6.6417,967.62
6.6447,967.62
6.6477,967.62
6.6507,967.62
6.6538,967.62
6.6568,967.62
6.6598,967.62
6.6628,967.62
6.6658,967.62
6.6688,967.62
6.6718,967.62
6.6748,967.62
6.6779,967.62
6.6809,967.62
6.6839,967.62
6.687,967.62
6.69,967.62
6.693,967.62
6.696,967.62
6.6991,967.62
6.7021,967.62
6.7051,967.62
6.7081,967.62
6.7111,967.62
6.7141,967.62
6.7171,967.62
6.7202,967.62
6.7232,967.62
6.7262,967.62
6.7292,967.62
6.7322,967.62
6.7352,967.62
6.7382,967.62
6.7412,967.62
6.7442,967.62
6.7473,967.62
6.7503,967.62
6.7535,967.62
6.7565,967.62
6.7595,967.62
6.7625,967.62
6.7655,967.62
6.7685,967.62
6.7716,967.62
6.7746,967.62
6.7776,967.62
6.7806,967.62
6.7836,967.62
6.7866,967.62
6.7896,967.62
6.7927,967.62
6.7957,967.62
6.7987,967.62
6.8017,967.62
6.8047,967.62
6.8077,967.62
6.8107,967.62
6.8138,967.62
6.8168,967.62
6.8198,967.62
6.8228,967.62
6.8258,967.62
6.8288,967.62
6.8318,967.62
6.8348,967.62
6.8378,967.62
6.8409,967.62
6.8439,967.62
6.8469,967.62
6.8499,967.62
6.8529,967.62
6.8559,967.62
6.8589,967.62
6.8619,967.62
6.865,967.62
6.868,967.62
6.871,967.62
6.874,967.62
6.877,967.62
6.88,967.62
6.883,967.62
6.886,967.62
6.889,967.62
6.892,967.62
6.8951,967.62
6.8981,967.62
6.9011,967.62
6.9041,967.62
6.9071,967.62
6.9101,967.62
6.9131,967.62
6.9161,967.62
6.9192,967.62
6.9222,967.62
6.9252,967.62
6.9282,967.62
6.9312,967.62
6.9342,967.62
6.9372,967.62
6.9403,967.62
6.9433,967.62
6.9463,967.62
6.9493,967.62
6.9523,967.62
6.9553,967.62
6.9583,967.62
6.9613,967.62
6.9644,967.62
6.9674,967.62
6.9704,967.62
6.9737,967.62
6.9768,967.62
6.9798,967.62
6.9828,967.62
6.9858,967.62
6.9888,967.62
6.9918,967.62
6.9949,967.62
6.9979,967.62
7.0009,967.62
7.0039,967.62
7.0069,967.62
7.0099,967.62
7.0133,967.62
7.0165,967.62
7.0195,967.62
7.0225,967.62
7.0255,967.62
7.0285,967.62
7.0315,967.62
7.0346,967.62
7.0376,967.62
7.0406,967.62
7.0436,967.62
7.0466,967.62
7.0496,967.62
7.0526,967.62
7.0556,967.62
7.0587,967.62
7.0617,967.62
7.0648,967.62
7.0678,967.62
7.0708,967.62
7.0738,968.62
7.0769,968.62
7.0799,968.62
7.0829,968.62
7.0859,968.62
7.0889,968.62
7.0919,968.62
7.0949,968.62
7.098,968.62
7.101,968.62
7.104,968.62
7.107,968.62
7.11,968.62
7.113,968.62
7.116,968.62
7.1191,968.62
7.1221,968.62
7.1251,968.62
7.1281,968.62
7.1311,968.62
7.1341,968.62
7.1371,968.62
7.1402,968.62
7.1432,968.62
7.1462,968.62
7.1492,968.62
7.1522,968.62
7.1552,968.62
7.1582,968.62
7.1613,968.62
7.1643,968.62
7.1673,968.62
7.1703,968.62
7.1733,968.62
7.1763,968.62
7.1793,968.62
7.1824,968.62
7.1854,968.62
7.1884,968.62
7.1915,968.62
7.1945,968.62
7.1975,968.62
7.2005,968.62
7.2036,968.62
7.2066,968.62
7.2096,968.62
7.2126,968.62
7.2156,968.62
7.2186,968.62
7.2216,968.62
7.2246,968.62
7.2277,968.62
7.2307,968.62
7.2337,968.62
7.2367,968.62
7.2397,968.62
7.2427,968.62
7.2457,968.62
7.2487,968.62
7.2518,968.62
7.2548,968.62
7.2578,968.62
7.2608,968.62
7.2638,968.62
7.2668,968.62
7.2698,968.62
7.2728,968.62
7.2759,968.62
7.2789,968.62
7.2819,968.62
7.2849,968.62
7.2879,968.62
7.2909,968.62
7.2939,968.62
7.297,968.62
7.3,968.62
7.303,968.62
7.306,968.62
7.309,968.62
7.312,968.62
7.315,968.62
7.3181,968.62
7.3211,968.62
7.3241,968.62
7.3271,968.62
7.3301,968.62
7.3331,968.62
7.3361,968.62
7.3391,968.62
7.3422,968.62
7.3452,968.62
7.3482,968.62
7.3512,968.62
7.3542,968.62
7.3572,968.62
7.3602,968.62
7.3633,968.62
7.3663,968.62
7.3693,968.62
7.3723,968.62
7.3753,968.62
7.3783,968.62
7.3813,968.62
7.3843,968.62
7.3874,968.62
7.3904,968.62
7.3934,968.62
7.3964,968.62
7.3994,968.62
7.4024,968.62
7.4054,968.62
7.4084,968.62
7.4114,968.62
7.4145,968.62
7.4175,968.62
7.4205,968.62
7.4235,968.62
7.4265,968.62
7.4295,968.62
7.4326,968.62
7.4356,968.62
7.4386,968.62
7.4417,968.62
7.4447,968.62
7.4477,968.62
7.4507,968.62
7.4537,968.62
7.4567,968.62
7.4597,968.62
7.4627,968.62
7.4658,968.62
7.4688,968.62
7.4718,968.62
7.4748,968.62
7.4778,968.62
7.4808,968.62
7.4838,968.62
7.4868,968.62
7.4899,968.62
7.4929,968.62
7.4959,968.62
7.4989,968.62
7.5019,968.62
7.5049,968.62
7.508,968.62
7.511,968.62
7.514,968.62
7.517,968.62
7.52,968.62
7.523,968.62
7.526,968.62
7.5291,968.62
7.5321,968.62
7.5351,968.62
7.5381,968.62
7.5411,968.62
7.5441,968.62
7.5471,968.62
7.5501,968.62
7.5532,968.62
7.5562,968.62
7.5592,968.62
7.5622,968.62
7.5652,968.62
7.5683,968.62
7.5713,968.62
7.5743,968.62
7.5773,968.62
7.5803,968.62
7.5833,968.62
7.5863,968.62
7.5893,968.62
7.5923,968.62
7.5954,968.62
7.5984,968.62
7.6014,968.62
7.6044,968.62
7.6074,968.62
7.6104,968.62
7.6134,968.62
7.6164,968.62
7.6194,968.62
7.6224,968.62
7.6255,968.62
7.6285,968.62
7.6315,968.62
7.6345,968.62
7.6375,968.62
7.6405,968.62
7.6435,968.62
7.6466,968.62
7.6496,968.62
7.6526,968.62
7.6556,968.62
7.6586,968.62
7.6616,968.62
7.6646,968.62
7.6677,968.62
7.6707,968.62
7.6737,968.62
7.6767,968.62
7.6797,968.62
7.6827,968.62
7.6857,968.62
7.6887,968.62
7.6917,968.62
7.6948,968.62
7.6978,968.62
7.7008,968.62
7.7038,968.62
7.7068,968.62
7.7098,968.62
7.7128,968.62
7.7158,968.62
7.7189,968.62
7.7219,968.62
7.7249,968.62
7.7279,968.62
7.7309,968.62
7.7339,968.62
7.7369,968.62
7.74,968.62
7.743,968.62
7.746,968.62
7.749,968.62
7.7521,968.62
7.7551,968.62
7.7581,968.62
7.7612,968.62
7.7642,968.62
7.7672,968.62
7.7702,968.62
7.7732,968.62
7.7762,968.62
7.7792,968.62
7.7822,968.62
7.7853,968.62
7.7883,968.62
7.7913,968.62
7.7943,968.62
7.7973,968.62
7.8003,968.62
7.8033,968.62
7.8063,968.62
7.8094,968.62
7.8124,968.62
7.8154,968.62
7.8184,968.62
7.8214,968.62
7.8244,968.62
7.8274,968.62
7.8304,968.62
7.8335,968.62
7.8365,968.62
7.8395,968.62
7.8425,968.62
7.8455,968.62
7.8485,968.62
7.8515,968.62
7.8545,968.62
7.8575,968.62
7.8605,968.62
7.8636,968.62
7.8666,968.62
7.8696,968.62
7.8726,968.62
7.8756,968.62
7.8786,968.62
7.8816,968.62
7.8846,968.62
7.8877,968.62
7.8907,968.62
7.8937,968.62
7.8967,968.62
7.8997,968.62
7.9028,968.62
7.9058,968.62
7.9088,968.62
7.9118,968.62
7.9148,968.62
7.9178,968.62
7.9208,968.62
7.9238,968.62
7.9269,968.62
7.9299,968.62
7.9329,968.62
7.9359,968.62
7.9389,968.62
7.9419,968.62
7.9449,968.62
7.9479,968.62
7.9509,968.62
7.9539,968.62
7.957,968.62
7.96,968.62
7.963,968.62
7.966,968.62
7.969,968.62
7.9722,968.62
7.9754,968.62
7.9784,968.62
7.9814,968.62
7.9844,968.62
7.9875,968.62
7.9905,968.62
7.9935,968.62
7.9965,968.62
7.9995,968.62
8.0025,968.62
8.0055,968.62
8.0085,968.62
8.0117,968.62
8.0147,968.62
8.0177,968.62
8.0207,968.62
8.0237,968.62
8.0267,968.62
8.0297,968.62
8.0327,968.62
8.0358,968.62
8.0388,968.62
8.0418,968.62
8.0448,968.62
8.0478,968.62
8.0508,968.62
8.0539,968.62
8.0569,968.62
8.0599,968.62
8.0629,968.62
8.0659,968.62
8.0689,968.62
8.0719,968.62
8.0749,968.62
8.0779,968.62
8.0809,968.62
8.0839,968.62
8.087,968.62
8.09,968.62
8.093,968.62
8.096,968.62
8.099,968.62
8.102,968.62
8.105,968.62
8.108,968.62
8.111,968.62
8.1141,968.62
8.1171,968.62
8.1201,968.62
8.1231,968.62
8.1261,968.62
8.1291,968.62
8.1321,968.62
8.1351,968.62
8.1382,968.62
8.1412,968.62
8.1442,968.62
8.1472,968.62
8.1502,968.62
8.1532,968.62
8.1563,968.62
8.1593,968.62
8.1623,968.62
8.1653,968.62
8.1683,968.62
8.1713,968.62
8.1743,968.62
8.1773,968.62
8.1803,968.62
8.1833,968.62
8.1864,968.62
8.1894,968.62
8.1925,968.62
8.1955,968.62
8.1985,968.62
8.2015,968.62
8.2045,968.62
8.2076,968.62
8.2106,968.62
8.2136,968.62
8.2166,968.62
8.2196,968.62
8.2226,968.62
8.2256,968.62
8.2287,968.62
8.2317,968.62
8.2347,968.62
8.2377,968.62
8.2407,968.62
8.2437,968.62
8.2467,968.62
8.2497,968.62
8.2527,968.62
8.2558,968.62
8.2588,968.62
8.2618,968.62
8.2648,968.62
8.2678,968.62
8.2708,968.62
8.2738,968.62
8.2768,968.62
8.2798,968.62
8.2829,968.62
8.2859,968.62
8.2889,968.62
8.2919,968.62
8.2949,968.62
8.2979,968.62
8.3009,968.62
8.3039,968.62
8.3069,968.62
8.31,968.62
8.313,968.62
8.316,968.62
8.319,968.62
8.322,968.62
8.325,968.62
8.328,968.62
8.331,968.62
8.3341,968.62
8.3371,968.62
8.3401,968.62
8.3431,968.62
8.3461,968.62
8.3491,968.62
8.3521,968.62
8.3552,968.62
8.3582,968.62
8.3612,968.62
8.3642,968.62
8.3672,968.62
8.3702,968.62
8.3732,968.62
8.3763,968.62
8.3793,968.62
8.3823,968.62
8.3853,968.62
8.3883,968.62
8.3913,968.62
8.3943,968.62
8.3973,968.62
8.4004,968.62
8.4034,968.62
8.4064,968.62
8.4094,968.62
8.4124,968.62
8.4154,968.62
8.4184,968.62
8.4214,968.62
8.4245,968.62
8.4275,968.62
8.4305,968.62
8.4336,968.62
8.4366,968.62
8.4396,968.62
8.4426,968.62
8.4456,968.62
8.4487,968.62
8.4517,968.62
8.4547,968.62
8.4577,968.62
8.4607,968.62
8.4637,968.62
8.4667,968.62
8.4697,968.62
8.4728,968.62
8.4758,968.62
8.4788,968.62
8.4818,968.62
8.4848,968.62
8.4878,968.62
8.4908,968.62
8.4939,968.62
8.4969,968.62
8.4999,968.62
8.5029,968.62
8.5059,968.62
8.5089,968.62
8.5119,968.62
8.5149,968.62
8.518,968.62
8.521,968.62
8.524,968.62
8.527,968.62
8.53,968.62
8.533,968.62
8.536,968.62
8.5391,968.62
8.5421,968.62
8.5451,968.62
8.5481,968.62
8.5511,968.62
8.5541,968.62
8.5571,968.62
8.5601,968.62
8.5631,968.62
8.5662,968.62
8.5692,968.62
8.5722,968.62
8.5752,968.62
8.5782,968.62
8.5812,968.62
8.5842,968.62
8.5873,968.62
8.5903,968.62
8.5933,968.62
8.5963,968.62
8.5993,968.62
8.6023,968.62
8.6053,968.62
8.6083,968.62
8.6113,968.62
8.6143,968.62
8.6174,968.62
8.6204,968.62
8.6234,968.62
8.6264,968.62
8.6294,968.62
8.6324,968.62
8.6354,968.62
8.6384,968.62
8.6414,968.62
8.6445,968.62
8.6475,968.62
8.6505,968.62
8.6535,968.62
8.6565,968.62
8.6595,968.62
8.6625,968.62
8.6655,968.62
8.6685,968.62
8.6716,968.62
8.6746,968.62
8.6776,968.62
8.6806,968.62
8.6836,968.62
8.6866,968.62
8.6896,968.62
8.6926,968.62
8.6956,968.62
8.6987,968.62
8.7017,968.62
8.7047,968.62
8.7077,968.62
8.7107,968.62
8.7137,968.62
8.7167,968.62
8.7197,968.62
8.7227,968.62
8.7257,968.62
8.7287,968.62
8.7318,968.62
8.7348,968.62
8.7378,968.62
8.7408,968.62
8.7438,968.62
8.7468,968.62
8.7498,968.62
8.7531,968.62
8.7561,968.62
8.7591,968.62
8.7621,968.62
8.7651,968.62
8.7682,968.62
8.7712,968.62
8.7742,968.62
8.7772,968.62
8.7802,968.62
8.7832,968.62
8.7862,968.62
8.7892,968.62
8.7923,968.62
8.7953,968.62
8.7983,968.62
8.8013,968.62
8.8043,968.62
8.8073,968.62
8.8103,968.62
8.8133,968.62
8.8163,968.62
8.8194,968.62
8.8224,968.62
8.8254,968.62
8.8284,968.62
8.8314,968.62
8.8344,968.62
8.8374,968.62
8.8404,968.62
8.8435,968.62
8.8465,968.62
8.8495,968.62
8.8525,968.62
8.8555,968.62
8.8585,968.62
8.8615,968.62
8.8645,968.62
8.8675,968.62
8.8705,968.62
8.8736,968.62
8.8766,968.62
8.8796,968.62
8.8826,968.62
8.8856,968.62
8.8886,968.62
8.8916,968.62
8.8946,968.62
8.8976,968.62
8.9007,968.62
8.9037,968.62
8.9067,968.62
8.9097,968.62
8.9127,968.62
8.9157,968.62
8.9187,968.62
8.9217,968.62
8.9247,968.62
8.9277,968.62
8.9308,968.62
8.9338,968.62
8.9368,968.62
8.9398,968.62
8.9428,968.62
8.9458,968.62
8.9488,968.62
8.9518,968.62
8.9548,968.62
8.9578,968.62
8.9608,968.62
8.9639,968.62
8.9669,968.62
8.9699,968.62
8.9733,968.62
8.9763,968.62
8.9793,968.62
8.9824,968.62
8.9854,968.62
8.9884,968.62
8.9914,968.62
8.9944,968.62
8.9974,968.62
9.0004,968.62
9.0034,968.62
9.0065,968.62
9.0095,968.62
9.0128,968.62
9.016,968.62
9.019,968.62
9.0221,968.62
9.0251,968.62
9.0281,968.62
9.0311,968.62
9.0341,968.62
9.0371,968.62
9.0402,968.62
9.0432,968.62
9.0462,968.62
9.0492,968.62
9.0522,968.62
9.0552,968.62
9.0583,968.62
9.0613,968.62
9.0643,968.62
9.0673,968.62
9.0703,968.62
9.0733,968.62
9.0763,968.62
9.0794,968.62
9.0824,968.62
9.0854,968.62
9.0884,968.62
9.0914,968.62
9.0944,968.62
9.0974,968.62
9.1004,968.62
9.1034,968.62
9.1065,968.62
9.1095,968.62
9.1125,968.62
9.1155,968.62
9.1185,968.62
9.1215,968.62
9.1245,968.62
9.1275,968.62
9.1305,968.62
9.1335,968.62
9.1366,968.62
9.1396,968.62
9.1426,968.62
9.1456,968.62
9.1486,968.62
9.1516,968.62
9.1546,968.62
9.1577,968.62
9.1607,968.62
9.1637,968.62
9.1667,968.62
9.1697,968.62
9.1727,968.62
9.1757,968.62
9.1788,968.62
9.1818,968.62
9.1848,968.62
9.1878,968.62
9.1909,968.62
9.1939,968.62
9.1969,968.62
9.1999,968.62
9.2029,968.62
9.206,968.62
9.209,968.62
9.212,968.62
9.215,968.62
9.218,968.62
9.221,968.62
9.224,968.62
9.2271,968.62
9.2301,968.62
9.2331,968.62
9.2361,968.62
9.2391,968.62
9.2421,968.62
9.2451,968.62
9.2481,968.62
9.2511,968.62
9.2542,968.62
9.2572,968.62
9.2602,968.62
9.2632,968.62
9.2662,968.62
9.2692,968.62
9.2722,968.62
9.2753,968.62
9.2783,968.62
9.2813,968.62
9.2843,968.62
9.2873,968.62
9.2903,968.62
9.2933,968.62
9.2963,968.62
9.2994,968.62
9.3024,968.62
9.3054,968.62
9.3084,968.62
9.3114,968.62
9.3144,968.62
9.3174,968.62
9.3204,968.62
9.3234,968.62
9.3265,968.62
9.3295,968.62
9.3325,968.62
9.3355,968.62
9.3385,968.62
9.3415,968.62
9.3445,968.62
9.3476,968.62
9.3506,968.62
9.3536,968.62
9.3566,968.62
9.3596,968.62
9.3626,968.62
9.3656,968.62
9.3686,968.62
9.3716,968.62
9.3747,968.62
9.3777,968.62
9.3807,968.62
9.3837,968.62
9.3867,968.62
9.3897,968.62
9.3928,968.62
9.3958,968.62
9.3988,968.62
9.4018,968.62
9.4048,968.62
9.4078,968.62
9.4108,968.62
9.4138,968.62
9.4169,968.62
9.4199,968.62
9.4229,968.62
9.4259,968.62
9.4289,968.62
9.432,968.62
9.435,968.62
9.438,968.62
9.441,968.62
9.4441,968.62
9.4471,968.62
9.4501,968.62
9.4531,968.62
9.4561,968.62
9.4591,968.62
9.4621,968.62
9.4651,968.62
9.4682,968.62
9.4712,968.62
9.4742,968.62
9.4772,968.62
9.4802,968.62
9.4833,968.62
9.4863,968.62
9.4893,968.62
9.4923,968.62
9.4953,968.62
9.4983,968.62
9.5013,968.62
9.5043,968.62
9.5074,968.62
9.5104,968.62
9.5134,968.62
9.5164,968.62
9.5194,968.62
9.5224,968.62
9.5254,968.62
9.5284,968.62
9.5314,968.62
9.5345,968.62
9.5375,968.62
9.5405,968.62
9.5435,968.62
9.5465,968.62
9.5495,968.62
9.5526,968.62
9.5556,968.62
9.5586,968.62
9.5617,968.62
9.5647,968.62
9.5677,968.62
9.5707,968.62
9.5737,968.62
9.5767,968.62
9.5797,968.62
9.5827,968.62
9.5857,968.62
9.5888,968.62
9.5918,968.62
9.5948,968.62
9.5978,968.62
9.6008,968.62
9.6038,968.62
9.6068,968.62
9.6098,968.62
9.6128,968.62
9.6158,968.62
9.6189,968.62
9.6219,968.62
9.6249,968.62
9.6279,968.62
9.6309,968.62
9.6339,968.62
9.6369,968.62
9.6399,968.62
9.643,968.62
9.646,968.62
9.649,968.62
9.652,968.62
9.655,968.62
9.658,968.62
9.661,968.62
9.664,968.62
9.6671,968.62
9.6701,968.62
9.6731,968.62
9.6761,968.62
9.6791,968.62
9.6821,968.62
9.6851,968.62
9.6881,968.62
9.6911,968.62
9.6942,968.62
9.6972,968.62
9.7002,968.62
9.7032,968.62
9.7062,968.62
9.7092,968.62
9.7122,968.62
9.7152,968.62
9.7182,968.62
9.7213,968.62
9.7243,968.62
9.7273,968.62
9.7303,968.62
9.7333,968.62
9.7363,968.62
9.7393,968.62
9.7423,968.62
9.7454,968.62
9.7484,968.62
9.7515,968.62
9.7545,968.62
9.7575,968.62
9.7605,968.62
9.7636,968.62
9.7666,968.62
9.7696,968.62
9.7726,968.62
9.7756,968.62
9.7786,968.62
9.7816,968.62
9.7846,968.62
9.7876,968.62
9.7907,968.62
9.7937,968.62
9.7967,968.62
9.7997,968.62
9.8027,968.62
9.8057,968.62
9.8087,968.62
9.8117,968.62
9.8148,968.62
9.8178,968.62
9.8208,968.62
9.8238,968.62
9.8268,968.62
9.8298,968.62
9.8328,968.62
9.8358,968.62
9.8389,968.62
9.8419,968.62
9.8449,968.62
9.8479,968.62
9.8509,968.62
9.8539,968.62
9.8569,968.62
9.86,968.62
9.863,968.62
9.866,968.62
9.869,968.62
9.872,968.62
9.875,968.62
9.878,968.62
9.881,968.62
9.884,968.62
9.8871,968.62
9.8901,968.62
9.8931,968.62
9.8961,968.62
9.8991,968.62
9.9021,968.62
9.9051,968.62
9.9082,968.62
9.9112,968.62
9.9142,968.62
9.9172,968.62
9.9202,968.62
9.9232,968.62
9.9262,968.62
9.9292,968.62
9.9323,968.62
9.9353,968.62
9.9383,968.62
9.9413,968.62
9.9443,968.62
9.9473,968.62
9.9504,968.62
9.9534,968.62
9.9564,968.62
9.9594,968.62
9.9624,968.62
9.9654,968.62
9.9684,968.62
9.9714,968.62
9.9749,968.62
9.9779,968.62
9.9809,968.62
9.9839,968.62
9.987,968.62
9.99,968.62
9.993,968.62
9.996,968.62
9.999,968.62
10.002,968.62
10.005,968.62
10.008,968.62
10.0114,968.62
10.0144,968.62
10.0175,968.62
10.0205,968.62
10.0235,968.62
10.0266,968.62
10.0296,968.62
10.0326,968.62
10.0356,968.62
10.0386,968.62
10.0416,968.62
10.0446,968.62
10.0477,968.62
10.0507,968.62
10.0537,968.62
10.0567,968.62
10.0597,968.62
10.0627,968.62
10.0657,968.62
10.0688,968.62
10.0718,968.62
10.0748,968.62
10.0778,968.62
10.0808,968.62
10.0839,968.62
10.0869,968.62
10.0899,968.62
10.0929,968.62
10.0959,968.62
10.0989,968.62
10.102,968.62
10.105,968.62
10.108,968.62
10.111,968.62
10.114,968.62
10.117,968.62
10.12,968.62
10.1231,968.62
10.1261,968.62
10.1291,968.62
10.1321,968.62
10.1351,968.62
10.1381,968.62
10.1411,968.62
10.1441,968.62
10.1471,968.62
10.1502,968.62
10.1532,968.62
10.1562,968.62
10.1592,968.62
10.1622,968.62
10.1652,968.62
10.1682,968.62
10.1712,968.62
10.1743,968.62
10.1773,968.62
10.1803,968.62
10.1833,968.62
10.1863,968.62
10.1894,968.62
10.1924,968.62
10.1955,968.62
10.1985,968.62
10.2015,968.62
10.2045,968.62
10.2075,968.62
10.2105,968.62
10.2135,968.62
10.2166,968.62
10.2196,968.62
10.2226,968.62
10.2256,968.62
10.2286,968.62
10.2316,968.62
10.2346,968.62
10.2376,968.62
10.2407,968.62
10.2437,968.62
10.2467,968.62
10.2497,968.62
10.2527,968.62
10.2557,968.62
10.2587,968.62
10.2618,968.62
10.2648,968.62
10.2678,968.62
10.2708,968.62
10.2738,968.62
10.2768,968.62
10.2798,968.62
10.2829,968.62
10.2859,968.62
10.2889,968.62
10.2919,968.62
10.2949,968.62
10.2979,968.62
10.3009,968.62
10.3039,968.62
10.307,968.62
10.31,968.62
10.313,968.62
10.316,968.62
10.319,968.62
10.322,968.62
10.325,968.62
10.328,968.62
10.3311,968.62
10.3341,968.62
10.3371,968.62
10.3401,968.62
10.3431,968.62
10.3461,968.62
10.3491,968.62
10.3521,968.62
10.3552,968.62
10.3582,968.62
10.3612,968.62
10.3642,968.62
10.3672,968.62
10.3702,968.62
10.3732,968.62
10.3762,968.62
10.3793,968.62
10.3823,968.62
10.3853,968.62
10.3883,968.62
10.3913,968.62
10.3943,968.62
10.3973,968.62
10.4003,968.62
10.4034,968.62
10.4064,968.62
10.4094,968.62
10.4124,968.62
10.4154,968.62
10.4184,968.62
10.4214,968.62
10.4245,968.62
10.4275,968.62
10.4305,968.62
10.4336,968.62
10.4366,968.62
10.4396,968.62
10.4426,968.62
10.4456,968.62
10.4486,968.62
10.4516,968.62
10.4546,968.62
10.4577,968.62
10.4607,968.62
10.4637,968.62
10.4667,968.62
10.4697,968.62
10.4727,968.62
10.4758,968.62
10.4788,968.62
10.4818,968.62
10.4848,968.62
10.4878,968.62
10.4908,968.62
10.4938,968.62
10.4968,968.62
10.4999,968.62
10.5029,968.62
10.5059,968.62
10.5089,968.62
10.5119,968.62
10.5149,968.62
10.5179,968.62
10.5209,968.62
10.5239,968.62
10.527,968.62
10.53,968.62
10.533,968.62
10.536,968.62
10.539,968.62
10.542,968.62
10.545,968.62
10.548,968.62
10.5511,968.62
10.5542,968.62
10.5572,968.62
10.5602,968.62
10.5632,968.62
10.5662,968.62
10.5692,968.62
10.5722,968.62
10.5752,968.62
10.5783,968.62
10.5813,968.62
10.5843,968.62
10.5873,968.62
10.5903,968.62
10.5933,968.62
10.5964,968.62
10.5994,968.62
10.6024,968.62
10.6054,968.62
10.6084,968.62
10.6114,968.62
10.6145,968.62
10.6175,968.62
10.6205,968.62
10.6235,968.62
10.6265,968.62
10.6295,968.62
10.6326,968.62
10.6356,968.62
10.6386,968.62
10.6416,968.62
10.6446,968.62
10.6476,968.62
10.6506,968.62
10.6536,968.62
10.6567,968.62
10.6597,968.62
10.6627,968.62
10.6657,968.62
10.6687,968.62
10.6717,968.62
10.6747,968.62
10.6777,968.62
10.6808,968.62
10.6838,968.62
10.6868,968.62
10.6898,968.62
10.6928,968.62
10.6958,968.62
10.6988,968.62
10.7019,968.62
10.7049,968.62
10.7079,968.62
10.7109,968.62
10.7139,968.62
10.7169,968.62
10.7199,968.62
10.7229,968.62
10.726,968.62
10.729,968.62
10.732,968.62
10.735,968.62
10.738,968.62
10.741,968.62
10.744,968.62
10.747,968.62
10.7501,968.62
10.7532,968.62
10.7562,968.62
10.7592,968.62
10.7622,968.62
10.7653,968.62
10.7683,968.62
10.7713,968.62
10.7743,968.62
10.7773,968.62
10.7803,968.62
10.7833,968.62
10.7864,968.62
10.7894,968.62
10.7924,968.62
10.7954,968.62
10.7984,968.62
10.8014,968.62
10.8044,968.62
10.8075,968.62
10.8105,968.62
10.8135,968.62
10.8165,968.62
10.8195,968.62
10.8225,968.62
10.8255,968.62
10.8285,968.62
10.8315,968.62
10.8346,968.62
10.8376,968.62
10.8406,968.62
10.8436,968.62
10.8466,968.62
10.8496,968.62
10.8526,968.62
10.8556,968.62
10.8587,968.62
10.8617,968.62
10.8647,968.62
10.8677,968.62
10.8707,968.62
10.8737,968.62
10.8767,968.62
10.8797,968.62
10.8828,968.62
10.8858,968.62
10.8888,968.62
10.8918,968.62
10.8948,968.62
10.8978,968.62
10.9008,968.62
10.9038,968.62
10.9069,968.62
10.9099,968.62
10.9129,968.62
10.9159,968.62
10.9189,968.62
10.9219,968.62
10.9249,968.62
10.9279,968.62
10.931,968.62
10.934,968.62
10.937,968.62
10.94,968.62
10.943,968.62
10.946,968.62
10.9491,968.62
10.9521,968.62
10.9551,968.62
10.9581,968.62
10.9611,968.62
10.9641,968.62
10.9671,968.62
10.9701,968.62
10.9735,968.62
10.9765,968.62
10.9795,968.62
10.9825,968.62
10.9855,968.62
10.9885,968.62
10.9916,968.62
10.9946,968.62
10.9976,968.62
11.0006,968.62
11.0036,968.62
11.0066,968.62
11.0097,968.62
11.0128,968.62
11.0158,968.62
11.0189,968.62
11.0219,968.62
11.0249,968.62
11.0279,968.62
11.0309,968.62
11.0339,968.62
11.037,968.62
11.04,968.62
11.043,968.62
11.046,968.62
11.049,968.62
11.052,968.62
11.055,968.62
11.058,968.62
11.0611,968.62
11.0641,968.62
11.0671,968.62
11.0701,968.62
11.0731,968.62
11.0761,968.62
11.0791,968.62
11.0821,968.62
11.0852,968.62
11.0882,968.62
11.0912,968.62
11.0942,968.62
11.0972,968.62
11.1002,968.62
11.1032,968.62
11.1062,968.62
11.1092,968.62
11.1123,968.62
11.1153,968.62
11.1183,968.62
11.1213,968.62
11.1243,968.62
11.1273,968.62
11.1303,968.62
11.1333,968.62
11.1364,968.62
11.1394,968.62
11.1424,968.62
11.1454,968.62
11.1484,968.62
11.1514,968.62
11.1544,968.62
11.1574,968.62
11.1605,968.62
11.1635,968.62
11.1665,968.62
11.1695,968.62
11.1725,968.62
11.1755,968.62
11.1785,968.62
11.1816,968.62
11.1846,968.62
11.1876,968.62
11.1907,968.62
11.1937,968.62
11.1967,968.62
11.1997,968.62
11.2027,968.62
11.2058,968.62
11.2088,968.62
11.2118,968.62
11.2148,968.62
11.2178,968.62
11.2208,968.62
11.2238,968.62
11.2268,968.62
11.2299,968.62
11.2329,968.62
11.2359,968.62
11.2389,968.62
11.2419,968.62
11.2449,968.62
11.2479,968.62
11.2509,968.62
11.254,968.62
11.257,968.62
11.26,968.62
11.263,968.62
11.266,968.62
11.269,968.62
11.272,968.62
11.275,968.62
11.278,968.62
11.281,968.62
11.2841,968.62
11.2871,968.62
11.2901,968.62
11.2931,968.62
11.2961,968.62
11.2991,968.62
11.3021,968.62
11.3052,968.62
11.3082,968.62
11.3112,968.62
11.3142,968.62
11.3172,968.62
11.3202,968.62
11.3232,968.62
11.3262,968.62
11.3292,968.62
11.3323,968.62
11.3353,968.62
11.3383,968.62
11.3413,968.62
11.3443,968.62
11.3473,968.62
11.3503,968.62
11.3533,968.62
11.3563,968.62
11.3594,968.62
11.3624,968.62
11.3654,968.62
11.3684,968.62
11.3714,968.62
11.3744,968.62
11.3774,968.62
11.3804,968.62
11.3834,968.62
11.3865,968.62
11.3895,968.62
11.3925,968.62
11.3955,968.62
11.3985,968.62
11.4015,968.62
11.4045,968.62
11.4075,968.62
11.4105,968.62
11.4136,968.62
11.4166,968.62
11.4196,968.62
11.4226,968.62
11.4256,968.62
11.4286,968.62
11.4317,968.62
11.4347,968.62
11.4377,968.62
11.4408,968.62
11.4438,968.62
11.4468,968.62
11.4498,968.62
11.4528,968.62
11.4558,968.62
11.4588,968.62
11.4619,968.62
11.4649,968.62
11.4679,968.62
11.4709,968.62
11.4739,968.62
11.4769,968.62
11.4799,968.62
11.483,968.62
11.486,968.62
11.489,968.62
11.492,968.62
11.495,968.62
11.498,968.62
11.501,968.62
11.5041,968.62
11.5071,968.62
11.5101,968.62
11.5131,968.62
11.5161,968.62
11.5191,968.62
11.5221,968.62
11.5251,968.62
11.5281,968.62
11.5311,968.62
11.5342,968.62
11.5372,968.62
11.5402,968.62
11.5432,968.62
11.5462,968.62
11.5492,968.62
11.5523,968.62
11.5554,968.62
11.5584,968.62
11.5614,968.62
11.5644,968.62
11.5674,968.62
11.5704,968.62
11.5734,968.62
11.5764,968.62
11.5794,968.62
11.5825,968.62
11.5855,968.62
11.5885,968.62
11.5915,968.62
11.5945,968.62
11.5976,968.62
11.6006,968.62
11.6036,968.62
11.6066,968.62
11.6096,968.62
11.6126,968.62
11.6156,968.62
11.6187,968.62
11.6217,968.62
11.6247,968.62
11.6277,968.62
11.6307,968.62
11.6337,968.62
11.6367,968.62
11.6398,968.62
11.6428,968.62
11.6458,968.62
11.6488,968.62
11.6518,968.62
11.6548,968.62
11.6578,968.62
11.6608,968.62
11.6639,968.62
11.6669,968.62
11.6699,968.62
11.6729,968.62
11.6759,968.62
11.6789,968.62
11.6819,968.62
11.6849,968.62
11.688,968.62
11.691,968.62
11.694,968.62
11.697,968.62
11.7,968.62
11.703,968.62
11.706,968.62
11.7091,968.62
11.7121,968.62
11.7151,968.62
11.7181,968.62
11.7211,968.62
11.7241,968.62
11.7271,968.62
11.7302,968.62
11.7332,968.62
11.7362,968.62
11.7392,968.62
11.7422,968.62
11.7452,968.62
11.7482,968.62
11.7513,968.62
11.7543,968.62
11.7573,968.62
11.7604,968.62
11.7634,968.62
11.7664,968.62
11.7694,969.0
11.7724,969.0
11.7754,969.0
11.7784,969.0
11.7815,969.0
11.7845,969.0
11.7875,969.0
11.7905,969.0
11.7935,969.0
11.7965,969.0
11.7995,969.0
11.8025,969.0
11.8055,969.0
11.8086,969.0
11.8116,969.0
11.8146,969.0
11.8176,969.0
11.8206,969.0
11.8236,969.0
11.8266,969.0
11.8296,969.0
11.8327,969.0
11.8357,969.0
11.8387,969.0
11.8417,969.0
11.8447,969.0
11.8477,969.0
11.8507,969.0
11.8537,969.0
11.8568,969.0
11.8598,969.0
11.8628,969.0
11.8658,969.0
11.8688,969.0
11.8718,969.0
11.8748,969.0
11.8778,969.0
11.8809,969.0
11.8839,969.0
11.8869,969.0
11.8899,969.0
11.8929,969.0
11.8959,969.0
11.8989,969.0
11.9019,969.0
11.905,969.0
11.908,969.0
11.911,969.0
11.914,969.0
11.9171,969.0
11.9201,969.0
11.9231,969.0
11.9261,969.0
11.9291,969.0
11.9321,969.0
11.9351,969.0
11.9381,969.0
11.9411,969.0
11.9441,969.0
11.9472,969.0
11.9502,969.0
11.9532,969.0
11.9562,969.0
11.9592,969.0
11.9622,969.0
11.9652,969.0
11.9682,969.0
11.9713,969.0
11.9746,969.0
11.9777,969.0
11.9807,969.0
11.9837,969.0
11.9868,969.0
11.9899,969.0
11.9929,969.0
11.9959,969.0
11.9989,969.0
12.0019,969.0
12.0049,969.0
12.0079,969.0
12.0113,969.0
12.0145,969.0
12.0176,969.0
12.0206,969.0
12.0236,969.0
12.0266,969.0
12.0296,969.0
12.0326,969.0
12.0357,969.0
12.0387,969.0
12.0417,969.0
12.0447,969.0
12.0477,969.0
12.0508,969.0
12.0538,969.0
12.0568,969.0
12.0598,969.0
12.0628,969.0
12.0658,969.0
12.0688,969.0
12.0718,969.0
12.0749,969.0
12.0779,969.0
12.0809,969.0
12.0839,969.0
12.0869,969.0
12.0899,969.0
12.0929,969.0
12.096,969.0
12.099,969.0
12.102,969.0
12.105,969.0
12.108,969.0
12.111,969.0
12.114,969.0
12.117,969.0
12.1201,969.0
12.1231,969.0
12.1261,969.0
12.1291,969.0
12.1321,969.0
12.1351,969.0
12.1381,969.0
12.1411,969.0
12.1442,969.0
12.1472,969.0
12.1502,969.0
12.1532,969.0
12.1562,969.0
12.1592,969.0
12.1622,969.0
12.1653,969.0
12.1683,969.0
12.1713,969.0
12.1743,969.0
12.1773,969.0
12.1803,969.0
12.1833,969.0
12.1864,969.0
12.1895,969.0
12.1925,969.0
12.1955,969.0
12.1986,969.0
12.2016,969.0
12.2046,969.0
12.2076,969.0
12.2106,969.0
12.2136,969.0
12.2166,969.0
12.2196,969.0
12.2227,969.0
12.2257,969.0
12.2287,969.0
12.2317,969.0
12.2347,969.0
12.2377,969.0
12.2407,969.0
12.2438,969.0
12.2468,969.0
12.2498,969.0
12.2528,969.0
12.2558,969.0
12.2588,969.0
12.2618,969.0
12.2649,969.0
12.2679,969.0
12.2709,969.0
12.2739,969.0
12.2769,969.0
12.2799,969.0
12.2829,969.0
12.2859,969.0
12.2889,969.0
12.292,969.0
12.295,969.0
12.298,969.0
12.301,969.0
12.304,969.0
12.307,969.0
12.3101,969.0
12.3131,969.0
12.3161,969.0
12.3191,969.0
12.3221,969.0
12.3251,969.0
12.3281,969.0
12.3312,969.0
12.3342,969.0
12.3372,969.0
12.3402,969.0
12.3432,969.0
12.3462,969.0
12.3492,969.0
12.3522,969.0
12.3553,969.0
12.3583,969.0
12.3613,969.0
12.3643,969.0
12.3673,969.0
12.3703,969.0
12.3734,969.0
12.3764,969.0
12.3794,969.0
12.3824,969.0
12.3854,969.0
12.3884,969.0
12.3914,969.0
12.3944,969.0
12.3975,969.0
12.4005,969.0
12.4035,969.0
12.4065,969.0
12.4095,969.0
12.4125,969.0
12.4156,969.0
12.4186,969.0
12.4216,969.0
12.4246,969.0
12.4276,969.0
12.4307,969.0
12.4337,969.0
12.4367,969.0
12.4397,969.0
12.4428,969.0
12.4458,969.0
12.4488,969.0
12.4518,969.0
12.4548,969.0
12.4578,969.0
12.4608,969.0
12.4639,969.0
12.4669,969.0
12.4699,969.0
12.4729,969.0
12.4759,969.0
12.4789,969.0
12.482,969.0
12.485,969.0
12.488,969.0
12.491,969.0
12.494,969.0
12.4971,969.0
12.5001,969.0
12.5031,969.0
12.5061,969.0
12.5091,969.0
12.5121,969.0
12.5151,969.0
12.5182,969.0
12.5212,969.0
12.5242,969.0
12.5272,969.0
12.5302,969.0
12.5332,969.0
12.5362,969.0
12.5392,969.0
12.5422,969.0
12.5453,969.0
12.5483,969.0
12.5514,969.0
12.5544,969.0
12.5574,969.0
12.5604,969.0
12.5634,969.0
12.5664,969.0
12.5694,969.0
12.5724,969.0
12.5754,969.0
12.5785,969.0
12.5815,969.0
12.5845,969.0
12.5875,969.0
12.5905,969.0
12.5935,969.0
12.5966,969.0
12.5996,969.0
12.6026,969.0
12.6056,969.0
12.6086,969.0
12.6116,969.0
12.6146,969.0
12.6176,969.0
12.6206,969.0
12.6237,969.0
12.6267,969.0
12.6297,969.0
12.6327,969.0
12.6357,969.0
12.6387,969.0
12.6417,969.0
12.6447,969.0
12.6478,969.0
12.6508,969.0
12.6538,969.0
12.6568,969.0
12.6598,969.0
12.6628,969.0
12.6658,969.0
12.6688,969.0
12.6718,969.0
12.6749,969.0
12.6779,969.0
12.6809,969.0
12.6839,969.0
12.6869,969.0
12.69,969.0
12.693,969.0
12.696,969.0
12.699,969.0
12.702,969.0
12.705,969.0
12.708,969.0
12.7111,969.0
12.7141,969.0
12.7171,969.0
12.7201,969.0
12.7231,969.0
12.7261,969.0
12.7291,969.0
12.7322,969.0
12.7352,969.0
12.7382,969.0
12.7412,969.0
12.7442,969.0
12.7472,969.0
12.7503,969.0
12.7534,969.0
12.7564,969.0
12.7594,969.0
12.7624,969.0
12.7654,969.0
12.7684,969.0
12.7714,969.0
12.7744,969.0
12.7775,969.0
12.7805,969.0
12.7835,969.0
12.7865,969.0
12.7895,969.0
12.7925,969.0
12.7955,969.0
12.7986,969.0
12.8016,969.0
12.8046,969.0
12.8076,969.0
12.8106,969.0
12.8136,969.0
12.8166,969.0
12.8196,969.0
12.8226,969.0
12.8257,969.0
12.8287,969.0
12.8317,969.0
12.8347,969.0
12.8377,969.0
12.8407,969.0
12.8437,969.0
12.8468,969.0
12.8498,969.0
12.8528,969.0
12.8558,969.0
12.8588,969.0
12.8618,969.0
12.8648,969.0
12.8678,969.0
12.8708,969.0
12.8739,969.0
12.8769,969.0
12.8799,969.0
12.8829,969.0
12.8859,969.0
12.8889,969.0
12.8919,969.0
12.8949,969.0
12.898,969.0
12.901,969.0
12.904,969.0
12.907,969.0
12.91,969.0
12.913,969.0
12.916,969.0
12.9191,969.0
12.9221,969.0
12.9251,969.0
12.9281,969.0
12.9311,969.0
12.9341,969.0
12.9371,969.0
12.9401,969.0
12.9431,969.0
12.9462,969.0
12.9492,969.0
12.9522,969.0
12.9552,969.0
12.9582,969.0
12.9612,969.0
12.9642,969.0
12.9672,969.0
12.9703,969.0
12.9735,969.0
12.9766,969.0
12.9796,969.0
12.9826,969.0
12.9856,969.0
12.9886,969.0
12.9917,969.0
12.9947,969.0
12.9977,969.0
13.0007,969.0
13.0037,969.0
13.0067,969.0
13.0097,969.0
13.0128,969.0
13.0158,969.0
13.0189,969.0
13.0219,969.0
13.0249,969.0
13.0279,969.0
13.0309,969.0
13.0339,969.0
13.0369,969.0
13.04,969.0
13.043,969.0
13.046,969.0
13.049,969.0
13.052,969.0
13.055,969.0
13.058,969.0
13.0611,969.0
13.0641,969.0
13.0671,969.0
13.0701,969.0
13.0732,969.0
13.0762,969.0
13.0792,969.0
13.0822,969.0
13.0852,969.0
13.0882,969.0
13.0912,969.0
13.0943,969.0
13.0973,969.0
13.1003,969.0
13.1033,969.0
13.1063,969.0
13.1093,969.0
13.1123,969.0
13.1153,969.0
13.1183,969.0
13.1214,969.0
13.1244,969.0
13.1274,969.0
13.1304,969.0
13.1334,969.0
13.1364,969.0
13.1394,969.0
13.1425,969.0
13.1455,969.0
13.1485,969.0
13.1515,969.0
13.1545,969.0
13.1575,969.0
13.1605,969.0
13.1636,969.0
13.1666,969.0
13.1696,969.0
13.1726,969.0
13.1756,969.0
13.1786,969.0
13.1816,969.0
13.1846,969.0
13.1877,969.0
13.1907,969.0
13.1938,969.0
13.1968,969.0
13.1998,969.0
13.2028,969.0
13.2058,969.0
13.2088,969.0
13.2118,969.0
13.2149,969.0
13.2179,969.0
13.2209,969.0
13.2239,969.0
13.2269,969.0
13.2299,969.0
13.2329,969.0
13.2359,969.0
13.239,969.0
13.242,969.0
13.245,969.0
13.248,969.0
13.251,969.0
13.254,969.0
13.257,969.0
13.2601,969.0
13.2631,969.0
13.2661,969.0
13.2691,969.0
13.2721,969.0
13.2751,969.0
13.2782,969.0
13.2812,969.0
13.2842,969.0
13.2872,969.0
13.2902,969.0
13.2932,969.0
13.2962,969.0
13.2992,969.0
13.3023,969.0
13.3053,969.0
13.3083,969.0
13.3113,969.0
13.3143,969.0
13.3173,969.0
13.3203,969.0
13.3234,969.0
13.3264,969.0
13.3294,969.0
13.3324,969.0
13.3354,969.0
13.3384,969.0
13.3414,969.0
13.3444,969.0
13.3474,969.0
13.3505,969.0
13.3535,969.0
13.3565,969.0
13.3595,969.0
13.3625,969.0
13.3655,969.0
13.3685,969.0
13.3715,969.0
13.3746,969.0
13.3776,969.0
13.3806,969.0
13.3836,969.0
13.3866,969.0
13.3896,969.0
13.3926,969.0
13.3957,969.0
13.3987,969.0
13.4017,969.0
13.4047,969.0
13.4077,969.0
13.4107,969.0
13.4137,969.0
13.4167,969.0
13.4198,969.0
13.4228,969.0
13.4258,969.0
13.4289,969.0
13.4319,969.0
13.4349,969.0
13.4379,969.0
13.441,969.0
13.444,969.0
13.447,969.0
13.45,969.0
13.453,969.0
13.456,969.0
13.459,969.0
13.462,969.0
13.465,969.0
13.4681,969.0
13.4711,969.0
13.4741,969.0
13.4771,969.0
13.4801,969.0
13.4831,969.0
13.4861,969.0
13.4892,969.0
13.4922,969.0
13.4952,969.0
13.4982,969.0
13.5012,969.0
13.5042,969.0
13.5072,969.0
13.5102,969.0
13.5133,969.0
13.5163,969.0
13.5193,969.0
13.5223,969.0
13.5253,969.0
13.5283,969.0
13.5313,969.0
13.5343,969.0
13.5373,969.0
13.5404,969.0
13.5434,969.0
13.5464,969.0
13.5494,969.0
13.5525,969.0
13.5555,969.0
13.5585,969.0
13.5615,969.0
13.5645,969.0
13.5675,969.0
13.5705,969.0
13.5735,969.0
13.5766,969.0
13.5796,969.0
13.5826,969.0
13.5856,969.0
13.5886,969.0
13.5916,969.0
13.5946,969.0
13.5977,969.0
13.6007,969.0
13.6037,969.0
13.6067,969.0
13.6097,969.0
13.6127,969.0
13.6157,969.0
13.6187,969.0
13.6217,969.0
13.6247,969.0
13.6278,969.0
13.6308,969.0
13.6338,969.0
13.6368,969.0
13.6398,969.0
13.6428,969.0
13.6458,969.0
13.6488,969.0
13.6519,969.0
13.6549,969.0
13.6579,969.0
13.6609,969.0
13.6639,969.0
13.6669,969.0
13.6699,969.0
13.6729,969.0
13.676,969.0
13.679,969.0
13.682,969.0
13.685,969.0
13.688,969.0
13.6911,969.0
13.6941,969.0
13.6971,969.0
13.7001,969.0
13.7031,969.0
13.7061,969.0
13.7091,969.0
13.7121,969.0
13.7151,969.0
13.7182,969.0
13.7212,969.0
13.7242,969.0
13.7272,969.0
13.7302,969.0
13.7332,969.0
13.7362,969.0
13.7393,969.0
13.7423,969.0
13.7453,969.0
13.7483,969.0
13.7514,969.0
13.7544,969.0
13.7574,969.0
13.7604,969.0
13.7634,969.0
13.7665,969.0
13.7695,969.0
13.7725,969.0
13.7755,969.0
13.7785,969.0
13.7815,969.0
13.7845,969.0
13.7875,969.0
13.7905,969.0
13.7936,969.0
13.7966,969.0
13.7996,969.0
13.8026,969.0
13.8056,969.0
13.8086,969.0
13.8116,969.0
13.8146,969.0
13.8177,969.0
13.8207,969.0
13.8237,969.0
13.8267,969.0
13.8297,969.0
13.8327,969.0
13.8357,969.0
13.8387,969.0
13.8417,969.0
13.8447,969.0
13.8478,969.0
13.8508,969.0
13.8538,969.0
13.8568,969.0
13.8598,969.0
13.8628,969.0
13.8658,969.0
13.8688,969.0
13.8718,969.0
13.8748,969.0
13.8778,969.0
13.8809,969.0
13.8839,969.0
13.8869,969.0
13.8899,969.0
13.8929,969.0
13.8959,969.0
13.8989,969.0
13.9019,969.0
13.9049,969.0
13.908,969.0
13.911,969.0
13.914,969.0
13.917,969.0
13.92,969.0
13.923,969.0
13.926,969.0
13.929,969.0
13.932,969.0
13.9351,969.0
13.9381,969.0
13.9411,969.0
13.9441,969.0
13.9471,969.0
13.9501,969.0
13.9531,969.0
13.9561,969.0
13.9591,969.0
13.9622,969.0
13.9652,969.0
13.9682,969.0
13.9712,969.0
13.9746,969.0
13.9776,969.0
13.9806,969.0
13.9836,969.0
13.9866,969.0
13.9896,969.0
13.9926,969.0
13.9957,969.0
13.9987,969.0
14.0017,969.0
14.0047,969.0
14.0077,969.0
14.0109,969.0
14.0141,969.0
14.0173,969.0
14.0203,969.0
14.0233,969.0
14.0263,969.0
14.0293,969.0
14.0324,970.0
14.0354,970.0
14.0384,970.0
14.0414,970.0
14.0444,970.0
14.0474,970.0
14.0504,970.0
14.0534,970.0
14.0565,970.0
14.0595,970.0
14.0625,970.0
14.0655,970.0
14.0685,970.0
14.0715,970.0
14.0745,970.0
14.0775,970.0
14.0805,970.0
14.0836,970.0
14.0866,970.0
14.0896,970.0
14.0926,970.0
14.0956,970.0
14.0986,970.0
14.1016,970.0
14.1046,970.0
14.1077,970.0
14.1107,970.0
14.1137,970.0
14.1167,970.0
14.1197,970.0
14.1227,970.0
14.1258,970.0
14.1288,970.0
14.1318,970.0
14.1348,970.0
14.1378,970.0
14.1408,970.0
14.1438,970.0
14.1468,970.0
14.1499,970.0
14.1529,970.0
14.1559,970.0
14.1589,970.0
14.1619,970.0
14.1649,970.0
14.1679,970.0
14.1709,970.0
14.174,970.0
14.177,970.0
14.18,970.0
14.183,970.0
14.186,970.0
14.1891,970.0
14.1921,970.0
14.1951,970.0
14.1982,970.0
14.2012,970.0
14.2042,970.0
14.2072,970.0
14.2102,970.0
14.2132,970.0
14.2163,970.0
14.2193,970.0
14.2223,970.0
14.2253,970.0
14.2283,970.0
14.2313,970.0
14.2344,970.0
14.2374,970.0
14.2404,970.0
14.2434,970.0
14.2464,970.0
14.2494,970.0
14.2524,970.0
14.2554,970.0
14.2585,970.0
14.2615,970.0
14.2645,970.0
14.2675,970.0
14.2705,970.0
14.2735,970.0
14.2765,970.0
14.2796,970.0
14.2826,970.0
14.2856,970.0
14.2886,970.0
14.2916,970.0
14.2946,970.0
14.2976,970.0
14.3007,970.0
14.3037,970.0
14.3067,970.0
14.3097,970.0
14.3127,970.0
14.3157,970.0
14.3187,970.0
14.3218,970.0
14.3248,970.0
14.3278,970.0
14.3308,970.0
14.3338,970.0
14.3368,970.0
14.3399,970.0
14.3429,970.0
14.3459,970.0
14.3489,970.0
14.3519,970.0
14.3549,970.0
14.3579,970.0
14.361,970.0
14.364,970.0
14.367,970.0
14.37,970.0
14.373,970.0
14.376,970.0
14.379,970.0
14.382,970.0
14.3851,970.0
14.3881,970.0
14.3911,970.0
14.3941,970.0
14.3971,970.0
14.4001,970.0
14.4031,970.0
14.4062,970.0
14.4092,970.0
14.4122,970.0
14.4152,970.0
14.4182,970.0
14.4212,970.0
14.4242,970.0
14.4272,970.0
14.4303,970.0
14.4333,970.0
14.4364,970.0
14.4394,970.0
14.4424,970.0
14.4454,970.0
14.4484,970.0
14.4514,970.0
14.4545,970.0
14.4575,970.0
14.4605,970.0
14.4635,970.0
14.4665,970.0
14.4695,970.0
14.4725,970.0
14.4756,970.0
14.4786,970.0
14.4816,970.0
14.4846,970.0
14.4876,970.0
14.4906,970.0
14.4936,970.0
14.4966,970.0
14.4997,970.0
14.5027,970.0
14.5057,970.0
14.5087,970.0
14.5117,970.0
14.5147,970.0
14.5178,970.0
14.5208,970.0
14.5238,970.0
14.5268,970.0
14.5298,970.0
14.5328,970.0
14.5358,970.0
14.5389,970.0
14.5419,970.0
14.5449,970.0
14.5479,970.0
14.5509,970.0
14.5539,970.0
14.5569,970.0
14.56,970.0
14.563,970.0
14.566,970.0
14.569,970.0
14.572,970.0
14.5751,970.0
14.5781,970.0
14.5811,970.0
14.5841,970.0
14.5871,970.0
14.5901,970.0
14.5932,970.0
14.5962,970.0
14.5992,970.0
14.6022,970.0
14.6052,970.0
14.6082,970.0
14.6112,970.0
14.6143,970.0
14.6173,970.0
14.6203,970.0
14.6233,970.0
14.6263,970.0
14.6293,970.0
14.6323,970.0
14.6354,970.0
14.6384,970.0
14.6414,970.0
14.6444,970.0
14.6474,970.0
14.6504,970.0
14.6534,970.0
14.6564,970.0
14.6595,970.0
14.6625,970.0
14.6655,970.0
14.6685,970.0
14.6715,970.0
14.6745,970.0
14.6775,970.0
14.6805,970.0
14.6836,970.0
14.6866,970.0
14.6896,970.0
14.6926,970.0
14.6956,970.0
14.6986,970.0
14.7016,970.0
14.7046,970.0
14.7077,970.0
14.7107,970.0
14.7137,970.0
14.7167,970.0
14.7197,970.0
14.7227,970.0
14.7258,970.0
14.7288,970.0
14.7318,970.0
14.7348,970.0
14.7378,970.0
14.7408,970.0
14.7438,970.0
14.7469,970.0
14.7499,970.0
14.753,970.0
14.756,970.0
14.759,970.0
14.7621,970.0
14.7651,970.0
14.7681,970.0
14.7711,970.0
14.7741,970.0
14.7771,970.0
14.7801,970.0
14.7831,970.0
14.7861,970.0
14.7892,970.0
14.7922,970.0
14.7952,970.0
14.7982,970.0
14.8012,970.0
14.8042,970.0
14.8072,970.0
14.8103,970.0
14.8133,970.0
14.8163,970.0
14.8193,970.0
14.8223,970.0
14.8253,970.0
14.8283,970.0
14.8314,970.0
14.8344,970.0
14.8374,970.0
14.8404,970.0
14.8434,970.0
14.8464,970.0
14.8494,970.0
14.8524,970.0
14.8554,970.0
14.8585,970.0
14.8615,970.0
14.8645,970.0
14.8675,970.0
14.8705,970.0
14.8735,970.0
14.8765,970.0
14.8796,970.0
14.8826,970.0
14.8856,970.0
14.8886,970.0
14.8916,970.0
14.8946,970.0
14.8976,970.44
14.9006,970.44
14.9036,970.44
14.9067,970.44
14.9097,970.44
14.9127,970.44
14.9157,970.44
14.9187,970.44
14.9217,970.44
14.9247,970.44
14.9277,970.44
14.9308,970.44
14.9338,970.44
14.9368,970.44
14.9398,970.44
14.9428,970.44
14.9458,970.44
14.9488,970.44
14.9518,970.44
14.9548,970.44
14.9579,970.44
14.9609,970.44
14.9639,970.44
14.9669,970.44
14.9699,970.44
14.9733,970.44
14.9764,970.44
14.9794,970.44
14.9824,970.44
14.9854,970.44
14.9884,970.44
14.9915,970.44
14.9945,970.44
14.9975,970.44
15.0005,970.44
15.0035,970.44
15.0065,970.44
15.0095,970.44
15.0126,970.44
15.0156,970.44
15.0186,970.44
15.022,970.44
15.025,970.44
15.028,970.44
15.031,970.44
15.0341,970.44
15.0371,970.44
15.0401,970.44
15.0431,970.44
15.0461,970.44
15.0491,970.44
15.0522,970.44
15.0552,970.44
15.0582,970.44
15.0612,970.44
15.0642,970.44
15.0672,970.44
15.0702,970.44
15.0732,970.44
15.0763,970.44
15.0793,970.44
15.0823,970.44
15.0853,970.44
15.0883,970.44
15.0913,970.44
15.0943,970.44
15.0973,970.44
15.1003,970.44
15.1034,970.44
15.1064,970.44
15.1094,970.44
15.1124,970.44
15.1154,970.44
15.1184,970.44
15.1214,970.44
15.1244,970.44
15.1275,970.44
15.1305,970.44
15.1335,970.44
15.1365,970.44
15.1395,970.44
15.1425,970.44
15.1455,970.44
15.1485,970.44
15.1516,970.44
15.1546,970.44
15.1576,970.44
15.1606,970.44
15.1636,970.44
15.1666,970.44
15.1696,970.44
15.1726,970.44
15.1756,970.44
15.1786,970.44
15.1816,970.44
15.1847,970.44
15.1877,970.44
15.1908,970.44
15.1938,970.44
15.1968,970.44
15.1998,970.44
15.2028,970.44
15.2058,970.44
15.2088,970.44
15.2119,970.44
15.2149,970.44
15.2179,970.44
15.2209,970.44
15.2239,970.44
15.2269,970.44
15.2299,970.44
15.2329,970.44
15.236,970.44
15.239,970.44
15.242,970.44
15.245,970.44
15.248,970.44
15.251,970.44
15.254,970.44
15.257,970.44
15.26,970.44
15.263,970.44
15.2661,970.44
15.2691,970.44
15.2721,970.44
15.2751,970.44
15.2781,970.44
15.2811,970.44
15.2841,970.44
15.2871,970.44
15.2901,970.44
15.2931,970.44
15.2962,970.44
15.2992,970.44
15.3022,970.44
15.3052,970.44
15.3082,970.44
15.3112,970.44
15.3142,970.44
15.3172,970.44
15.3202,970.44
15.3233,970.44
15.3263,970.44
15.3293,970.44
15.3323,970.44
15.3353,970.44
15.3383,970.44
15.3413,970.44
15.3444,970.44
15.3474,970.44
15.3504,970.44
15.3534,970.44
15.3564,970.44
15.3594,970.44
15.3624,970.44
15.3654,970.44
15.3684,970.44
15.3714,970.44
15.3745,970.44
15.3775,970.44
15.3805,970.44
15.3835,970.44
15.3865,970.44
15.3895,970.44
15.3925,970.44
15.3955,970.44
15.3985,970.44
15.4016,970.44
15.4046,970.44
15.4076,970.44
15.4106,970.44
15.4136,970.44
15.4166,970.44
15.4196,970.44
15.4226,970.44
15.4256,970.44
15.4287,970.44
15.4317,970.44
15.4348,970.44
15.4378,970.44
15.4408,970.44
15.4438,970.44
15.4468,970.44
15.4498,970.44
15.4528,970.44
15.4559,970.44
15.4589,970.44
15.4619,970.44
15.4649,970.44
15.4679,970.44
15.4709,970.44
15.474,970.44
15.477,970.44
15.48,970.44
15.483,970.44
15.486,970.44
15.489,970.44
15.492,970.44
15.495,970.44
15.498,970.44
15.501,970.44
15.504,970.44
15.507,970.44
15.51,970.44
15.5131,970.44
15.5161,970.44
15.5191,970.44
15.5221,970.44
15.5251,970.44
15.5281,970.44
15.5311,970.44
15.5341,970.44
15.5371,970.44
15.5401,970.44
15.5432,970.44
15.5462,970.44
15.5492,970.44
15.5523,970.44
15.5553,970.44
15.5583,970.44
15.5613,970.44
15.5643,970.44
15.5673,970.44
15.5704,970.44
15.5734,970.44
15.5764,970.44
15.5794,970.44
15.5824,970.44
15.5854,970.44
15.5885,970.44
15.5915,970.44
15.5945,970.44
15.5975,970.44
15.6005,970.44
15.6035,970.44
15.6065,970.44
15.6095,970.44
15.6125,970.44
15.6156,970.44
15.6186,970.44
15.6216,970.44
15.6246,970.44
15.6276,970.44
15.6306,970.44
15.6336,970.44
15.6366,970.44
15.6396,970.44
15.6427,970.44
15.6457,970.44
15.6487,970.44
15.6517,970.44
15.6547,970.44
15.6577,970.44
15.6607,970.44
15.6637,970.44
15.6667,970.44
15.6698,970.44
15.6728,970.44
15.6758,970.44
15.6788,970.44
15.6818,970.44
15.6848,970.44
15.6878,970.44
15.6908,970.44
15.6938,970.44
15.6968,970.44
15.6998,970.44
15.7029,970.44
15.7059,970.44
15.7089,970.44
15.7119,970.44
15.7149,970.44
15.7179,970.44
15.7209,970.44
15.724,970.44
15.727,970.44
15.73,970.44
15.733,970.44
15.736,970.44
15.739,970.44
15.742,970.44
15.745,970.44
15.7481,970.44
15.7512,970.44
15.7542,970.44
15.7572,970.44
15.7602,970.44
15.7632,970.44
15.7662,970.44
15.7692,970.44
15.7723,970.44
15.7753,970.44
15.7783,970.44
15.7813,970.44
15.7843,970.44
15.7873,970.44
15.7903,970.44
15.7933,970.44
15.7963,970.44
15.7994,970.44
15.8024,970.44
15.8054,970.44
15.8084,970.44
15.8114,970.44
15.8144,970.44
15.8174,970.44
15.8205,970.44
15.8235,970.44
15.8265,970.44
15.8295,970.44
15.8325,970.44
15.8355,970.44
15.8385,970.44
15.8415,970.44
15.8445,970.44
15.8476,970.44
15.8506,970.44
15.8536,970.44
15.8566,970.44
15.8596,970.44
15.8626,970.44
15.8656,970.44
15.8686,970.44
15.8716,970.44
15.8747,970.44
15.8777,970.44
15.8807,970.44
15.8837,970.44
15.8867,970.44
15.8897,970.44
15.8927,970.44
15.8957,970.44
15.8988,970.44
15.9018,970.44
15.9048,970.44
15.9078,970.44
15.9108,970.44
15.9138,970.44
15.9168,970.44
15.9198,970.44
15.9228,970.44
15.9258,970.44
15.9289,970.44
15.9319,970.44
15.9349,970.44
15.9379,970.44
15.9409,970.44
15.9439,970.44
15.9469,970.44
15.9499,970.44
15.9529,970.44
15.956,970.44
15.959,970.44
15.962,970.44
15.965,970.44
15.968,970.44
15.971,970.44
15.9745,970.44
15.9776,970.44
15.9806,970.44
15.9836,970.44
15.9866,970.44
15.9896,970.44
15.9926,970.44
15.9957,970.44
15.9987,970.44
16.0017,970.44
16.0047,970.44
16.0077,970.44
16.011,970.44
16.0141,970.44
16.0172,970.44
16.0203,970.44
16.0233,970.44
16.0263,970.44
16.0293,970.44
16.0323,970.44
16.0353,970.44
16.0383,970.44
16.0413,970.44
16.0444,970.44
16.0474,970.44
16.0504,970.44
16.0534,970.44
16.0565,970.44
16.0595,970.44
16.0625,970.44
16.0655,970.44
16.0685,970.44
16.0715,970.44
16.0745,970.44
16.0776,970.44
16.0806,970.44
16.0836,970.44
16.0866,970.44
16.0896,970.44
16.0926,970.44
16.0956,970.44
16.0987,970.44
16.1017,970.44
16.1047,970.44
16.1077,970.44
16.1107,970.44
16.1137,970.44
16.1167,970.44
16.1197,970.44
16.1227,970.44
16.1257,970.44
16.1288,970.44
16.1318,970.44
16.1348,970.44
16.1378,970.44
16.1408,970.44
16.1438,970.44
16.1468,970.44
16.1498,970.44
16.1528,970.44
16.1559,970.44
16.1589,970.44
16.1619,970.44
16.1649,970.44
16.1679,970.44
16.1709,970.44
16.1739,970.44
16.1769,970.44
16.18,970.44
16.183,970.44
16.186,970.44
16.1891,970.44
16.1921,970.44
16.1951,970.44
16.1982,970.44
16.2012,970.44
16.2042,970.44
16.2072,970.44
16.2102,970.44
16.2132,970.44
16.2162,970.44
16.2193,970.44
16.2223,970.44
16.2253,970.44
16.2283,970.44
16.2313,970.44
16.2343,970.44
16.2373,970.44
16.2403,970.44
16.2434,970.44
16.2464,970.44
16.2494,970.44
16.2524,970.44
16.2554,970.44
16.2584,970.44
16.2614,970.44
16.2644,970.44
16.2675,970.44
16.2705,970.44
16.2735,970.44
16.2765,970.44
16.2795,970.44
16.2825,970.44
16.2855,970.44
16.2885,970.44
16.2916,970.44
16.2946,970.44
16.2976,970.44
16.3006,970.44
16.3036,970.44
16.3066,970.44
16.3096,970.44
16.3126,970.44
16.3157,970.44
16.3187,970.44
16.3217,970.44
16.3247,970.44
16.3277,970.44
16.3307,970.44
16.3338,970.44
16.3368,970.44
16.3398,970.44
16.3428,970.44
16.3458,970.44
16.3488,970.44
16.3518,970.44
16.3548,970.44
16.3578,970.44
16.3609,970.44
16.3639,970.44
16.3669,970.44
16.3699,970.44
16.3729,970.44
16.3759,970.44
16.3789,970.44
16.3819,970.44
16.3849,970.44
16.388,970.44
16.391,970.44
16.394,970.44
16.397,970.44
16.4,970.44
16.403,970.44
16.406,970.44
16.4091,970.44
16.4121,970.44
16.4151,970.44
16.4181,970.44
16.4211,970.44
16.4241,970.44
16.4271,970.44
16.4302,970.44
16.4332,970.44
16.4362,970.44
16.4393,970.44
16.4423,970.44
16.4453,970.44
16.4483,970.44
16.4513,970.44
16.4543,970.44
16.4573,970.44
16.4604,970.44
16.4634,970.44
16.4664,970.44
16.4694,970.44
16.4724,970.44
16.4754,970.44
16.4785,970.44
16.4815,970.44
16.4845,970.44
16.4875,970.44
16.4905,970.44
16.4935,970.44
16.4965,970.44
16.4995,970.44
16.5025,970.44
16.5056,970.44
16.5086,970.44
16.5116,970.44
16.5146,970.44
16.5176,970.44
16.5206,970.44
16.5236,970.44
16.5266,970.44
16.5297,970.44
16.5327,970.44
16.5357,970.44
16.5387,970.44
16.5417,970.44
16.5447,970.44
16.5477,970.44
16.5507,970.44
16.5538,970.44
16.5569,970.44
16.5599,970.44
16.5629,970.44
16.5659,970.44
16.5689,970.44
16.5719,970.44
16.575,970.44
16.578,970.44
16.581,970.44
16.584,970.44
16.587,970.44
16.59,970.44
16.5931,970.44
16.5961,970.44
16.5991,970.44
16.6021,970.44
16.6051,970.44
16.6081,970.44
16.6111,970.44
16.6141,970.44
16.6171,970.44
16.6202,970.44
16.6232,970.44
16.6262,970.44
16.6292,970.44
16.6322,970.44
16.6352,970.44
16.6382,970.44
16.6413,970.44
16.6443,970.44
16.6473,970.44
16.6503,970.44
16.6533,970.44
16.6563,970.44
16.6593,970.44
16.6623,970.44
16.6654,970.44
16.6684,970.44
16.6714,970.44
16.6744,970.44
16.6774,970.44
16.6804,970.44
16.6834,970.44
16.6864,970.44
16.6895,970.44
16.6925,970.44
16.6955,970.44
16.6985,970.44
16.7015,970.44
16.7045,970.44
16.7075,970.44
16.7106,970.44
16.7136,970.44
16.7166,970.44
16.7196,970.44
16.7226,970.44
16.7256,970.44
16.7286,970.44
16.7316,970.44
16.7347,970.44
16.7377,970.44
16.7407,970.44
16.7437,970.44
16.7467,970.44
16.7497,970.44
16.7529,970.44
16.7559,970.44
16.7589,970.44
16.7619,971.0
16.7649,971.0
16.7679,971.0
16.7709,971.0
16.7739,971.0
16.777,971.0
16.78,971.0
16.783,971.0
16.786,971.0
16.789,971.0
16.792,971.0
16.795,971.0
16.798,971.0
16.8011,971.0
16.8041,971.0
16.8071,971.0
16.8101,971.0
16.8131,971.0
16.8161,971.0
16.8191,971.0
16.8222,971.0
16.8252,971.0
16.8282,971.0
16.8312,971.0
16.8342,971.0
16.8372,971.0
16.8402,971.0
16.8432,971.0
16.8462,971.0
16.8493,971.0
16.8523,971.0
16.8553,971.0
16.8583,971.0
16.8613,971.0
16.8643,971.0
16.8673,971.0
16.8703,971.0
16.8733,971.0
16.8764,971.0
16.8794,971.0
16.8824,971.0
16.8854,971.0
16.8884,971.0
16.8914,971.0
16.8944,971.0
16.8975,971.0
16.9005,971.0
16.9035,971.0
16.9065,971.0
16.9095,971.0
16.9125,971.0
16.9155,971.0
16.9185,971.0
16.9215,971.0
16.9245,971.0
16.9276,971.0
16.9306,971.0
16.9336,971.0
16.9366,971.0
16.9396,971.0
16.9426,971.0
16.9456,971.0
16.9486,971.0
16.9517,971.0
16.9547,971.0
16.9577,971.0
16.9607,971.0
16.9637,971.0
16.9667,971.0
16.9697,971.0
16.973,971.0
16.976,971.0
16.979,971.0
16.9821,971.0
16.9851,971.0
16.9881,971.0
16.9911,971.0
16.9941,971.0
16.9971,971.0
17.0001,971.0
17.0031,971.0
17.0061,971.0
17.0092,971.0
17.0122,971.0
17.0153,971.0
17.0183,971.0
17.0213,971.0
17.0243,971.0
17.0273,971.0
17.0303,971.0
17.0333,971.0
17.0364,971.0
17.0394,971.0
17.0424,971.0
17.0454,971.0
17.0484,971.0
17.0514,971.0
17.0544,971.0
17.0574,971.0
17.0604,971.0
17.0635,971.0
17.0665,971.0
17.0695,971.0
17.0725,971.0
17.0755,971.0
17.0785,971.0
17.0815,971.0
17.0845,971.0
17.0875,971.0
17.0906,971.0
17.0936,971.0
17.0966,971.0
17.0996,971.0
17.1026,971.0
17.1056,971.0
17.1086,971.0
17.1116,971.0
17.1146,971.0
17.1176,971.0
17.1207,971.0
17.1237,971.0
17.1267,971.0
17.1297,971.0
17.1327,971.0
17.1357,971.0
17.1387,971.0
17.1417,971.0
17.1447,971.0
17.1478,971.0
17.1508,971.0
17.1538,971.0
17.1568,971.0
17.1598,971.0
17.1628,971.0
17.1658,971.0
17.1688,971.0
17.1718,971.0
17.1748,971.0
17.1779,971.0
17.1809,971.0
17.1839,971.0
17.1869,971.0
17.1899,971.0
17.193,971.0
17.196,971.0
17.199,971.0
17.202,971.0
17.205,971.0
17.208,971.0
17.2111,971.0
17.2141,971.0
17.2171,971.0
17.2202,971.0
17.2232,971.0
17.2262,971.0
17.2292,971.0
17.2322,971.0
17.2352,971.0
17.2382,971.0
17.2412,971.0
17.2442,971.0
17.2473,971.0
17.2503,971.0
17.2533,971.0
17.2563,971.0
17.2593,971.0
17.2623,971.0
17.2653,971.0
17.2683,971.0
17.2713,971.0
17.2743,971.0
17.2774,971.0
17.2804,971.0
17.2834,971.0
17.2864,971.0
17.2894,971.0
17.2924,971.0
17.2954,971.0
17.2984,971.0
17.3014,971.0
17.3044,971.0
17.3074,971.0
17.3104,971.0
17.3135,971.0
17.3165,971.0
17.3195,971.0
17.3225,971.0
17.3255,971.0
17.3285,971.0
17.3315,971.0
17.3345,971.0
17.3375,971.0
17.3405,971.0
17.3436,971.0
17.3466,971.0
17.3496,971.0
17.3526,971.0
17.3556,971.0
17.3586,971.0
17.3616,971.0
17.3646,971.0
17.3676,971.0
17.3706,971.0
17.3737,971.0
17.3767,971.0
17.3797,971.0
17.3827,971.0
17.3857,971.0
17.3887,971.0
17.3917,971.0
17.3947,971.0
17.3977,971.0
17.4008,971.0
17.4038,971.0
17.4068,971.0
17.4098,971.0
17.4128,971.0
17.4158,971.0
17.4188,971.0
17.4218,971.0
17.4248,971.0
17.4278,971.0
17.4309,971.0
17.4339,971.0
17.4369,971.0
17.4399,971.0
17.4429,971.0
17.446,971.0
17.449,971.0
17.452,971.0
17.455,971.0
17.458,971.0
17.461,971.0
17.464,971.0
17.467,971.0
17.47,971.0
17.4731,971.0
17.4761,971.0
17.4791,971.0
17.4821,971.0
17.4851,971.0
17.4881,971.0
17.4911,971.0
17.4941,971.0
17.4971,971.0
17.5002,971.0
17.5032,971.0
17.5062,971.0
17.5092,971.0
17.5122,971.0
17.5152,971.0
17.5182,971.0
17.5212,971.0
17.5242,971.0
17.5272,971.0
17.5302,971.0
17.5332,971.0
17.5362,971.0
17.5393,971.0
17.5423,971.0
17.5453,971.0
17.5483,971.0
17.5514,971.0
17.5546,971.0
17.5576,971.0
17.5606,971.0
17.5636,971.0
17.5667,971.0
17.5697,971.03
17.5727,971.03
17.5758,971.03
17.5788,971.03
17.5818,971.03
17.5848,971.03
17.5878,971.03
17.5908,971.03
17.5938,971.03
17.5969,971.03
17.5999,971.03
17.6029,971.03
17.6059,971.0
17.6089,971.0
17.6119,971.0
17.6149,971.0
17.6179,971.0
17.6209,971.0
17.6239,971.0
17.6269,971.0
17.6299,971.0
17.6329,971.0
17.636,971.0
17.639,971.0
17.642,971.0
17.645,971.0
17.648,971.0
17.651,971.0
17.654,971.0
17.657,971.0
17.66,971.0
17.663,971.0
17.666,971.0
17.6691,971.0
17.6721,971.0
17.6751,971.0
17.6781,971.0
17.6811,971.0
17.6841,971.0
17.6871,971.0
17.6901,971.0
17.6931,971.0
17.6961,971.0
17.6991,971.0
17.7021,971.0
17.7052,971.0
17.7082,971.0
17.7112,971.0
17.7142,971.0
17.7172,971.0
17.7202,971.0
17.7232,971.0
17.7262,971.0
17.7292,971.0
17.7323,971.0
17.7353,971.0
17.7383,971.0
17.7413,971.0
17.7443,971.0
17.7473,971.0
17.7503,971.0
17.7534,971.0
17.7564,971.0
17.7594,971.0
17.7624,971.0
17.7654,971.0
17.7684,971.0
17.7714,971.0
17.7744,971.0
17.7774,971.0
17.7804,971.0
17.7834,971.0
17.7864,971.0
17.7894,971.0
17.7925,971.0
17.7955,971.0
17.7985,971.0
17.8015,971.0
17.8045,971.0
17.8075,971.0
17.8105,971.0
17.8135,971.0
17.8165,971.0
17.8196,971.0
17.8226,971.0
17.8256,971.0
17.8286,971.0
17.8316,971.0
17.8346,971.0
17.8376,971.0
17.8406,971.0
17.8436,971.0
17.8466,971.0
17.8496,971.0
17.8526,971.0
17.8557,971.0
17.8587,971.0
17.8617,971.0
17.8647,971.0
17.8677,971.0
17.8707,971.0
17.8737,971.0
17.8767,971.0
17.8797,971.0
17.8827,971.0
17.8857,971.0
17.8887,971.0
17.8917,971.0
17.8948,971.0
17.8978,971.0
17.9008,971.0
17.9038,971.0
17.9068,971.0
17.9098,971.0
17.9128,971.0
17.9158,971.0
17.9188,971.0
17.9218,971.0
17.9249,971.0
17.9279,971.0
17.9309,971.0
17.9339,971.0
17.9369,971.0
17.9399,971.0
17.9429,971.0
17.9459,971.0
17.949,971.0
17.952,971.0
17.955,971.0
17.958,971.0
17.961,971.0
17.964,971.0
17.9671,971.0
17.9705,971.0
17.9738,971.0
17.977,971.0
17.98,971.0
17.983,971.0
17.986,971.0
17.989,971.0
17.992,971.0
17.995,971.0
17.998,971.0
18.001,971.0
18.004,971.0
18.0071,971.0
18.0101,971.0
18.0135,971.0
18.0167,971.0
18.0197,971.0
18.0227,971.0
18.0257,971.0
18.0287,971.0
18.0318,971.0
18.0348,971.0
18.0378,971.0
18.0408,971.0
18.0438,971.0
18.0468,971.0
18.0498,971.0
18.0528,971.0
18.0558,971.0
18.0588,971.0
18.0619,971.0
18.0649,971.0
18.0679,971.0
18.0709,971.0
18.0739,971.0
18.0769,971.0
18.0799,971.0
18.0829,971.0
18.0859,971.0
18.089,971.0
18.092,971.0
18.095,971.0
18.098,971.0
18.101,971.0
18.104,971.0
18.107,971.0
18.11,971.0
18.113,971.0
18.1161,971.0
18.1191,971.0
18.1221,971.0
18.1251,971.0
18.1281,971.0
18.1311,971.0
18.1341,971.0
18.1371,971.0
18.1401,971.0
18.1431,971.0
18.1461,971.0
18.1492,971.0
18.1522,971.0
18.1552,971.0
18.1582,971.0
18.1612,971.0
18.1642,971.0
18.1672,971.0
18.1702,971.0
18.1732,971.0
18.1762,971.0
18.1792,971.0
18.1823,971.0
18.1853,971.0
18.1884,971.0
18.1914,971.0
18.1944,971.0
18.1974,971.0
18.2004,971.0
18.2034,971.0
18.2065,971.0
18.2095,971.0
18.2125,971.0
18.2155,971.0
18.2185,971.0
18.2215,971.0
18.2245,971.0
18.2275,971.0
18.2305,971.0
18.2336,971.0
18.2366,971.0
18.2396,971.0
18.2426,971.0
18.2456,971.0
18.2486,971.0
18.2516,971.0
18.2546,971.0
18.2576,971.0
18.2606,971.0
18.2637,971.0
18.2667,971.0
18.2697,971.0
18.2727,971.0
18.2757,971.0
18.2787,971.0
18.2817,971.0
18.2847,971.0
18.2877,971.0
18.2907,971.0
18.2938,971.0
18.2968,971.0
18.2998,971.0
18.3028,971.0
18.3058,971.0
18.3088,971.0
18.3118,971.0
18.3148,971.0
18.3179,971.0
18.3209,971.0
18.3239,971.0
18.3269,971.0
18.3299,971.0
18.3329,971.0
18.3359,971.0
18.3389,971.0
18.3419,971.0
18.345,971.0
18.348,971.0
18.351,971.0
18.354,971.0
18.357,971.0
18.36,971.0
18.363,971.0
18.366,971.0
18.369,971.0
18.372,971.0
18.3751,971.0
18.3781,971.0
18.3811,971.0
18.3841,971.0
18.3871,971.0
18.3901,971.0
18.3931,971.0
18.3961,971.0
18.3992,971.0
18.4022,971.0
18.4052,971.0
18.4082,971.0
18.4112,971.0
18.4142,971.0
18.4172,971.0
18.4202,971.0
18.4232,971.0
18.4262,971.0
18.4293,971.0
18.4323,971.0
18.4353,971.0
18.4384,971.0
18.4414,971.0
18.4444,971.0
18.4474,971.0
18.4504,971.0
18.4534,971.0
18.4564,971.0
18.4595,971.0
18.4625,971.0
18.4655,971.0
18.4685,971.0
18.4715,971.0
18.4745,971.0
18.4777,971.0
18.4812,971.0
18.4842,971.0
18.4872,971.0
18.4902,971.0
18.4933,971.0
18.4963,971.0
18.4993,971.0
18.5023,971.0
18.5053,971.0
18.5084,971.0
18.5114,971.0
18.5144,971.0
18.5174,971.0
18.5204,971.0
18.5234,971.0
18.5264,971.0
18.5294,971.0
18.5324,971.0
18.5355,971.0
18.5385,971.0
18.5415,971.0
18.5445,971.0
18.5475,971.0
18.5505,971.0
18.5536,971.0
18.5566,971.0
18.5597,971.0
18.5627,971.0
18.5657,971.0
18.5687,971.0
18.5717,971.0
18.5747,971.0
18.5777,971.0
18.5807,971.0
18.5837,971.0
18.5867,971.0
18.5898,971.0
18.5928,971.0
18.5958,971.0
18.5988,971.0
18.6018,971.0
18.6048,971.0
18.6078,971.0
18.6108,971.0
18.6138,971.0
18.6168,971.0
18.6199,971.0
18.6229,971.0
18.6259,971.0
18.6289,971.0
18.632,971.0
18.6354,971.0
18.6387,971.0
18.6419,971.0
18.646,971.0
18.6512,971.0
18.6563,971.0
18.6606,971.0
18.6642,971.0
18.6675,971.0
18.6705,971.0
18.6736,971.0
18.6766,971.0
18.6796,971.0
18.6826,971.0
18.6857,971.0
18.6887,971.0
18.6917,971.0
18.6947,971.0
18.6977,971.0
18.7007,971.0
18.7037,971.0
18.7067,971.0
18.7097,971.0
18.7127,971.0
18.7158,971.0
18.7188,971.0
18.7218,971.0
18.7248,971.0
18.7278,971.0
18.7308,971.0
18.7338,971.0
18.7368,971.0
18.7399,971.0
18.7429,971.0
18.7459,971.0
18.7489,971.0
18.7519,971.0
18.7549,971.0
18.7579,971.0
18.761,971.0
18.764,971.0
18.767,971.0
18.77,971.0
18.7731,971.0
18.7761,971.0
18.7791,971.0
18.7821,971.0
18.7851,971.0
18.7881,971.0
18.7911,971.0
18.7941,971.0
18.7971,971.0
18.8002,971.0
18.8032,971.0
18.8062,971.0
18.8092,971.0
18.8122,971.0
18.8152,971.0
18.8182,971.0
18.8212,971.0
18.8243,971.0
18.8273,971.0
18.8303,971.0
18.8333,971.0
18.8363,971.0
18.8393,971.0
18.8423,971.0
18.8453,971.0
18.8483,971.0
18.8513,971.0
18.8543,971.0
18.8574,971.0
18.8604,971.0
18.8634,971.0
18.8664,971.0
18.8694,971.0
18.8724,971.0
18.8754,971.0
18.8784,971.0
18.8814,971.0
18.8844,971.0
18.8875,971.0
18.8905,971.0
18.8935,971.0
18.8965,971.0
18.8995,971.0
18.9025,971.0
18.9055,971.0
18.9085,971.0
18.9115,971.0
18.9145,971.0
18.9175,971.0
18.9206,971.0
18.9236,971.0
18.9266,971.0
18.9296,971.0
18.9326,971.0
18.9356,971.0
18.9386,971.0
18.9416,971.0
18.9446,971.0
18.9476,971.0
18.9506,971.0
18.9537,971.0
18.9567,971.0
18.9597,971.0
18.9627,971.0
18.9657,971.0
18.9687,971.0
18.9717,971.0
18.9751,971.0
18.9781,971.0
18.9811,971.0
18.9841,971.0
18.9871,971.0
18.9902,971.0
18.9932,971.0
18.9962,971.0
18.9992,971.0
19.0022,971.0
19.0052,971.0
19.0082,971.0
19.0113,971.0
19.0144,971.0
19.0174,971.0
19.0204,971.0
19.0234,971.0
19.0264,971.0
19.0294,971.0
19.0324,971.0
19.0355,971.0
19.0385,971.0
19.0415,971.0
19.0445,971.0
19.0475,971.0
19.0505,971.0
19.0535,971.0
19.0565,971.0
19.0595,971.0
19.0625,971.0
19.066,971.0
19.0691,971.0
19.0721,971.0
19.0751,971.0
19.0782,971.0
19.0812,971.0
19.0842,971.0
19.0872,971.0
19.0902,971.0
19.0932,971.0
19.0962,971.0
19.0993,971.0
19.1023,971.0
19.1053,971.0
19.1083,971.0
19.1113,971.0
19.1143,971.0
19.1173,971.0
19.1203,971.0
19.1233,971.0
19.1263,971.0
19.1293,971.0
19.1324,971.0
19.1354,971.0
19.1384,971.0
19.1414,971.0
19.1444,971.0
19.1474,971.0
19.1504,971.0
19.1534,971.0
19.1564,971.0
19.1595,971.0
19.1625,971.0
19.1655,971.0
19.1685,971.0
19.1715,971.0
19.1745,971.0
19.1775,971.0
19.1805,971.0
19.1835,971.0
19.1866,971.0
19.1896,971.0
19.1927,971.0
19.1957,971.0
19.1987,971.0
19.2017,971.0
19.2047,971.0
19.2077,971.0
19.2107,971.0
19.2138,971.0
19.2168,971.0
19.2198,971.0
19.2228,971.0
19.2258,971.0
19.2288,971.0
19.2318,971.0
19.2348,971.0
19.2378,971.0
19.2408,971.0
19.2439,971.0
19.2469,971.0
19.2499,971.0
19.2529,971.0
19.2559,971.0
19.2589,971.0
19.2619,971.0
19.2649,971.0
19.2679,971.0
19.2709,971.0
19.274,971.0
19.277,971.0
19.28,971.0
19.283,971.0
19.286,971.0
19.289,971.0
19.292,971.0
19.295,971.0
19.298,971.0
19.3011,971.0
19.3041,971.0
19.3071,971.0
19.3101,971.0
19.3131,971.0
19.3161,971.0
19.3191,971.0
19.3221,971.0
19.3252,971.0
19.3282,971.0
19.3312,971.0
19.3342,971.0
19.3372,971.0
19.3402,971.0
19.3432,971.0
19.3462,971.0
19.3492,971.0
19.3522,971.0
19.3553,971.0
19.3583,971.0
19.3613,971.0
19.3643,971.0
19.3673,971.0
19.3703,971.0
19.3733,971.0
19.3763,971.0
19.3793,971.0
19.3823,971.0
19.3853,971.0
19.3884,971.0
19.3914,971.0
19.3944,971.0
19.3974,971.0
19.4004,971.0
19.4034,971.0
19.4064,971.0
19.4094,971.0
19.4125,971.0
19.4155,971.0
19.4185,971.0
19.4215,971.0
19.4245,971.0
19.4275,971.0
19.4305,971.0
19.4336,971.0
19.4366,971.0
19.4396,971.0
19.4426,971.0
19.4456,971.0
19.4486,971.0
19.4516,971.0
19.4546,971.0
19.4577,971.0
19.4607,971.0
19.4637,971.0
19.4667,971.0
19.4697,971.0
19.4727,971.0
19.4757,971.0
19.4787,971.0
19.4817,971.0
19.4848,971.0
19.4878,971.0
19.4908,971.0
19.4938,971.0
19.4968,971.0
19.4998,971.0
19.5028,971.0
19.5058,971.0
19.5088,971.0
19.5119,971.0
19.5149,971.0
19.5179,971.0
19.5209,971.0
19.5239,971.0
19.5269,971.0
19.5299,971.0
19.5329,971.0
19.5359,971.0
19.5389,971.0
19.5419,971.0
19.545,971.0
19.548,971.0
19.551,971.0
19.554,971.0
19.557,971.0
19.56,971.0
19.563,971.0
19.5661,971.0
19.5691,971.0
19.5721,971.0
19.5751,971.0
19.5781,971.0
19.5811,971.0
19.5841,971.0
19.5871,971.0
19.5901,971.0
19.5932,971.0
19.5962,971.0
19.5992,971.0
19.6022,971.0
19.6052,971.0
19.6082,971.0
19.6112,971.0
19.6142,971.0
19.6172,971.0
19.6202,971.0
19.6232,971.0
19.6263,971.0
19.6293,971.0
19.6323,971.0
19.6353,971.0
19.6383,971.0
19.6413,971.0
19.6443,971.0
19.6473,971.0
19.6503,971.0
19.6533,971.0
19.6564,971.0
19.6594,971.0
19.6624,971.0
19.6654,971.0
19.6684,971.0
19.6714,971.0
19.6744,971.0
19.6774,971.0
19.6804,971.0
19.6834,971.0
19.6865,971.0
19.6895,971.0
19.6925,971.0
19.6955,971.0
19.6985,971.0
19.7015,971.0
19.7045,971.0
19.7075,971.0
19.7105,971.0
19.7135,971.0
19.7165,971.0
19.7195,971.0
19.7226,971.0
19.7256,971.0
19.7286,971.0
19.7316,971.0
19.7346,971.0
19.7376,971.0
19.7406,971.0
19.7436,971.0
19.7467,971.0
19.7497,971.0
19.7528,971.0
19.7558,971.0
19.7588,971.0
19.7618,971.0
19.7648,971.0
19.7678,971.0
19.7709,971.0
19.7739,971.0
19.7769,971.0
19.7799,971.0
19.7829,971.0
19.7859,971.0
19.7889,971.0
19.7919,971.0
19.7949,971.0
19.7979,971.0
19.801,971.0
19.804,971.0
19.807,971.0
19.81,971.0
19.813,971.0
19.816,971.0
19.819,971.0
19.822,971.0
19.825,971.0
19.828,971.0
19.8311,971.0
19.8341,971.0
19.8371,971.0
19.8401,971.0
19.8431,971.0
19.8461,971.0
19.8491,971.0
19.8521,971.0
19.8551,971.0
19.8582,971.0
19.8612,971.0
19.8642,971.0
19.8672,971.0
19.8702,971.0
19.8732,971.0
19.8762,971.0
19.8792,971.0
19.8822,971.0
19.8852,971.0
19.8883,971.0
19.8913,971.0
19.8943,971.0
19.8973,971.0
19.9003,971.0
19.9033,971.0
19.9063,971.0
19.9093,971.0
19.9123,971.0
19.9154,971.0
19.9184,971.0
19.9214,971.0
19.9244,971.0
19.9274,971.0
19.9304,971.0
19.9334,971.0
19.9364,971.0
19.9394,971.0
19.9424,971.0
19.9454,971.0
19.9485,971.0
19.9515,971.0
19.9545,971.0
19.9575,971.0
19.9605,971.0
19.9635,971.0
19.9665,971.0
19.9695,971.0
19.9728,971.0
19.9759,971.0
19.979,971.0
19.982,971.0
19.985,971.0
19.988,971.0
19.991,971.0
19.994,971.0
19.997,971.0
20.0,971.0
20.003,971.0
20.0061,971.0
20.0091,971.0
20.0125,971.0
20.0157,971.0
20.0187,971.0
20.0217,971.0
20.0247,971.0
20.0277,971.0
20.0307,971.0
20.0338,971.0
20.0368,971.0
20.0398,971.0
20.0428,971.0
20.0458,971.0
20.0488,971.0
20.0518,971.0
20.0548,971.0
20.0578,971.0
20.0609,971.0
20.0639,971.0
20.0669,971.0
20.0699,971.0
20.0729,971.0
20.0759,971.0
20.0789,971.0
20.0819,971.0
20.0849,971.0
20.0879,971.0
20.091,971.0
20.094,971.0
20.097,971.0
20.1,971.0
20.103,971.0
20.106,971.0
20.1091,971.0
20.1121,971.0
20.1151,971.0
20.1181,971.0
20.1211,971.0
20.1241,971.0
20.1271,971.0
20.1301,971.0
20.1331,971.0
20.1361,971.0
20.1392,971.0
20.1422,971.0
20.1452,971.0
20.1482,971.0
20.1512,971.0
20.1542,971.0
20.1572,971.0
20.1602,971.0
20.1632,971.0
20.1663,971.0
20.1694,971.0
20.1724,971.0
20.1754,971.0
20.1784,971.0
20.1814,971.0
20.1844,971.0
20.1875,971.0
20.1905,971.0
20.1936,971.0
20.1966,971.0
20.1996,971.0
20.2026,971.0
20.2056,971.0
20.2086,971.0
20.2116,971.0
20.2147,971.0
20.2177,971.0
20.2207,971.0
20.2237,971.0
20.2267,971.0
20.2297,971.0
20.2327,971.0
20.2357,971.0
20.2388,971.0
20.2418,971.0
20.2448,971.0
20.2478,971.0
20.2508,971.0
20.2538,971.0
20.2568,971.0
20.2598,971.0
20.2628,971.0
20.2658,971.0
20.2689,971.0
20.2719,971.0
20.2749,971.0
20.2779,971.0
20.2809,971.0
20.2839,971.0
20.2869,971.0
20.2899,971.0
20.2929,971.0
20.296,971.0
20.299,971.0
20.302,971.0
20.305,971.0
20.308,971.0
20.311,971.0
20.314,971.0
20.317,971.0
20.32,971.0
20.323,971.0
20.3261,971.0
20.3291,971.0
20.3321,971.0
20.3351,971.0
20.3381,971.0
20.3411,971.0
20.3441,971.0
20.3471,971.0
20.3501,971.0
20.3531,971.0
20.3562,971.0
20.3592,971.0
20.3622,971.0
20.3652,971.0
20.3682,971.0
20.3712,971.0
20.3742,971.0
20.3772,971.0
20.3802,971.0
20.3833,971.0
20.3863,971.0
20.3893,971.0
20.3923,971.0
20.3953,971.0
20.3983,971.0
20.4013,971.0
20.4043,971.0
20.4073,971.0
20.4103,971.0
20.4134,971.0
20.4164,971.0
20.4194,971.0
20.4224,971.0
20.4254,971.0
20.4284,971.0
20.4315,971.0
20.4345,971.0
20.4375,971.0
20.4405,971.0
20.4435,971.0
20.4466,971.0
20.4496,971.0
20.4526,971.0
20.4556,971.0
20.4586,971.0
20.4616,971.0
20.4646,971.0
20.4676,971.0
20.4707,971.0
20.4737,971.0
20.4767,971.0
20.4797,971.0
20.4827,971.0
20.4857,971.0
20.4887,971.0
20.4917,971.0
20.4947,971.0
20.4978,971.0
20.5008,971.0
20.5038,971.0
20.5068,971.0
20.5098,971.0
20.5128,971.0
20.5158,971.0
20.5188,971.0
20.5218,971.0
20.5248,971.0
20.5279,971.0
20.5309,971.0
20.5339,971.0
20.5369,971.0
20.5399,971.0
20.5429,971.0
20.5459,971.0
20.5489,971.0
20.552,971.0
20.555,971.0
20.558,971.0
20.561,971.0
20.564,971.0
20.567,971.0
20.57,971.0
20.573,971.0
20.5761,971.0
20.5791,971.0
20.5821,971.0
20.5851,971.0
20.5881,971.0
20.5911,971.0
20.5941,971.0
20.5971,971.0
20.6001,971.0
20.6031,971.0
20.6062,971.0
20.6092,971.0
20.6122,971.0
20.6152,971.0
20.6182,971.0
20.6212,971.0
20.6242,971.0
20.6272,971.0
20.6302,971.0
20.6332,971.0
20.6363,971.0
20.6393,971.0
20.6423,971.0
20.6453,971.0
20.6483,971.0
20.6513,971.0
20.6543,971.0
20.6573,971.0
20.6603,971.0
20.6633,971.0
20.6664,971.0
20.6694,971.0
20.6724,971.0
20.6754,971.0
20.6784,971.0
20.6814,971.0
20.6844,971.0
20.6874,971.0
20.6904,971.0
20.6935,971.0
20.6965,971.0
20.6995,971.0
20.7025,971.0
20.7055,971.0
20.7085,971.0
20.7115,971.0
20.7145,971.0
20.7175,971.0
20.7205,971.0
20.7236,971.0
20.7266,971.0
20.7296,971.0
20.7326,971.0
20.7356,971.0
20.7386,971.0
20.7416,971.0
20.7446,971.0
20.7476,971.0
20.7507,971.0
20.7537,971.0
20.7567,971.0
20.7598,971.0
20.7628,971.0
20.7658,971.0
20.7688,971.0
20.7718,971.0
20.7748,971.0
20.7779,971.0
20.7809,971.0
20.7839,971.0
20.7869,971.0
20.7899,971.0
20.7929,971.0
20.7959,971.0
20.799,971.0
20.802,971.0
20.805,971.0
20.808,971.0
20.811,971.0
20.814,971.0
20.817,971.0
20.82,971.0
20.823,971.0
20.8261,971.0
20.8291,971.0
20.8321,971.0
20.8351,971.0
20.8381,971.0
20.8411,971.0
20.8441,971.0
20.8471,971.0
20.8502,971.0
20.8532,971.0
20.8562,971.0
20.8592,971.0
20.8622,971.0
20.8652,971.0
20.8682,971.0
20.8712,971.0
20.8742,971.0
20.8772,971.0
20.8803,971.0
20.8833,971.0
20.8863,971.0
20.8893,971.0
20.8923,971.0
20.8953,971.0
20.8983,971.0
20.9013,971.0
20.9043,971.0
20.9073,971.0
20.9104,971.0
20.9134,971.0
20.9164,971.0
20.9194,971.0
20.9224,971.0
20.9254,971.0
20.9284,971.0
20.9314,971.0
20.9345,971.0
20.9375,971.0
20.9405,971.0
20.9435,971.0
20.9465,971.0
20.9495,971.0
20.9525,971.0
20.9555,971.0
20.9585,971.0
20.9616,971.0
20.9646,971.0
20.9676,971.0
20.9706,971.0
20.9738,971.0
20.977,971.0
20.98,971.0
20.983,971.0
20.986,971.0
20.989,971.0
20.992,971.0
20.995,971.0
20.998,971.0
21.001,971.0
21.0041,971.0
21.0071,971.0
21.0101,971.0
21.0132,971.0
21.0162,971.0
21.0192,971.0
21.0222,971.0
21.0252,971.0
21.0282,971.0
21.0312,971.0
21.0343,971.0
21.0373,971.0
21.0403,971.0
21.0433,971.0
21.0463,971.0
21.0493,972.0
21.0523,972.0
21.0554,972.0
21.0584,972.0
21.0614,972.0
21.0644,972.0
21.0674,972.0
21.0704,972.0
21.0734,972.0
21.0764,972.0
21.0795,972.0
21.0825,972.0
21.0855,972.0
21.0885,972.0
21.0915,972.0
21.0945,972.0
21.0975,972.0
21.1005,972.0
21.1035,972.0
21.1065,972.0
21.1096,972.0
21.1126,972.0
21.1156,972.0
21.1186,972.0
21.1216,972.0
21.1246,972.0
21.1276,972.0
21.1306,972.0
21.1336,972.0
21.1366,972.0
21.1397,972.0
21.1427,972.0
21.1457,972.0
21.1487,972.0
21.1517,972.0
21.1547,972.0
21.1577,972.0
21.1607,972.0
21.1637,972.0
21.1667,972.0
21.1698,972.0
21.1728,972.0
21.1758,972.0
21.1788,972.0
21.1818,972.0
21.1848,972.0
21.1879,972.0
21.1909,972.0
21.1939,972.0
21.1969,972.0
21.2,972.0
21.203,972.0
21.206,972.0
21.209,972.0
21.212,972.0
21.215,972.0
21.218,972.0
21.221,972.63
21.2241,972.63
21.2271,972.63
21.2301,972.63
21.2331,972.63
21.2361,972.63
21.2391,972.63
21.2421,972.63
21.2451,972.63
21.2481,972.63
21.2512,972.63
21.2542,972.63
21.2572,972.63
21.2602,972.63
21.2632,972.63
21.2662,972.63
21.2692,972.63
21.2722,972.63
21.2753,972.63
21.2783,972.63
21.2813,972.63
21.2843,972.63
21.2873,972.63
21.2903,972.63
21.2933,972.63
21.2963,972.63
21.2993,972.63
21.3023,972.63
21.3053,972.63
21.3084,972.63
21.3114,972.63
21.3144,972.63
21.3174,972.63
21.3204,972.63
21.3234,972.63
21.3264,972.63
21.3294,972.63
21.3324,972.63
21.3355,972.63
21.3385,972.63
21.3415,972.63
21.3445,972.63
21.3475,972.63
21.3505,972.63
21.3535,972.63
21.3565,972.63
21.3595,972.63
21.3625,972.63
21.3656,972.63
21.3686,972.63
21.3716,972.63
21.3746,972.63
21.3776,972.63
21.3806,972.63
21.3836,972.63
21.3866,972.63
21.3897,972.63
21.3927,972.63
21.3957,972.63
21.3987,972.63
21.4017,972.63
21.4047,972.63
21.4077,972.63
21.4107,972.63
21.4137,972.63
21.4167,972.63
21.4198,972.63
21.4228,972.63
21.4258,972.63
21.4288,972.63
21.4319,972.63
21.4349,972.63
21.4379,972.63
21.4409,972.63
21.4439,972.63
21.447,972.63
21.45,972.63
21.453,972.63
21.456,972.63
21.459,972.63
21.462,972.63
21.465,972.63
21.4681,972.63
21.4711,972.63
21.4741,972.63
21.4771,972.63
21.4801,972.63
21.4831,972.63
21.4861,972.63
21.4891,972.63
21.4921,972.63
21.4951,972.63
21.4981,972.63
21.5012,972.63
21.5042,972.63
21.5072,972.63
21.5102,972.63
21.5132,972.63
21.5162,972.63
21.5192,972.63
21.5222,972.63
21.5252,972.63
21.5282,972.63
21.5312,972.63
21.5343,972.63
21.5373,972.63
21.5403,972.63
21.5433,972.63
21.5463,972.63
21.5493,972.63
21.5524,972.63
21.5554,972.63
21.5585,972.63
21.5615,972.63
21.5645,972.63
21.5675,972.63
21.5705,972.63
21.5735,972.63
21.5765,972.63
21.5795,972.63
21.5825,972.63
21.5855,972.63
21.5885,972.63
21.5916,972.63
21.5946,972.63
21.5976,972.63
21.6006,972.63
21.6036,972.63
21.6066,972.63
21.6096,972.63
21.6126,972.63
21.6157,972.63
21.6187,972.63
21.6217,972.63
21.6247,972.63
21.6277,972.63
21.6307,972.63
21.6337,972.63
21.6367,972.63
21.6397,972.63
21.6427,972.63
21.6457,972.63
21.6488,972.63
21.6518,972.63
21.6548,972.63
21.6578,972.63
21.6608,972.63
21.6638,972.63
21.6668,972.63
21.6698,972.63
21.6728,972.63
21.6759,972.63
21.6789,972.63
21.6819,972.63
21.6849,972.63
21.6879,972.63
21.6909,972.63
21.6939,972.63
21.6969,972.63
21.7,972.63
21.703,972.63
21.706,972.63
21.709,972.63
21.712,972.63
21.715,972.63
21.718,972.63
21.721,972.63
21.724,972.63
21.727,972.63
21.7301,972.63
21.7331,972.63
21.7361,972.63
21.7391,972.63
21.7421,972.63
21.7451,972.63
21.7481,972.63
21.7513,972.63
21.7543,972.63
21.7573,972.63
21.7603,972.63
21.7634,972.63
21.7664,972.63
21.7694,972.63
21.7724,972.63
21.7754,972.63
21.7784,972.63
21.7815,972.63
21.7845,972.63
21.7875,972.63
21.7905,972.63
21.7935,972.63
21.7965,972.63
21.7995,972.63
21.8025,972.63
21.8055,972.63
21.8085,972.63
21.8115,972.63
21.8146,972.63
21.8176,972.63
21.8206,972.63
21.8236,972.63
21.8266,972.63
21.8296,972.63
21.8326,972.63
21.8356,972.63
21.8386,972.63
21.8416,972.63
21.8447,972.63
21.8477,972.63
21.8507,972.63
21.8537,972.63
21.8567,972.63
21.8597,972.63
21.8627,972.63
21.8657,972.63
21.8687,972.63
21.8717,972.63
21.8748,972.63
21.8778,972.63
21.8808,972.63
21.8838,972.63
21.8868,972.63
21.8898,972.63
21.8928,972.63
21.8958,972.63
21.8988,972.63
21.9019,972.63
21.9049,972.63
21.9079,972.63
21.9109,972.63
21.9139,972.63
21.9169,972.63
21.9199,972.63
21.9229,972.63
21.9259,972.63
21.9289,972.63
21.9319,972.63
21.9349,972.63
21.9379,972.63
21.941,972.63
21.944,972.63
21.947,972.63
21.95,972.63
21.953,972.63
21.956,972.63
21.959,972.63
21.962,972.63
21.9651,972.63
21.9681,972.63
21.9711,972.63
21.9745,972.63
21.9776,972.63
21.9806,972.63
21.9836,972.63
21.9866,972.63
21.9896,972.63
21.9926,972.63
21.9956,972.63
21.9987,972.63
22.0017,972.63
22.0047,972.63
22.0077,972.63
22.0109,972.63
22.0141,972.63
22.0173,972.63
22.0203,972.63
22.0233,972.63
22.0263,972.63
22.0293,972.63
22.0323,972.63
22.0353,972.63
22.0384,972.63
22.0414,972.63
22.0444,972.63
22.0474,972.63
22.0504,972.63
22.0534,972.63
22.0564,972.63
22.0595,972.63
22.0625,972.63
22.0655,972.63
22.0685,972.63
22.0715,972.63
22.0745,972.63
22.0775,972.63
22.0805,972.63
22.0835,972.63
22.0866,972.63
22.0896,972.63
22.0926,972.63
22.0956,972.63
22.0986,972.63
22.1017,972.63
22.1047,972.63
22.1077,972.63
22.1107,972.63
22.1137,972.63
22.1167,972.63
22.1197,972.63
22.1227,972.63
22.1257,972.63
22.1288,972.63
22.1318,972.63
22.1348,972.63
22.1378,972.63
22.1408,972.63
22.1438,972.63
22.1468,972.63
22.1499,972.63
22.1529,972.63
22.1559,972.63
22.1589,972.63
22.1619,972.63
22.1649,972.63
22.1679,972.63
22.1709,972.63
22.1739,972.63
22.1769,972.63
22.18,972.63
22.183,972.63
22.186,972.63
22.1891,972.63
22.1921,972.63
22.1951,972.63
22.1981,972.63
22.2011,972.63
22.2042,972.63
22.2072,972.63
22.2102,972.63
22.2132,972.63
22.2162,972.63
22.2192,972.63
22.2222,972.63
22.2252,972.63
22.2282,972.63
22.2313,972.63
22.2343,972.63
22.2373,972.63
22.2403,972.63
22.2433,972.63
22.2463,972.63
22.2493,972.63
22.2523,972.63
22.2553,972.63
22.2583,972.63
22.2613,972.63
22.2644,972.63
22.2674,972.63
22.2704,972.63
22.2734,972.63
22.2764,972.63
22.2794,972.63
22.2824,972.63
22.2854,972.63
22.2885,972.63
22.2915,972.63
22.2945,972.63
22.2975,972.63
22.3005,972.63
22.3035,972.63
22.3065,972.63
22.3095,972.63
22.3125,972.63
22.3155,972.63
22.3186,972.63
22.3216,972.63
22.3246,972.63
22.3276,972.63
22.3306,972.63
22.3336,972.63
22.3366,972.63
22.3396,972.63
22.3426,972.63
22.3457,972.63
22.3487,972.63
22.3517,972.63
22.3547,972.63
22.3577,972.63
22.3607,972.63
22.3637,972.63
22.3667,972.63
22.3697,972.63
22.3728,972.63
22.3758,972.63
22.3788,972.63
22.3818,972.63
22.3848,972.63
22.3878,972.63
22.3908,972.63
22.3938,972.63
22.3969,972.63
22.3999,972.63
22.4029,972.63
22.4059,972.63
22.4089,972.63
22.4119,972.63
22.4149,972.63
22.4179,972.63
22.4209,972.63
22.424,972.63
22.427,972.63
22.43,972.63
22.433,972.63
22.436,972.63
22.4391,972.63
22.4421,972.63
22.4451,972.63
22.4481,972.63
22.4511,972.63
22.4541,972.63
22.4571,972.63
22.4601,972.63
22.4632,972.63
22.4662,972.63
22.4692,972.63
22.4722,972.63
22.4752,972.63
22.4782,972.63
22.4813,972.63
22.4843,972.63
22.4873,972.63
22.4903,972.63
22.4933,972.63
22.4963,972.63
22.4993,972.63
22.5023,972.63
22.5054,972.63
22.5084,972.63
22.5114,972.63
22.5144,972.63
22.5174,972.63
22.5204,972.63
22.5234,972.63
22.5265,972.63
22.5295,972.63
22.5325,972.63
22.5355,972.63
22.5385,972.63
22.5415,972.63
22.5445,972.63
22.5475,972.63
22.5505,972.63
22.5537,972.63
22.5567,972.63
22.5597,972.63
22.5627,972.63
22.5657,972.63
22.5687,972.63
22.5717,972.63
22.5747,972.63
22.5778,972.63
22.5808,972.63
22.5838,972.63
22.5868,972.63
22.5898,972.63
22.5928,972.63
22.5958,972.63
22.5989,972.63
22.6019,972.63
22.6049,972.63
22.6079,972.63
22.6109,972.63
22.6139,972.63
22.6169,972.63
22.6199,972.63
22.6229,972.63
22.6259,972.63
22.629,972.63
22.632,972.63
22.635,972.63
22.638,972.63
22.641,972.63
22.644,972.63
22.647,972.63
22.65,972.63
22.653,972.63
22.6561,972.63
22.6591,972.63
22.6621,972.63
22.6651,972.63
22.6681,972.63
22.6711,972.63
22.6741,972.63
22.6771,972.63
22.6802,972.63
22.6832,972.63
22.6862,972.63
22.6892,972.63
22.6922,972.63
22.6952,972.63
22.6982,972.63
22.7012,972.63
22.7042,972.63
22.7073,972.63
22.7103,972.63
22.7133,972.63
22.7163,972.63
22.7193,972.63
22.7223,972.63
22.7253,972.63
22.7283,972.63
22.7313,972.63
22.7343,972.63
22.7374,972.63
22.7404,972.63
22.7434,972.63
22.7464,972.63
22.7494,972.63
22.7525,972.63
22.7555,972.63
22.7585,972.63
22.7615,972.63
22.7645,972.63
22.7676,972.63
22.7706,972.63
22.7736,972.63
22.7766,972.63
22.7796,972.63
22.7826,972.63
22.7856,972.63
22.7886,972.63
22.7916,972.63
22.7946,972.63
22.7977,972.63
22.8007,972.63
22.8037,972.63
22.8067,972.63
22.8097,972.63
22.8127,972.63
22.8157,972.63
22.8187,972.63
22.8217,972.63
22.8247,972.63
22.8277,972.63
22.8308,972.63
22.8338,972.63
22.8368,972.63
22.8398,972.63
22.8428,972.63
22.8458,972.63
22.8488,972.63
22.8518,972.63
22.8548,972.63
22.8578,972.63
22.8608,972.63
22.8638,972.63
22.8669,972.63
22.8699,972.63
22.8729,972.63
22.8759,972.63
22.8789,972.63
22.8819,972.63
22.8849,972.63
22.8879,972.63
22.8909,972.63
22.8939,972.63
22.8969,972.63
22.9,972.63
22.903,972.63
22.906,972.63
22.909,972.63
22.912,972.63
22.915,972.63
22.918,972.63
22.921,972.63
22.924,972.63
22.927,972.63
22.93,972.63
22.9331,972.63
22.9361,972.63
22.9391,972.63
22.9421,972.63
22.9451,972.63
22.9481,972.63
22.9511,972.63
22.9541,972.63
22.9571,972.63
22.9601,972.63
22.9631,972.63
22.9662,972.63
22.9692,972.63
22.9723,972.63
22.9755,972.63
22.9785,972.63
22.9815,972.63
22.9845,972.63
22.9875,972.63
22.9905,972.63
22.9935,972.63
22.9965,972.63
22.9995,972.63
23.0025,972.63
23.0055,972.63
23.0085,972.63
23.0117,972.63
23.0147,972.63
23.0177,972.63
23.0207,972.63
23.0237,972.63
23.0267,972.63
23.0297,972.63
23.0327,972.63
23.0358,972.63
23.0388,972.63
23.0418,972.63
23.0448,972.63
23.0478,972.63
23.0508,972.63
23.0538,972.63
23.0569,972.63
23.0599,972.63
23.0629,972.63
23.0659,972.63
23.0689,972.63
23.0719,972.63
23.0749,972.63
23.0779,972.63
23.0809,972.63
23.0839,972.63
23.087,972.63
23.09,972.63
23.093,972.63
23.096,972.63
23.099,972.63
23.102,972.63
23.105,972.63
23.108,972.63
23.111,972.63
23.114,972.63
23.117,972.63
23.12,972.63
23.1231,972.63
23.1261,972.63
23.1291,972.63
23.1321,972.63
23.1351,972.63
23.1381,972.63
23.1411,972.63
23.1441,972.63
23.1471,972.63
23.1502,972.63
23.1532,972.63
23.1562,972.63
23.1592,972.63
23.1622,972.63
23.1652,972.63
23.1682,972.63
23.1712,972.63
23.1742,972.63
23.1772,972.63
23.1802,972.63
23.1832,972.63
23.1863,972.63
23.1893,972.63
23.1924,972.63
23.1954,972.63
23.1984,972.63
23.2014,972.63
23.2044,972.63
23.2074,972.63
23.2105,972.63
23.2135,972.63
23.2165,972.63
23.2195,972.63
23.2225,972.63
23.2255,972.63
23.2285,972.63
23.2315,972.63
23.2345,972.63
23.2376,972.63
23.2406,972.63
23.2436,972.63
23.2466,972.63
23.2496,972.63
23.2526,972.63
23.2556,972.63
23.2586,972.63
23.2616,972.63
23.2646,972.63
23.2677,972.63
23.2707,972.63
23.2737,972.63
23.2767,972.63
23.2797,972.63
23.2827,972.63
23.2857,972.63
23.2887,972.63
23.2917,972.63
23.2947,972.63
23.2977,972.63
23.3008,972.63
23.3038,972.63
23.3068,972.63
23.3098,972.63
23.3128,972.63
23.3158,972.63
23.3188,972.63
23.3218,972.63
23.3248,972.63
23.3279,972.63
23.3309,972.63
23.3339,972.63
23.3369,972.63
23.3399,972.63
23.3429,972.63
23.3459,972.63
23.3489,972.63
23.3519,972.63
23.3549,972.63
23.358,972.63
23.361,972.63
23.364,972.63
23.367,972.63
23.37,972.63
23.373,972.63
23.376,972.63
23.379,972.63
23.382,972.63
23.3851,972.63
23.3881,972.63
23.3911,972.63
23.3941,972.63
23.3971,972.63
23.4001,972.63
23.4031,972.63
23.4062,972.63
23.4092,972.63
23.4122,972.63
23.4152,972.63
23.4182,972.63
23.4212,972.63
23.4242,972.63
23.4272,972.63
23.4303,972.63
23.4333,972.63
23.4363,972.63
23.4394,972.63
23.4424,972.63
23.4454,972.63
23.4484,972.63
23.4514,972.63
23.4544,972.63
23.4574,972.63
23.4604,972.63
23.4634,972.63
23.4665,972.63
23.4695,972.63
23.4725,972.63
23.4755,972.63
23.4785,972.63
23.4816,972.63
23.4846,972.63
23.4876,972.63
23.4906,972.63
23.4936,972.63
23.4966,972.63
23.4996,972.63
23.5026,972.63
23.5056,972.63
23.5086,972.63
23.5117,972.63
23.5147,972.63
23.5177,972.63
23.5207,972.63
23.5237,972.63
23.5267,972.63
23.5297,972.63
23.5327,972.63
23.5358,972.63
23.5388,972.63
23.5418,972.63
23.5448,972.63
23.5478,972.63
23.5508,972.63
23.5539,972.63
23.5569,972.63
23.5599,972.63
23.5629,972.63
23.5659,972.63
23.5689,972.63
23.5719,972.63
23.5749,972.63
23.578,972.63
23.581,972.63
23.584,972.63
23.587,972.63
23.59,972.63
23.593,972.63
23.596,972.63
23.599,972.63
23.602,972.63
23.605,972.63
23.6081,972.63
23.6111,972.63
23.6141,972.63
23.6171,972.63
23.6201,972.63
23.6231,972.63
23.6261,972.63
23.6291,972.63
23.6321,972.63
23.6352,972.63
23.6382,972.63
23.6412,972.63
23.6442,972.63
23.6474,972.63
23.6504,972.63
23.6534,972.63
23.6564,972.63
23.6594,972.63
23.6625,972.63
23.6655,972.63
23.6685,972.63
23.6715,972.63
23.6745,972.63
23.6775,972.63
23.6805,972.63
23.6835,972.63
23.6865,972.63
23.6895,972.63
23.6925,972.63
23.6955,972.63
23.6986,972.63
23.7016,972.63
23.7046,972.63
23.7076,972.63
23.7106,972.63
23.7136,972.63
23.7166,972.63
23.7196,972.63
23.7226,972.63
23.7257,972.63
23.7287,972.63
23.7317,972.63
23.7347,972.63
23.7377,972.63
23.7407,972.63
23.7437,972.63
23.7467,972.63
23.7497,972.63
23.7528,972.63
23.7558,972.63
23.7589,972.63
23.7619,972.63
23.7649,972.63
23.7679,972.63
23.7709,972.63
23.7739,972.63
23.7769,972.63
23.7799,972.63
23.783,972.63
23.786,972.63
23.789,972.63
23.792,972.63
23.795,972.63
23.798,972.63
23.801,972.63
23.804,972.63
23.807,972.63
23.81,972.63
23.8131,972.63
23.8161,972.63
23.8191,972.63
23.8221,972.63
23.8251,972.63
23.8282,972.63
23.8312,972.63
23.8342,972.63
23.8372,972.63
23.8402,972.63
23.8432,972.63
23.8462,972.63
23.8492,972.63
23.8523,972.63
23.8553,972.63
23.8583,972.63
23.8613,972.63
23.8643,972.63
23.8673,972.63
23.8703,973.42
23.8733,973.42
23.8763,973.42
23.8793,973.42
23.8823,973.42
23.8854,973.42
23.8884,973.42
23.8914,973.42
23.8944,973.42
23.8974,973.42
23.9004,973.42
23.9034,973.42
23.9064,973.42
23.9094,973.42
23.9124,973.42
23.9154,973.42
23.9184,973.42
23.9215,973.42
23.9245,973.42
23.9275,973.42
23.9305,973.42
23.9335,973.42
23.9365,973.42
23.9395,973.42
23.9425,973.42
23.9455,973.42
23.9486,973.42
23.9516,973.42
23.9546,973.42
23.9576,973.42
23.9606,973.42
23.9636,973.42
23.9666,973.42
23.9697,973.42
23.9731,973.42
23.9763,973.42
23.9793,973.42
23.9823,973.42
23.9853,973.42
23.9883,973.42
23.9914,973.42
23.9944,973.42
23.9974,973.42
24.0004,973.42
24.0034,973.42
24.0064,973.42
24.0094,973.42
24.0128,973.42
24.016,973.42
24.019,973.42
24.022,973.42
24.025,973.42
24.028,973.42
24.031,973.42
24.0341,973.42
24.0371,973.42
24.0401,973.42
24.0431,973.42
24.0461,973.42
24.0491,973.42
24.0522,973.42
24.0552,973.42
24.0582,973.42
24.0613,973.42
24.0643,973.42
24.0673,973.42
24.0703,973.42
24.0733,973.42
24.0763,973.42
24.0793,973.42
24.0824,973.42
24.0854,973.42
24.0884,973.42
24.0914,973.42
24.0944,973.42
24.0974,973.42
24.1004,973.42
24.1034,973.42
24.1065,973.42
24.1095,973.42
24.1125,973.42
24.1155,973.42
24.1185,973.42
24.1215,973.42
24.1245,973.42
24.1275,973.42
24.1309,973.42
24.1339,973.42
24.137,973.42
24.14,973.42
24.143,973.42
24.146,973.42
24.149,973.42
24.152,973.42
24.1551,973.42
24.1581,973.42
24.1611,973.42
24.1641,973.42
24.1671,973.42
24.1701,973.42
24.1731,973.42
24.1761,973.42
24.1791,973.42
24.1821,973.42
24.1851,973.42
24.1882,973.42
24.1912,973.42
24.1943,973.42
24.1973,973.42
24.2003,973.42
24.2033,973.42
24.2063,973.42
24.2093,973.42
24.2124,973.42
24.2154,973.42
24.2184,973.42
24.2214,973.42
24.2244,973.42
24.2274,973.42
24.2304,973.42
24.2334,973.42
24.2364,973.42
24.2395,973.42
24.2425,973.42
24.2455,973.42
24.2485,973.42
24.2515,973.42
24.2545,973.42
24.2575,973.42
24.2605,973.42
24.2635,973.42
24.2665,973.42
24.2696,973.42
24.2726,973.42
24.2756,973.42
24.2786,973.42
24.2816,973.42
24.2846,973.42
24.2876,973.42
24.2906,973.42
24.2936,973.42
24.2967,973.42
24.2997,973.42
24.3027,973.42
24.3057,973.42
24.3087,973.42
24.3117,973.42
24.3147,973.42
24.3177,973.42
24.3207,973.42
24.3237,973.42
24.3268,973.42
24.3298,973.42
24.3328,973.42
24.3358,973.42
24.3388,973.42
24.3418,973.42
24.3448,973.42
24.3479,973.42
24.3509,973.42
24.3539,973.42
24.3569,973.42
24.3599,973.42
24.3629,973.42
24.3659,973.42
24.3689,973.42
24.3719,973.42
24.375,973.42
24.378,973.42
24.381,973.42
24.384,973.42
24.387,973.42
24.39,973.42
24.393,973.42
24.396,973.42
24.399,973.42
24.402,973.42
24.4051,973.42
24.4081,973.42
24.4111,973.42
24.4141,973.42
24.4171,973.42
24.4201,973.42
24.4231,973.42
24.4261,973.42
24.4292,973.42
24.4322,973.42
24.4352,973.42
24.4383,973.42
24.4413,973.42
24.4443,973.42
24.4473,973.42
24.4503,973.42
24.4534,973.42
24.4564,973.42
24.4594,973.42
24.4624,973.42
24.4655,973.42
24.4685,973.42
24.4715,973.42
24.4745,973.42
24.4775,973.42
24.4805,973.42
24.4835,973.42
24.4866,973.42
24.4896,973.42
24.4926,973.42
24.4956,973.42
24.4986,973.42
24.5016,973.42
24.5046,973.42
24.5076,973.42
24.5106,973.42
24.5137,973.42
24.5167,973.42
24.5197,973.42
24.5227,973.42
24.5257,973.42
24.5287,973.42
24.5317,973.42
24.5347,973.42
24.5377,973.42
24.5407,973.42
24.5437,973.42
24.5467,973.42
24.5498,973.42
24.5528,973.42
24.5558,973.42
24.5588,973.42
24.5619,973.42
24.5649,973.42
24.5679,973.42
24.5709,973.42
24.5739,973.42
24.5769,973.42
24.5799,973.42
24.5829,973.42
24.5859,973.42
24.589,973.42
24.592,973.42
24.595,973.42
24.598,973.42
24.601,973.42
24.604,973.42
24.607,973.42
24.61,973.42
24.6131,973.42
24.6161,973.42
24.6191,973.42
24.6221,973.42
24.6251,973.42
24.6281,973.42
24.6311,973.42
24.6341,973.42
24.6371,973.42
24.6402,973.42
24.6432,973.42
24.6462,973.42
24.6492,973.42
24.6522,973.42
24.6552,973.42
24.6582,973.42
24.6612,973.42
24.6643,973.42
24.6673,973.42
24.6703,973.42
24.6733,973.42
24.6763,973.42
24.6793,973.42
24.6823,973.42
24.6853,973.42
24.6884,973.42
24.6914,973.42
24.6944,973.42
24.6974,973.42
24.7004,973.42
24.7034,973.42
24.7064,973.42
24.7094,973.42
24.7124,973.42
24.7154,973.42
24.7185,973.42
24.7215,973.42
24.7245,973.42
24.7275,973.42
24.7305,973.42
24.7335,973.42
24.7365,973.42
24.7395,973.42
24.7425,973.42
24.7455,973.42
24.7485,973.42
24.7516,973.42
24.7546,973.42
24.7576,973.42
24.7606,973.42
24.7636,973.42
24.7666,973.42
24.7697,973.42
24.7727,973.42
24.7757,973.42
24.7787,973.42
24.7817,973.42
24.7847,973.42
24.7878,973.42
24.7908,973.42
24.7938,973.42
24.7968,973.42
24.7998,973.42
24.8028,973.42
24.8058,973.42
24.8088,973.42
24.8119,973.42
24.8149,973.42
24.8179,973.42
24.8209,973.42
24.8239,973.42
24.8269,973.42
24.8299,973.42
24.8329,973.42
24.8359,973.42
24.8389,973.42
24.842,973.42
24.845,973.42
24.848,973.42
24.851,973.42
24.854,973.42
24.857,973.42
24.86,973.42
24.863,973.42
24.866,973.42
24.869,973.42
24.8721,973.42
24.8751,973.42
24.8781,973.42
24.8811,973.42
24.8841,973.42
24.8871,973.42
24.8901,973.42
24.8931,973.42
24.8961,973.42
24.8992,973.42
24.9022,973.42
24.9052,973.42
24.9082,973.42
24.9112,973.42
24.9142,973.42
24.9172,973.42
24.9202,973.42
24.9232,973.42
24.9262,973.42
24.9293,973.42
24.9323,973.42
24.9353,973.42
24.9383,973.42
24.9413,973.42
24.9443,973.42
24.9473,973.42
24.9503,973.42
24.9533,973.42
24.9563,973.42
24.9593,973.42
24.9624,973.42
24.9654,973.42
24.9684,973.42
24.9714,973.42
24.9748,973.42
24.9778,973.42
24.9808,973.42
24.9838,973.42
24.9869,973.42
24.9899,973.42
24.9929,973.42
24.9959,973.42
24.9989,973.42
25.0019,973.42
25.0049,973.42
25.0079,973.42
25.011,973.42
25.0141,973.42
25.0171,973.42
25.0201,973.42
25.0231,973.42
25.0261,973.42
25.0291,973.42
25.0321,973.42
25.0352,973.42
25.0382,973.42
25.0412,973.42
25.0442,973.42
25.0472,973.42
25.0502,973.42
25.0532,973.42
25.0562,973.42
25.0592,973.42
25.0623,973.42
25.0653,973.42
25.0683,973.42
25.0713,973.42
25.0743,973.42
25.0773,973.42
25.0804,973.42
25.0834,973.42
25.0864,973.42
25.0894,973.42
25.0924,973.42
25.0954,973.42
25.0984,973.42
25.1014,973.42
25.1044,973.42
25.1074,973.42
25.1104,973.42
25.1134,973.42
25.1165,973.42
25.1195,973.42
25.1225,973.42
25.1255,973.42
25.1285,973.42
25.1315,973.42
25.1345,973.42
25.1375,973.42
25.1405,973.42
25.1436,973.42
25.1466,973.42
25.1496,973.42
25.1526,973.42
25.1556,973.42
25.1586,973.42
25.1616,973.42
25.1646,973.42
25.1676,973.42
25.1706,973.42
25.1736,973.42
25.1766,973.42
25.1797,973.42
25.1827,973.42
25.1857,973.42
25.1888,973.42
25.1918,973.42
25.1948,973.42
25.1978,973.42
25.2008,973.42
25.2038,973.42
25.2068,973.42
25.2099,973.42
25.2129,973.42
25.2159,973.42
25.2189,973.42
25.2219,973.42
25.2249,973.42
25.2279,973.42
25.2309,973.42
25.2339,973.42
25.2369,973.42
25.2399,973.42
25.243,973.42
25.246,973.42
25.249,973.42
25.252,973.42
25.255,973.42
25.258,973.42
25.261,973.42
25.264,973.42
25.2671,973.42
25.2701,973.42
25.2731,973.42
25.2761,973.42
25.2791,973.42
25.2821,973.42
25.2851,973.42
25.2881,973.42
25.2911,973.42
25.2941,973.42
25.2972,973.42
25.3002,973.42
25.3032,973.42
25.3062,973.42
25.3092,973.42
25.3122,973.42
25.3152,973.42
25.3182,973.42
25.3212,973.42
25.3242,973.42
25.3273,973.42
25.3303,973.42
25.3333,973.42
25.3363,973.42
25.3393,973.42
25.3423,973.42
25.3453,973.42
25.3484,973.42
25.3514,973.42
25.3544,973.42
25.3574,973.42
25.3604,973.42
25.3634,973.42
25.3664,973.42
25.3694,973.42
25.3724,973.42
25.3754,973.42
25.3784,973.42
25.3814,973.42
25.3844,973.42
25.3875,973.42
25.3905,973.42
25.3935,973.42
25.3965,973.42
25.3995,973.42
25.4025,973.42
25.4055,973.42
25.4085,973.42
25.4115,973.42
25.4145,973.42
25.4175,973.42
25.4206,973.42
25.4236,973.42
25.4266,973.42
25.4296,973.42
25.4327,973.42
25.4357,973.42
25.4387,973.42
25.4417,973.42
25.4447,973.42
25.4477,973.42
25.4508,973.42
25.4538,973.42
25.4568,973.42
25.4598,973.42
25.4628,973.42
25.4658,973.42
25.4688,973.42
25.4718,973.42
25.4748,973.42
25.4778,973.42
25.4808,973.42
25.4839,973.42
25.4869,973.42
25.4899,973.42
25.4929,973.42
25.4959,973.42
25.4989,973.42
25.5019,973.42
25.5049,973.42
25.5079,973.42
25.5109,973.42
25.5139,973.42
25.5169,973.42
25.52,973.42
25.523,973.42
25.526,973.42
25.529,973.42
25.532,973.42
25.535,973.42
25.538,973.42
25.541,973.42
25.544,973.42
25.547,973.42
25.55,973.42
25.5531,973.42
25.5561,973.42
25.5591,973.42
25.5621,973.42
25.5651,973.42
25.5681,973.42
25.5712,973.42
25.5742,973.42
25.5772,973.42
25.5802,973.42
25.5832,973.42
25.5862,973.42
25.5892,973.42
25.5922,973.42
25.5952,973.42
25.5982,973.42
25.6012,973.42
25.6042,973.42
25.6072,973.42
25.6103,973.42
25.6133,973.42
25.6163,973.42
25.6193,973.42
25.6223,973.42
25.6253,973.42
25.6283,973.42
25.6313,973.42
25.6343,973.42
25.6373,973.42
25.6403,973.42
25.6434,973.42
25.6464,973.42
25.6494,973.42
25.6524,973.42
25.6554,973.42
25.6584,973.42
25.6615,973.42
25.6645,973.42
25.6675,973.42
25.6706,973.42
25.6736,973.42
25.6766,973.42
25.6796,973.42
25.6826,973.42
25.6856,973.42
25.6886,973.42
25.6916,973.42
25.6946,973.42
25.6976,973.42
25.7007,973.42
25.7037,973.42
25.7067,973.42
25.7097,973.42
25.7127,973.42
25.7157,973.42
25.7187,973.42
25.7217,973.42
25.7247,973.42
25.7277,973.42
25.7308,973.42
25.7338,973.42
25.7368,973.42
25.7398,973.42
25.7428,973.42
25.7459,973.42
25.749,973.42
25.7522,973.42
25.7552,973.42
25.7582,973.42
25.7612,973.42
25.7642,973.42
25.7672,973.42
25.7702,973.42
25.7733,973.42
25.7763,973.42
25.7793,973.42
25.7823,973.42
25.7853,973.42
25.7883,973.42
25.7913,973.42
25.7943,973.42
25.7973,973.42
25.8003,973.42
25.8034,973.42
25.8064,973.42
25.8094,973.42
25.8124,973.42
25.8154,973.42
25.8184,973.42
25.8214,973.42
25.8244,973.42
25.8274,973.42
25.8304,973.42
25.8334,973.42
25.8365,973.42
25.8395,973.42
25.8425,973.42
25.8455,973.42
25.8485,973.42
25.8515,973.42
25.8545,973.42
25.8575,973.42
25.8605,973.42
25.8635,973.42
25.8665,973.42
25.8696,973.42
25.8726,973.42
25.8756,973.42
25.8786,973.42
25.8816,973.42
25.8846,973.42
25.8876,973.42
25.8906,973.42
25.8936,973.42
25.8966,973.42
25.8996,973.42
25.9026,973.42
25.9057,973.42
25.9087,973.42
25.9117,973.42
25.9148,973.42
25.9178,973.42
25.9208,973.42
25.9238,973.42
25.9268,973.42
25.9298,973.42
25.9328,973.42
25.9358,973.42
25.9388,973.42
25.9418,973.42
25.9448,973.42
25.9478,973.42
25.9508,973.42
25.9538,973.42
25.9569,973.42
25.9599,973.42
25.9629,973.42
25.9659,973.42
25.9689,973.42
25.972,973.42
25.9753,973.42
25.9783,973.42
25.9813,973.42
25.9844,973.42
25.9874,973.42
25.9904,973.42
25.9934,973.42
25.9964,973.42
25.9994,973.42
26.0025,973.42
26.0055,973.42
26.0085,973.42
26.0119,973.42
26.0151,973.42
26.0182,973.42
26.0212,973.48
26.0242,973.48
26.0272,973.48
26.0302,973.48
26.0332,973.48
26.0362,973.48
26.0393,973.48
26.0423,973.48
26.0453,973.48
26.0483,973.48
26.0513,973.48
26.0543,973.48
26.0573,973.42
26.0603,973.42
26.0633,973.42
26.0663,973.42
26.0693,973.42
26.0724,973.42
26.0754,973.42
26.0784,973.42
26.0814,973.42
26.0844,973.42
26.0874,973.42
26.0905,973.42
26.0935,973.42
26.0965,973.42
26.0995,973.42
26.1025,973.42
26.1055,973.42
26.1085,973.42
26.1115,973.42
26.1145,973.42
26.1176,973.42
26.1206,973.42
26.1236,973.42
26.1266,973.42
26.1296,973.42
26.1326,973.42
26.1356,973.42
26.1386,973.42
26.1416,973.42
26.1446,973.42
26.1476,973.42
26.1507,973.42
26.1537,973.42
26.1567,973.42
26.1597,973.42
26.1627,973.42
26.1657,973.42
26.1687,973.42
26.1717,973.42
26.1747,973.42
26.1777,973.42
26.1807,973.42
26.1838,973.42
26.1868,973.42
26.1899,973.42
26.1929,973.42
26.1959,973.42
26.1989,973.42
26.2019,973.42
26.2049,973.42
26.2079,973.42
26.211,973.42
26.214,973.42
26.217,973.42
26.22,973.42
26.223,973.42
26.226,973.42
26.229,973.42
26.232,973.42
26.235,973.42
26.238,973.42
26.2411,973.42
26.2441,973.42
26.2471,973.42
26.2501,973.42
26.2531,973.42
26.2561,973.42
26.2591,973.42
26.2621,973.42
26.2652,973.42
26.2682,973.42
26.2712,973.42
26.2742,973.42
26.2772,973.42
26.2802,973.42
26.2832,973.42
26.2862,973.42
26.2892,973.42
26.2922,973.42
26.2952,973.42
26.2983,973.42
26.3013,973.42
26.3043,973.42
26.3073,973.42
26.3103,973.42
26.3133,973.42
26.3163,973.42
26.3193,973.42
26.3223,973.42
26.3254,973.42
26.3284,973.42
26.3314,973.42
26.3344,973.42
26.3374,973.42
26.3404,973.42
26.3434,973.42
26.3464,973.42
26.3494,973.42
26.3524,973.42
26.3555,973.42
26.3585,973.42
26.3615,973.42
26.3645,973.42
26.3675,973.42
26.3705,973.42
26.3735,973.42
26.3765,973.42
26.3795,973.42
26.3825,973.42
26.3855,973.42
26.3886,973.42
26.3916,973.42
26.3946,973.42
26.3976,973.42
26.4006,973.42
26.4036,973.42
26.4066,973.42
26.4096,973.42
26.4126,973.42
26.4156,973.42
26.4186,973.42
26.4217,973.42
26.4247,973.42
26.4277,973.42
26.4307,973.42
26.4338,973.42
26.4368,973.42
26.4398,973.42
26.4428,973.42
26.4458,973.42
26.4489,973.42
26.4519,973.42
26.4549,973.42
26.4579,973.42
26.4609,973.42
26.4639,973.42
26.4669,973.42
26.4699,973.42
26.4729,973.42
26.476,973.42
26.479,973.42
26.482,973.42
26.485,973.42
26.488,973.42
26.491,973.42
26.494,973.42
26.4971,973.42
26.5001,973.42
26.5031,973.42
26.5061,973.42
26.5091,973.42
26.5121,973.42
26.5151,973.42
26.5181,973.42
26.5211,973.42
26.5241,973.42
26.5272,973.42
26.5302,973.42
26.5332,973.42
26.5362,973.42
26.5392,973.42
26.5422,973.42
26.5452,973.42
26.5482,973.42
26.5512,973.42
26.5543,973.42
26.5573,973.42
26.5603,973.42
26.5634,973.42
26.5664,973.42
26.5694,973.42
26.5724,973.42
26.5754,973.42
26.5784,973.42
26.5814,973.42
26.5844,973.42
26.5874,973.42
26.5905,973.42
26.5935,973.42
26.5965,973.42
26.5995,973.42
26.6025,973.42
26.6055,973.42
26.6085,973.42
26.6115,973.42
26.6145,973.42
26.6176,973.42
26.6206,973.42
26.6236,973.42
26.6266,973.42
26.6296,973.42
26.6326,973.42
26.6357,973.42
26.6387,973.42
26.6417,973.42
26.6447,973.42
26.6477,973.42
26.6507,973.42
26.6537,973.42
26.6567,973.42
26.6597,973.42
26.6627,973.42
26.6657,973.42
26.6688,973.42
26.6718,973.42
26.6748,973.42
26.6778,973.42
26.6808,973.42
26.6838,973.42
26.6869,973.42
26.6899,973.42
26.6929,973.42
26.6959,973.42
26.6989,973.42
26.7019,973.42
26.7049,973.42
26.7079,973.42
26.7109,973.42
26.7139,973.42
26.717,973.42
26.72,973.42
26.723,973.42
26.726,973.42
26.729,973.42
26.732,973.42
26.735,973.42
26.738,973.42
26.741,973.42
26.744,973.42
26.747,973.42
26.7501,973.42
26.7531,973.42
26.7561,973.42
26.7591,973.42
26.7621,973.42
26.7651,973.42
26.7682,973.42
26.7712,973.42
26.7742,973.42
26.7772,973.42
26.7802,973.42
26.7832,973.42
26.7862,973.42
26.7892,973.42
26.7922,973.42
26.7953,973.42
26.7983,973.42
26.8013,973.42
26.8043,973.42
26.8073,973.42
26.8103,973.42
26.8134,973.42
26.8164,973.42
26.8194,973.42
26.8224,973.42
26.8254,973.42
26.8284,973.42
26.8314,973.42
26.8344,973.42
26.8374,973.42
26.8404,973.42
26.8434,973.42
26.8464,973.42
26.8495,973.42
26.8525,973.42
26.8555,973.42
26.8585,973.42
26.8615,973.42
26.8645,973.42
26.8675,973.42
26.8705,973.42
26.8735,973.42
26.8765,973.42
26.8795,973.42
26.8826,973.42
26.8856,973.42
26.8886,973.42
26.8916,973.42
26.8946,973.42
26.8976,973.42
26.9006,973.42
26.9036,973.42
26.9066,973.42
26.9096,973.42
26.9127,973.42
26.9157,973.42
26.9187,973.42
26.9217,973.42
26.9247,973.42
26.9277,973.42
26.9307,973.42
26.9337,973.42
26.9367,973.42
26.9397,973.42
26.9428,973.42
26.9458,973.42
26.9488,973.42
26.9518,973.42
26.9548,973.42
26.9578,973.42
26.9608,973.42
26.9638,973.42
26.9668,973.42
26.9698,973.42
26.9732,973.42
26.9763,973.42
26.9793,973.42
26.9823,973.42
26.9853,973.42
26.9883,973.42
26.9914,973.42
26.9944,973.42
26.9974,973.42
27.0004,973.42
27.0034,973.42
27.0064,973.42
27.0094,973.42
27.0126,973.42
27.0156,973.42
27.0186,973.42
27.0217,973.42
27.0247,973.42
27.0277,973.42
27.0307,973.42
27.0337,973.42
27.0367,973.42
27.0397,973.42
27.0427,973.42
27.0458,973.42
27.0488,973.42
27.0518,973.42
27.0548,973.42
27.0578,973.42
27.0608,973.42
27.0638,973.42
27.0668,973.42
27.0698,973.42
27.0729,973.42
27.0759,973.42
27.0789,973.42
27.0819,973.42
27.0849,973.42
27.0879,973.42
27.0909,973.42
27.0939,973.42
27.097,973.42
27.1,973.42
27.103,973.42
27.106,973.42
27.109,973.42
27.112,973.42
27.115,973.42
27.118,973.42
27.121,973.42
27.124,973.42
27.127,973.42
27.13,973.42
27.1331,973.42
27.1361,973.42
27.1391,973.42
27.1421,973.42
27.1451,973.42
27.1481,973.42
27.1511,973.42
27.1541,973.42
27.1571,973.42
27.1601,973.42
27.1631,973.42
27.1662,973.42
27.1692,973.42
27.1722,973.42
27.1752,973.42
27.1782,973.42
27.1812,973.42
27.1842,973.42
27.1873,973.42
27.1903,973.42
27.1933,973.42
27.1964,973.42
27.1994,973.42
27.2024,973.42
27.2054,973.42
27.2084,973.42
27.2114,973.42
27.2144,973.42
27.2174,973.42
27.2204,973.42
27.2234,973.42
27.2265,973.42
27.2295,973.42
27.2325,973.42
27.2355,973.42
27.2385,973.42
27.2415,973.42
27.2445,973.42
27.2475,973.42
27.2505,973.42
27.2535,973.42
27.2566,973.42
27.2596,973.42
27.2626,973.42
27.2656,973.42
27.2686,973.42
27.2716,973.42
27.2746,973.42
27.2776,973.42
27.2806,973.42
27.2836,973.42
27.2867,973.42
27.2897,973.42
27.2927,973.42
27.2957,973.42
27.2987,973.42
27.3017,973.42
27.3047,973.42
27.3077,973.42
27.3108,973.42
27.3138,973.42
27.3168,973.42
27.3198,973.42
27.3228,973.42
27.3258,973.42
27.3288,973.42
27.3318,973.42
27.3348,973.42
27.3378,973.42
27.3409,973.42
27.3439,973.42
27.3469,973.42
27.3499,973.42
27.3529,973.42
27.3559,973.42
27.3589,973.42
27.3619,973.42
27.3649,973.42
27.368,973.42
27.371,973.42
27.374,973.42
27.377,973.42
27.38,973.42
27.383,973.42
27.386,973.42
27.389,973.42
27.392,973.42
27.395,973.42
27.398,973.42
27.4011,973.42
27.4041,973.42
27.4071,973.42
27.4101,973.42
27.4131,973.42
27.4161,973.42
27.4191,973.42
27.4221,973.42
27.4251,973.42
27.4281,973.42
27.4312,973.42
27.4342,973.42
27.4372,973.42
27.4402,973.42
27.4432,973.42
27.4462,973.42
27.4493,973.42
27.4523,973.42
27.4553,973.42
27.4583,973.42
27.4613,973.42
27.4643,973.42
27.4673,973.42
27.4703,973.42
27.4734,973.42
27.4764,973.42
27.4794,973.42
27.4824,973.42
27.4854,973.42
27.4884,973.42
27.4914,973.42
27.4944,973.42
27.4974,973.42
27.5004,973.42
27.5035,973.42
27.5065,973.42
27.5095,973.42
27.5125,973.42
27.5155,973.42
27.5185,973.42
27.5215,973.42
27.5245,973.42
27.5275,973.42
27.5305,973.42
27.5335,973.42
27.5365,973.42
27.5396,973.42
27.5426,973.42
27.5456,973.42
27.5486,973.42
27.5516,973.42
27.5546,973.42
27.5577,973.42
27.5607,973.42
27.5637,973.42
27.5667,973.42
27.5697,973.42
27.5727,973.42
27.5757,973.42
27.5787,973.42
27.5817,973.42
27.5848,973.42
27.5878,973.42
27.5908,973.42
27.5938,973.42
27.5968,973.42
27.5998,973.42
27.6028,973.42
27.6058,973.42
27.6088,973.42
27.6119,973.42
27.6149,973.42
27.6179,973.42
27.6209,973.42
27.6239,973.42
27.6269,973.42
27.6299,973.42
27.633,973.42
27.636,973.42
27.639,973.42
27.642,973.42
27.645,973.42
27.648,973.42
27.651,973.42
27.654,973.42
27.657,973.42
27.66,973.42
27.6631,973.42
27.6661,973.42
27.6691,973.42
27.6721,973.42
27.6751,973.42
27.6781,973.42
27.6811,973.42
27.6841,973.42
27.6871,973.42
27.6901,973.42
27.6932,973.42
27.6962,973.42
27.6992,973.42
27.7022,973.42
27.7052,973.42
27.7082,973.42
27.7112,973.42
27.7142,973.42
27.7172,973.42
27.7203,973.42
27.7233,973.42
27.7263,973.42
27.7293,973.42
27.7323,973.42
27.7353,973.42
27.7383,973.42
27.7413,973.42
27.7443,973.42
27.7473,973.42
27.7504,973.42
27.7537,973.42
27.7567,973.42
27.7597,973.42
27.7627,973.42
27.7657,973.42
27.7687,973.42
27.7717,973.42
27.7747,973.42
27.7777,973.42
27.7807,973.42
27.7837,973.42
27.7868,973.42
27.7898,973.42
27.7928,973.42
27.7958,973.42
27.7988,973.42
27.8018,973.42
27.8048,973.42
27.8078,973.42
27.8108,973.42
27.8139,973.42
27.8169,973.42
27.8199,973.42
27.8229,973.42
27.8259,973.42
27.8289,973.42
27.8319,973.42
27.8349,973.42
27.8379,973.42
27.8409,973.42
27.8439,973.42
27.8469,973.42
27.8499,973.42
27.853,973.42
27.856,973.42
27.859,973.42
27.862,973.42
27.865,973.42
27.868,973.42
27.871,973.42
27.874,973.42
27.877,973.42
27.88,973.42
27.883,973.42
27.8861,973.42
27.8891,973.42
27.8921,973.42
27.8951,973.42
27.8981,973.42
27.9011,973.42
27.9041,973.42
27.9071,973.42
27.9101,973.42
27.9131,973.42
27.9162,973.42
27.9192,973.42
27.9222,973.42
27.9252,973.42
27.9282,973.42
27.9312,973.42
27.9342,973.42
27.9372,973.42
27.9402,973.42
27.9432,973.42
27.9462,973.42
27.9493,973.42
27.9523,973.42
27.9553,973.42
27.9583,973.42
27.9613,973.42
27.9643,973.42
27.9673,973.42
27.9703,973.42
27.9737,973.42
27.9769,973.42
27.9799,973.42
27.9829,973.42
27.9859,973.42
27.9889,973.42
27.9919,973.42
27.9949,973.42
27.9979,973.42
28.0009,973.42
28.0039,973.42
28.007,973.42
28.01,973.42
28.0133,973.42
28.0164,973.42
28.0195,973.42
28.0225,973.42
28.0255,973.42
28.0285,973.42
28.0315,973.42
28.0346,973.42
28.0376,973.42
28.0406,973.42
28.0436,973.42
28.0466,973.42
28.0496,973.42
28.0526,973.42
28.0556,973.42
28.0586,973.42
28.0616,973.42
28.0646,973.42
28.0677,973.42
28.0707,973.42
28.0737,973.42
28.0767,973.42
28.0797,973.42
28.0827,973.42
28.0857,973.42
28.0887,973.42
28.0918,974.42
28.0948,974.42
28.0978,974.42
28.1008,974.42
28.1038,974.42
28.1068,974.42
28.1098,974.42
28.1128,974.42
28.1158,974.42
28.1188,974.42
28.1219,974.42
28.1249,974.42
28.1279,974.42
28.1309,974.42
28.1339,974.42
28.1369,974.42
28.1399,974.42
28.1429,974.42
28.1459,974.42
28.1489,974.42
28.152,974.42
28.155,974.42
28.158,974.42
28.161,974.42
28.164,974.42
28.167,974.42
28.17,974.42
28.173,974.42
28.176,974.42
28.179,974.42
28.1821,974.42
28.1851,974.42
28.1881,974.42
28.1912,974.42
28.1942,974.42
28.1972,974.42
28.2002,974.42
28.2032,974.42
28.2062,974.42
28.2092,974.42
28.2122,974.42
28.2152,974.42
28.2183,974.42
28.2213,974.42
28.2243,974.42
28.2273,974.42
28.2303,974.42
28.2333,974.42
28.2363,974.42
28.2393,974.42
28.2423,974.42
28.2453,974.42
28.2484,974.42
28.2514,974.42
28.2544,974.42
28.2574,974.42
28.2604,974.42
28.2634,974.42
28.2664,974.42
28.2694,974.42
28.2724,974.42
28.2754,974.42
28.2784,974.42
28.2814,974.42
28.2845,974.42
28.2875,974.42
28.2905,974.42
28.2935,974.42
28.2965,974.42
28.2995,974.42
28.3025,974.42
28.3055,974.42
28.3085,974.42
28.3115,974.42
28.3145,974.42
28.3176,974.42
28.3206,974.42
28.3236,974.42
28.3266,974.42
28.3296,974.42
28.3326,974.42
28.3356,974.42
28.3386,974.42
28.3416,974.42
28.3446,974.42
28.3476,974.42
28.3507,974.42
28.3537,974.42
28.3567,974.42
28.3597,974.42
28.3628,974.42
28.3658,974.42
28.3688,974.42
28.3718,974.42
28.3748,974.42
28.3778,974.42
28.3808,974.42
28.3838,974.42
28.3868,974.42
28.3898,974.42
28.3929,974.42
28.3959,974.42
28.3989,974.42
28.4019,974.42
28.4049,974.42
28.4079,974.42
28.4109,974.42
28.4139,974.42
28.4169,974.42
28.4199,974.42
28.4229,974.42
28.426,974.42
28.429,974.42
28.432,974.42
28.4351,974.42
28.4381,974.42
28.4411,974.42
28.4441,974.42
28.4471,974.42
28.4502,974.42
28.4532,974.42
28.4562,974.42
28.4592,974.42
28.4622,974.42
28.4652,974.42
28.4682,974.42
28.4713,974.42
28.4743,974.42
28.4773,974.42
28.4803,974.42
28.4833,974.42
28.4863,974.42
28.4893,974.42
28.4924,974.42
28.4954,974.42
28.4984,974.42
28.5014,974.42
28.5044,974.42
28.5074,974.42
28.5104,974.42
28.5134,974.42
28.5164,974.42
28.5195,974.42
28.5225,974.42
28.5255,974.42
28.5285,974.42
28.5315,974.42
28.5346,974.42
28.5376,974.42
28.5406,974.42
28.5436,974.42
28.5467,974.42
28.5497,974.42
28.5528,974.42
28.5558,974.42
28.5588,974.42
28.5618,974.42
28.5648,974.42
28.5678,974.42
28.5708,974.42
28.5738,974.42
28.5769,974.42
28.5799,974.42
28.5829,974.42
28.5859,974.42
28.5889,974.42
28.5919,974.42
28.5949,974.42
28.5979,974.42
28.601,974.42
28.604,974.42
28.607,974.42
28.61,974.42
28.613,974.42
28.616,974.42
28.619,974.42
28.622,974.42
28.625,974.42
28.628,974.42
28.631,974.42
28.6341,974.42
28.6371,974.42
28.6401,974.42
28.6431,974.42
28.6461,974.42
28.6491,974.42
28.6521,974.42
28.6551,974.42
28.6582,974.42
28.6612,974.42
28.6642,974.42
28.6672,974.42
28.6702,974.42
28.6732,974.42
28.6763,974.42
28.6793,974.42
28.6823,974.42
28.6853,974.42
28.6883,974.42
28.6913,974.42
28.6943,974.42
28.6973,974.42
28.7003,974.42
28.7033,974.42
28.7064,974.42
28.7094,974.42
28.7124,974.42
28.7154,974.42
28.7184,974.42
28.7214,974.42
28.7244,974.42
28.7274,974.42
28.7304,974.42
28.7334,974.42
28.7364,974.42
28.7395,974.42
28.7425,974.42
28.7455,974.42
28.7485,974.42
28.7516,974.42
28.7546,974.42
28.7576,974.42
28.7606,974.42
28.7637,974.42
28.7667,974.42
28.7697,974.42
28.7727,974.42
28.7757,974.42
28.7787,974.42
28.7817,974.42
28.7847,974.42
28.7877,974.42
28.7908,974.42
28.7938,974.42
28.7968,974.42
28.7998,974.42
28.8028,974.42
28.8058,974.42
28.8088,974.42
28.8118,974.42
28.8148,974.42
28.8179,974.42
28.8209,974.42
28.8239,974.42
28.8269,974.42
28.8299,974.42
28.8329,974.42
28.8359,974.42
28.8389,974.42
28.842,974.42
28.845,974.42
28.848,974.42
28.851,974.42
28.854,974.42
28.857,974.42
28.86,974.42
28.863,974.42
28.866,974.42
28.869,974.42
28.8721,974.42
28.8751,974.42
28.8781,974.42
28.8811,974.42
28.8841,974.42
28.8871,974.42
28.8901,974.42
28.8931,974.42
28.8962,974.42
28.8992,974.42
28.9022,974.42
28.9052,974.42
28.9082,974.42
28.9112,974.42
28.9142,974.42
28.9172,974.42
28.9202,974.42
28.9233,974.42
28.9263,974.42
28.9293,974.42
28.9323,974.42
28.9353,974.42
28.9383,974.42
28.9413,974.42
28.9443,974.42
28.9473,974.42
28.9503,974.42
28.9533,974.42
28.9564,974.42
28.9594,974.42
28.9624,974.42
28.9654,974.42
28.9684,974.42
28.9714,974.42
28.9748,974.42
28.9778,974.42
28.9808,974.42
28.9838,974.42
28.9868,974.42
28.9898,974.42
28.9928,974.42
28.9959,974.42
28.9989,974.42
29.0019,974.42
29.0049,974.42
29.0079,974.42
29.0111,974.42
29.0141,974.42
29.0171,974.42
29.0201,974.42
29.0231,974.42
29.0261,974.42
29.0291,974.42
29.0321,974.42
29.0352,974.42
29.0382,974.42
29.0412,974.42
29.0442,974.42
29.0472,974.42
29.0502,974.42
29.0532,974.42
29.0562,974.42
29.0593,974.42
29.0623,974.42
29.0653,974.42
29.0683,974.42
29.0713,974.42
29.0743,974.42
29.0773,974.42
29.0803,974.42
29.0833,974.42
29.0863,974.42
29.0894,974.42
29.0924,974.42
29.0954,974.42
29.0984,974.42
29.1014,974.42
29.1044,974.42
29.1074,974.42
29.1104,974.42
29.1134,974.42
29.1164,974.42
29.1195,974.42
29.1225,974.42
29.1255,974.42
29.1285,974.42
29.1315,974.42
29.1345,974.42
29.1375,974.42
29.1405,974.42
29.1435,974.42
29.1466,974.42
29.1496,974.42
29.1526,974.42
29.1556,974.42
29.1586,974.42
29.1616,974.42
29.1646,974.42
29.1676,974.42
29.1706,974.42
29.1736,974.42
29.1767,974.42
29.1797,974.42
29.1827,974.42
29.1857,974.42
29.1888,974.42
29.1918,974.42
29.1948,974.42
29.1978,974.42
29.2008,974.42
29.2038,974.42
29.2069,974.42
29.2099,974.42
29.2129,974.42
29.2159,974.42
29.2189,974.42
29.2219,974.42
29.2249,974.42
29.2279,974.42
29.231,974.42
29.234,974.42
29.237,974.42
29.24,974.42
29.243,974.42
29.246,974.42
29.249,974.42
29.252,974.42
29.255,974.42
29.258,974.42
29.261,974.42
29.2641,974.42
29.2671,974.42
29.2701,974.42
29.2731,974.42
29.2761,974.42
29.2791,974.42
29.2821,974.42
29.2851,974.42
29.2881,974.42
29.2911,974.42
29.2942,974.42
29.2972,974.42
29.3002,974.42
29.3032,974.42
29.3062,974.42
29.3092,974.42
29.3122,974.42
29.3152,974.42
29.3183,974.42
29.3213,974.42
29.3243,974.42
29.3273,974.42
29.3303,974.42
29.3333,974.42
29.3363,974.42
29.3393,974.42
29.3423,974.42
29.3453,974.42
29.3483,974.42
29.3514,974.42
29.3544,974.42
29.3574,974.42
29.3604,974.42
29.3634,974.42
29.3664,974.42
29.3694,974.42
29.3724,974.42
29.3754,974.42
29.3784,974.42
29.3815,974.42
29.3845,974.42
29.3875,974.42
29.3905,974.42
29.3935,974.42
29.3965,974.42
29.3995,974.42
29.4025,974.42
29.4055,974.42
29.4085,974.42
29.4116,974.42
29.4146,974.42
29.4176,974.42
29.4206,974.42
29.4236,974.42
29.4266,974.42
29.4296,974.42
29.4327,974.42
29.4357,974.42
29.4387,974.42
29.4417,974.42
29.4447,974.42
29.4477,974.42
29.4508,974.42
29.4538,974.42
29.4568,974.42
29.4598,974.42
29.4628,974.42
29.4658,974.42
29.4688,974.42
29.4718,974.42
29.4749,974.42
29.4779,974.42
29.4809,974.42
29.4839,974.42
29.4869,974.42
29.4899,974.42
29.493,974.42
29.496,974.42
29.499,974.42
29.502,974.42
29.505,974.42
29.508,974.42
29.511,974.42
29.514,974.42
29.517,974.42
29.52,974.42
29.5231,974.42
29.5261,974.42
29.5291,974.42
29.5321,974.42
29.5351,974.42
29.5381,974.42
29.5411,974.42
29.5441,974.42
29.5471,974.42
29.5502,974.42
29.5532,974.42
29.5562,974.42
29.5592,974.42
29.5622,974.42
29.5652,974.42
29.5682,974.42
29.5713,974.42
29.5743,974.42
29.5773,974.42
29.5803,974.42
29.5833,974.42
29.5863,974.42
29.5893,974.42
29.5923,974.42
29.5953,974.42
29.5983,974.42
29.6013,974.42
29.6043,974.42
29.6074,974.42
29.6104,974.42
29.6134,974.42
29.6164,974.42
29.6194,974.42
29.6224,974.42
29.6254,974.42
29.6284,974.42
29.6314,974.42
29.6344,974.42
29.6375,974.42
29.6405,974.42
29.6435,974.42
29.6465,974.42
29.6495,974.42
29.6525,974.42
29.6555,974.42
29.6585,974.42
29.6615,974.42
29.6645,974.42
29.6676,974.42
29.6706,974.42
29.6736,974.42
29.6766,974.42
29.6796,974.42
29.6826,974.42
29.6856,974.42
29.6886,974.42
29.6916,974.42
29.6946,974.42
29.6976,974.42
29.7006,974.42
29.7037,974.42
29.7067,974.42
29.7097,974.42
29.7127,974.42
29.7157,974.42
29.7187,974.42
29.7217,974.42
29.7247,974.42
29.7277,974.42
29.7307,974.42
29.7338,974.42
29.7368,974.42
29.7398,974.42
29.7428,974.42
29.7458,974.42
29.7488,974.42
29.7519,974.42
29.7549,974.42
29.7579,974.42
29.7609,974.42
29.7639,974.42
29.7669,974.42
29.7699,974.42
29.7729,974.42
29.776,974.42
29.779,974.42
29.782,974.42
29.785,974.42
29.788,974.42
29.791,974.42
29.794,974.42
29.797,974.42
29.8,974.42
29.803,974.42
29.806,974.42
29.8091,974.42
29.8121,974.42
29.8151,974.42
29.8181,974.42
29.8211,974.42
29.8241,974.42
29.8271,974.42
29.8301,974.42
29.8331,974.42
29.8362,974.42
29.8392,974.42
29.8422,974.42
29.8452,974.42
29.8482,974.42
29.8512,974.42
29.8542,974.42
29.8572,974.42
29.8602,974.42
29.8633,974.42
29.8663,974.42
29.8693,974.42
29.8723,974.42
29.8753,974.42
29.8783,974.42
29.8813,974.42
29.8843,974.42
29.8873,974.42
29.8904,974.42
29.8934,974.42
29.8964,974.42
29.8994,974.42
29.9024,974.42
29.9054,974.42
29.9084,974.42
29.9114,974.42
29.9144,974.42
29.9174,974.42
29.9205,974.42
29.9235,974.42
29.9265,974.42
29.9295,974.42
29.9325,974.42
29.9355,974.42
29.9385,974.42
29.9415,974.42
29.9445,974.42
29.9475,974.42
29.9505,974.42
29.9536,974.42
29.9566,974.42
29.9596,974.42
29.9626,974.42
29.9656,974.42
29.9686,974.42
29.9716,974.42
29.9751,974.42
29.9781,974.42
29.9811,974.42
29.9841,974.42
29.9871,974.42
29.9902,974.42
29.9932,974.42
29.9962,974.42
29.9992,974.42
30.0022,974.42
30.0052,974.42
30.0082,974.42
30.0115,974.42
30.0147,974.42
30.0177,974.42
30.0208,974.42
30.0238,974.42
30.0268,974.42
30.0298,974.42
30.0328,974.42
30.0358,974.42
30.0389,974.42
30.0419,974.42
30.0449,974.42
30.0479,974.42
30.0509,974.42
30.0539,974.42
30.0569,974.42
30.0599,974.42
30.0629,974.42
30.0659,974.42
30.0689,974.42
30.072,974.42
30.075,974.42
30.078,974.42
30.081,974.42
30.084,974.42
30.087,974.42
30.09,974.42
30.093,974.42
30.096,974.42
30.099,974.42
30.1021,974.42
30.1051,974.42
30.1081,974.42
30.1111,974.42
30.1141,974.42
30.1171,974.42
30.1201,974.42
30.1231,974.42
30.1261,974.42
30.1292,974.42
30.1322,974.42
30.1352,974.42
30.1382,974.42
30.1412,974.42
30.1442,974.42
30.1472,974.42
30.1502,974.42
30.1532,974.42
30.1563,974.42
30.1593,974.42
30.1623,974.42
30.1653,974.42
30.1683,974.42
30.1713,974.42
30.1743,974.42
30.1773,974.42
30.1803,974.42
30.1834,974.42
30.1864,974.42
30.1894,974.42
30.1925,974.42
30.1955,974.42
30.1985,974.42
30.2015,974.42
30.2045,974.42
30.2075,975.28
30.2105,975.28
30.2136,975.28
30.2166,975.28
30.2196,975.28
30.2226,975.28
30.2256,975.28
30.2286,975.28
30.2316,975.28
30.2346,975.28
30.2376,975.28
30.2407,975.28
30.2437,975.28
30.2467,975.28
30.2497,975.28
30.2527,975.28
30.2557,975.28
30.2587,975.28
30.2617,975.28
30.2647,975.28
30.2677,975.28
30.2707,975.28
30.2738,975.28
30.2768,975.28
30.2798,975.28
30.2828,975.28
30.2858,975.28
30.2888,975.28
30.2918,975.28
30.2948,975.28
30.2978,975.28
30.3008,975.28
30.3038,975.28
30.3069,975.28
30.3099,975.28
30.3129,975.28
30.3159,975.28
30.3189,975.28
30.3219,975.28
30.3249,975.28
30.3279,975.28
30.3309,975.28
30.3339,975.28
30.3369,975.28
30.34,975.28
30.343,975.28
30.346,975.28
30.349,975.28
30.352,975.28
30.355,975.28
30.358,975.28
30.361,975.28
30.364,975.28
30.367,975.28
30.3701,975.28
30.3731,975.28
30.3761,975.28
30.3791,975.28
30.3821,975.28
30.3851,975.28
30.3881,975.28
30.3911,975.28
30.3941,975.28
30.3971,975.28
30.4002,975.28
30.4032,975.28
30.4062,975.28
30.4092,975.28
30.4122,975.28
30.4152,975.28
30.4182,975.28
30.4212,975.28
30.4242,975.28
30.4273,975.28
30.4303,975.28
30.4333,975.28
30.4363,975.28
30.4394,975.28
30.4424,975.28
30.4454,975.28
30.4484,975.28
30.4514,975.28
30.4544,975.28
30.4574,975.28
30.4604,975.28
30.4634,975.28
30.4665,975.28
30.4695,975.28
30.4725,975.28
30.4755,975.28
30.4785,975.28
30.4815,975.28
30.4845,975.28
30.4875,975.28
30.4906,975.28
30.4936,975.28
30.4966,975.28
30.4996,975.28
30.5026,975.28
30.5056,975.28
30.5086,975.28
30.5117,975.28
30.5147,975.28
30.5177,975.28
30.5207,975.28
30.5237,975.28
30.5267,975.28
30.5297,975.28
30.5327,975.28
30.5357,975.28
30.5387,975.28
30.5417,975.28
30.5447,975.28
30.5477,975.28
30.5508,975.28
30.554,975.28
30.557,975.28
30.56,975.28
30.563,975.28
30.566,975.28
30.569,975.28
30.5721,975.28
30.5751,975.28
30.5781,975.28
30.5811,975.28
30.5841,975.28
30.5871,975.28
30.5901,975.28
30.5931,975.28
30.5961,975.28
30.5992,975.28
30.6022,975.28
30.6052,975.28
30.6082,975.28
30.6112,975.28
30.6142,975.28
30.6172,975.28
30.6202,975.28
30.6232,975.28
30.6262,975.28
30.6292,975.28
30.6322,975.28
30.6353,975.28
30.6383,975.28
30.6413,975.28
30.6443,975.28
30.6473,975.28
30.6503,975.28
30.6533,975.28
30.6563,975.28
30.6594,975.28
30.6624,975.28
30.6654,975.28
30.6684,975.28
30.6714,975.28
30.6744,975.28
30.6774,975.28
30.6804,975.28
30.6834,975.28
30.6864,975.28
30.6894,975.28
30.6924,975.28
30.6955,975.28
30.6985,975.28
30.7015,975.28
30.7045,975.28
30.7075,975.28
30.7105,975.28
30.7135,975.28
30.7165,975.28
30.7195,975.28
30.7225,975.28
30.7255,975.28
30.7286,975.28
30.7316,975.28
30.7346,975.28
30.7376,975.28
30.7406,975.28
30.7436,975.28
30.7466,975.28
30.7496,975.28
30.7528,975.28
30.7558,975.28
30.7589,975.28
30.7619,975.28
30.7649,975.28
30.7679,975.28
30.7709,975.28
30.7739,975.28
30.7769,975.28
30.78,975.28
30.783,975.28
30.786,975.28
30.789,975.28
30.792,975.28
30.795,975.28
30.798,975.28
30.801,975.28
30.804,975.28
30.807,975.28
30.81,975.28
30.813,975.28
30.816,975.28
30.819,975.28
30.8221,975.28
30.8251,975.28
30.8281,975.28
30.8311,975.28
30.8341,975.28
30.8371,975.28
30.8401,975.28
30.8431,975.28
30.8461,975.28
30.8491,975.28
30.8522,975.28
30.8552,975.28
30.8582,975.28
30.8612,975.28
30.8642,975.28
30.8672,975.28
30.8702,975.28
30.8732,975.28
30.8762,975.28
30.8792,975.28
30.8822,975.28
30.8852,975.28
30.8883,975.28
30.8913,975.28
30.8943,975.28
30.8973,975.28
30.9003,975.28
30.9033,975.28
30.9063,975.28
30.9093,975.28
30.9123,975.28
30.9153,975.28
30.9183,975.28
30.9213,975.28
30.9243,975.28
30.9274,975.28
30.9304,975.28
30.9334,975.28
30.9364,975.28
30.9394,975.28
30.9424,975.28
30.9454,975.28
30.9484,975.28
30.9514,975.28
30.9544,975.28
30.9574,975.28
30.9604,975.28
30.9635,975.28
30.9665,975.28
30.9695,975.28
30.9728,975.28
30.9759,975.28
30.9789,975.28
30.9819,975.28
30.9849,975.28
30.9879,975.28
30.9909,975.28
30.9939,975.28
30.9969,975.28
31.0,975.28
31.003,975.28
31.006,975.28
31.009,975.28
31.0121,975.28
31.0152,975.28
31.0182,975.28
31.0212,975.28
31.0242,975.28
31.0272,975.28
31.0302,975.28
31.0332,975.28
31.0362,975.28
31.0392,975.28
31.0422,975.28
31.0453,975.28
31.0483,975.28
31.0513,975.28
31.0543,975.28
31.0573,975.28
31.0603,975.28
31.0633,975.28
31.0663,975.28
31.0693,975.28
31.0723,975.28
31.0753,975.28
31.0783,975.28
31.0813,975.28
31.0844,975.28
31.0874,975.28
31.0904,975.28
31.0934,975.28
31.0964,975.28
31.0994,975.28
31.1024,975.28
31.1054,975.28
31.1084,975.28
31.1114,975.28
31.1144,975.28
31.1174,975.28
31.1205,975.28
31.1235,975.28
31.1265,975.28
31.1295,975.28
31.1325,975.28
31.1355,975.28
31.1385,975.28
31.1415,975.28
31.1445,975.28
31.1475,975.28
31.1505,975.28
31.1535,975.28
31.1565,975.28
31.1596,975.28
31.1626,975.28
31.1656,975.28
31.1686,975.28
31.1716,975.28
31.1746,975.28
31.1776,975.28
31.1806,975.28
31.1836,975.28
31.1866,975.28
31.1897,975.28
31.1927,975.28
31.1958,975.28
31.1988,975.28
31.2018,975.28
31.2048,975.28
31.2078,975.28
31.2108,975.28
31.2138,975.28
31.2168,975.28
31.2198,975.28
31.2228,975.28
31.2258,975.28
31.2289,975.28
31.2319,975.28
31.2349,975.28
31.2379,975.28
31.2409,975.28
31.2439,975.28
31.2469,975.28
31.2499,975.28
31.2529,975.28
31.2559,975.28
31.2589,975.28
31.2619,975.28
31.265,975.28
31.268,975.28
31.271,975.28
31.274,975.28
31.277,975.28
31.28,975.28
31.283,975.28
31.286,975.28
31.2891,975.28
31.2921,975.28
31.2951,975.28
31.2981,975.28
31.3011,975.28
31.3041,975.28
31.3071,975.28
31.3101,975.28
31.3131,975.28
31.3161,975.28
31.3191,975.28
31.3221,975.28
31.3251,975.28
31.3281,975.28
31.3312,975.28
31.3342,975.28
31.3372,975.28
31.3402,975.28
31.3432,975.28
31.3462,975.28
31.3492,975.28
31.3522,975.28
31.3552,975.28
31.3582,975.28
31.3612,975.28
31.3642,975.28
31.3672,975.28
31.3703,975.28
31.3733,975.28
31.3763,975.28
31.3793,975.28
31.3823,975.28
31.3853,975.28
31.3883,975.28
31.3913,975.28
31.3943,975.28
31.3973,975.28
31.4003,975.28
31.4034,975.28
31.4064,975.28
31.4094,975.28
31.4124,975.28
31.4154,975.28
31.4184,975.28
31.4214,975.28
31.4244,975.28
31.4274,975.28
31.4305,975.28
31.4335,975.28
31.4365,975.28
31.4395,975.28
31.4425,975.28
31.4455,975.28
31.4486,975.28
31.4516,975.28
31.4546,975.28
31.4576,975.28
31.4606,975.28
31.4636,975.28
31.4666,975.28
31.4696,975.28
31.4726,975.28
31.4757,975.28
31.4787,975.28
31.4817,975.28
31.4847,975.28
31.4877,975.28
31.4907,975.28
31.4937,975.28
31.4967,975.28
31.4997,975.28
31.5027,975.28
31.5057,975.28
31.5088,975.28
31.5118,975.28
31.5148,975.28
31.5178,975.28
31.5208,975.28
31.5238,975.28
31.5268,975.28
31.5298,975.28
31.5329,975.28
31.5359,975.28
31.5389,975.28
31.5419,975.28
31.5449,975.28
31.5479,975.28
31.5509,975.28
31.554,975.28
31.557,975.28
31.56,975.28
31.5631,975.28
31.5661,975.28
31.5691,975.28
31.5721,975.28
31.5751,975.28
31.5781,975.28
31.5811,975.28
31.5841,975.28
31.5871,975.28
31.5901,975.28
31.5931,975.28
31.5961,975.28
31.5991,975.28
31.6022,975.28
31.6052,975.28
31.6082,975.28
31.6112,975.28
31.6142,975.28
31.6172,975.28
31.6202,975.28
31.6232,975.28
31.6262,975.28
31.6292,975.28
31.6323,975.28
31.6353,975.28
31.6383,975.28
31.6413,975.28
31.6443,975.28
31.6473,975.28
31.6503,975.28
31.6533,975.28
31.6563,975.28
31.6593,975.28
31.6624,975.28
31.6654,975.28
31.6684,975.28
31.6714,975.28
31.6744,975.28
31.6774,975.28
31.6804,975.28
31.6834,975.28
31.6864,975.28
31.6894,975.28
31.6925,975.28
31.6955,975.28
31.6985,975.28
31.7015,975.28
31.7045,975.28
31.7075,975.28
31.7105,975.28
31.7135,975.28
31.7165,975.28
31.7195,975.28
31.7225,975.28
31.7256,975.28
31.7286,975.28
31.7316,975.28
31.7346,975.28
31.7376,975.28
31.7406,975.28
31.7436,975.28
31.7466,975.28
31.7497,975.28
31.753,975.28
31.756,975.28
31.7591,975.28
31.7621,975.28
31.7651,975.28
31.7681,975.28
31.7711,975.28
31.7742,975.28
31.7772,975.28
31.7802,975.28
31.7832,975.28
31.7862,975.28
31.7892,975.28
31.7922,975.28
31.7952,975.28
31.7982,975.28
31.8012,975.28
31.8043,975.28
31.8073,975.28
31.8103,975.28
31.8133,975.28
31.8163,975.28
31.8193,975.28
31.8223,975.28
31.8253,975.28
31.8283,975.28
31.8313,975.28
31.8343,975.28
31.8374,975.28
31.8404,975.28
31.8434,975.28
31.8464,975.28
31.8494,975.28
31.8524,975.28
31.8554,975.28
31.8584,975.28
31.8614,975.28
31.8644,975.28
31.8674,975.28
31.8705,975.28
31.8735,975.28
31.8765,975.28
31.8795,975.28
31.8825,975.28
31.8855,975.28
31.8885,975.28
31.8915,975.28
31.8945,975.28
31.8975,975.28
31.9006,975.28
31.9036,975.28
31.9066,975.28
31.9096,975.28
31.9126,975.28
31.9156,975.28
31.9186,975.28
31.9216,975.28
31.9246,975.28
31.9276,975.28
31.9306,975.28
31.9336,975.28
31.9367,975.28
31.9397,975.28
31.9427,975.28
31.9457,975.28
31.9487,975.28
31.9517,975.28
31.9547,975.28
31.9578,975.28
31.9608,975.28
31.9638,975.28
31.9669,975.28
31.9699,975.28
31.9732,975.28
31.9763,975.28
31.9793,975.28
31.9823,975.28
31.9853,975.28
31.9883,975.28
31.9913,975.28
31.9944,975.28
31.9974,975.28
32.0004,975.28
32.0034,975.28
32.0064,975.28
32.0094,975.28
32.0128,975.28
32.016,975.28
32.019,975.28
32.022,975.28
32.025,975.28
32.0281,975.28
32.0311,975.28
32.0341,975.28
32.0371,975.28
32.0401,975.28
32.0431,975.28
32.0461,975.28
32.0491,975.28
32.0522,975.28
32.0552,975.28
32.0582,975.28
32.0612,975.28
32.0642,975.28
32.0672,975.28
32.0702,975.28
32.0732,975.28
32.0763,975.28
32.0793,975.28
32.0823,975.28
32.0853,975.28
32.0883,975.28
32.0913,975.28
32.0943,975.28
32.0973,975.28
32.1003,975.28
32.1034,975.28
32.1064,975.28
32.1094,975.28
32.1124,975.28
32.1154,975.28
32.1184,975.28
32.1214,975.28
32.1244,975.28
32.1274,975.28
32.1304,975.28
32.1334,975.28
32.1365,975.28
32.1395,975.28
32.1425,975.28
32.1455,975.28
32.1485,975.28
32.1515,975.28
32.1545,975.28
32.1576,975.28
32.1606,975.28
32.1636,975.28
32.1666,975.28
32.1696,975.28
32.1726,975.28
32.1756,975.28
32.1786,975.28
32.1816,975.28
32.1846,975.28
32.1877,975.28
32.1907,975.28
32.1938,975.28
32.1968,975.28
32.1998,975.28
32.2028,975.28
32.2058,975.28
32.2088,975.28
32.2118,975.28
32.2148,975.28
32.2179,975.28
32.2209,975.28
32.2239,975.28
32.2269,975.28
32.2299,975.28
32.2329,975.28
32.2359,975.28
32.2389,975.28
32.2419,975.28
32.2449,975.28
32.248,975.28
32.251,975.28
32.254,975.28
32.257,975.28
32.26,975.28
32.263,975.28
32.266,975.28
32.269,975.28
32.272,975.28
32.275,975.28
32.2781,975.28
32.281,975.28
32.2841,975.28
32.2871,975.28
32.2901,975.28
32.2931,975.28
32.2961,975.28
32.2991,975.28
32.3021,975.28
32.3051,975.28
32.3081,975.28
32.3111,975.28
32.3141,975.28
32.3172,975.28
32.3202,975.28
32.3232,975.28
32.3262,975.28
32.3292,975.28
32.3322,975.28
32.3352,975.28
32.3382,975.28
32.3412,975.28
32.3442,975.28
32.3472,975.28
32.3503,975.28
32.3533,975.28
32.3563,975.28
32.3593,975.28
32.3623,975.28
32.3653,975.28
32.3683,975.28
32.3713,975.28
32.3743,975.28
32.3773,975.28
32.3803,975.28
32.3834,975.28
32.3864,975.28
32.3894,975.28
32.3924,975.28
32.3954,975.28
32.3984,975.28
32.4014,975.28
32.4044,975.28
32.4075,975.28
32.4105,975.28
32.4135,975.28
32.4165,975.28
32.4195,975.28
32.4225,975.28
32.4255,975.28
32.4285,975.28
32.4316,975.28
32.4346,975.28
32.4376,975.28
32.4406,975.28
32.4437,975.28
32.4467,975.28
32.4497,975.28
32.4527,975.28
32.4557,975.28
32.4587,975.28
32.4617,975.28
32.4647,975.28
32.4677,975.28
32.4707,975.28
32.4738,975.28
32.4768,975.28
32.4798,975.28
32.4828,975.28
32.4858,975.28
32.4888,975.28
32.4918,975.28
32.4948,975.28
32.4979,975.28
32.5009,975.28
32.5039,975.28
32.5069,975.28
32.5099,975.28
32.5129,975.28
32.5159,975.28
32.5189,975.28
32.5219,975.28
32.525,975.28
32.528,975.28
32.531,975.28
32.534,975.28
32.537,975.28
32.54,975.28
32.543,975.28
32.546,975.28
32.549,975.28
32.5521,975.28
32.5551,975.28
32.5581,975.28
32.5612,975.28
32.5642,975.28
32.5672,975.28
32.5702,975.28
32.5732,975.28
32.5762,975.28
32.5792,975.28
32.5822,975.28
32.5852,975.28
32.5882,975.28
32.5912,975.28
32.5942,975.28
32.5972,975.28
32.6003,975.28
32.6033,975.28
32.6063,975.28
32.6093,975.28
32.6123,975.28
32.6154,975.28
32.6184,975.28
32.6214,975.28
32.6244,975.28
32.6274,975.28
32.6304,975.28
32.6334,975.28
32.6364,975.28
32.6394,975.28
32.6424,975.28
32.6454,975.28
32.6485,975.28
32.6515,975.28
32.6545,975.28
32.6575,975.28
32.6605,975.28
32.6635,975.28
32.6665,975.28
32.6695,975.28
32.6725,975.28
32.6755,975.28
32.6786,975.28
32.6816,975.28
32.6846,975.28
32.6876,975.28
32.6906,975.28
32.6936,975.28
32.6966,975.28
32.6996,975.28
32.7026,975.28
32.7056,975.28
32.7086,975.28
32.7117,975.28
32.7147,975.28
32.7177,975.28
32.7208,975.28
32.7238,975.28
32.7268,975.28
32.7298,975.28
32.7328,975.28
32.7358,975.28
32.7389,975.28
32.7419,975.28
32.7449,975.28
32.7479,975.28
32.751,975.28
32.754,975.28
32.757,975.28
32.76,975.28
32.7631,975.28
32.7661,975.28
32.7691,975.28
32.7721,975.28
32.7751,975.28
32.7781,975.28
32.7811,975.28
32.7841,975.28
32.7871,975.28
32.7901,975.28
32.7931,975.28
32.7962,975.28
32.7992,975.28
32.8022,975.28
32.8052,975.28
32.8082,975.28
32.8112,975.28
32.8142,975.28
32.8172,975.28
32.8202,975.28
32.8233,975.28
32.8263,975.28
32.8293,975.28
32.8323,975.28
32.8353,975.28
32.8383,975.28
32.8413,975.28
32.8443,975.28
32.8473,975.28
32.8504,975.28
32.8534,975.28
32.8564,975.28
32.8594,975.28
32.8624,975.28
32.8654,975.28
32.8684,975.28
32.8714,975.28
32.8744,975.28
32.8774,975.28
32.8805,975.28
32.8835,975.28
32.8865,975.28
32.8895,975.28
32.8925,975.28
32.8955,975.28
32.8985,975.28
32.9015,975.28
32.9045,975.28
32.9075,975.28
32.9105,975.28
32.9135,975.28
32.9166,975.28
32.9196,975.28
32.9226,975.28
32.9256,975.28
32.9286,975.28
32.9316,975.28
32.9346,975.28
32.9376,975.28
32.9406,975.28
32.9436,975.28
32.9466,975.28
32.9497,975.28
32.9527,975.28
32.9557,975.28
32.9587,975.28
32.9617,975.28
32.9647,975.28
32.9677,975.28
32.9707,975.28
32.974,975.28
32.9772,975.28
32.9802,975.28
32.9832,975.28
32.9862,975.28
32.9892,975.28
32.9922,975.28
32.9952,975.28
32.9982,975.28
33.0013,975.28
33.0043,975.28
33.0073,975.28
33.0104,975.28
33.0134,975.28
33.0164,975.28
33.0195,975.28
33.0225,975.28
33.0255,975.28
33.0285,975.28
33.0315,975.28
33.0345,975.28
33.0376,975.28
33.0406,975.28
33.0436,975.28
33.0466,975.28
33.0496,975.28
33.0526,975.28
33.0556,975.28
33.0586,975.28
33.0617,975.28
33.0647,975.28
33.0677,975.28
33.0707,975.28
33.0737,975.28
33.0767,975.28
33.0797,975.28
33.0827,975.28
33.0857,975.28
33.0887,975.28
33.0917,975.28
33.0948,975.28
33.0978,975.28
33.1008,975.28
33.1038,975.28
33.1068,975.28
33.1098,975.28
33.1128,975.28
33.1158,975.28
33.1188,975.28
33.1218,975.28
33.1248,975.28
33.1279,975.28
33.1309,975.28
33.1339,975.28
33.1369,975.28
33.1399,975.28
33.1429,975.28
33.1459,975.28
33.1489,975.28
33.1519,975.28
33.1549,975.28
33.1579,975.28
33.161,975.28
33.164,975.28
33.167,975.28
33.17,975.28
33.173,975.28
33.176,975.28
33.179,975.28
33.182,975.28
33.185,975.28
33.1881,975.28
33.1911,975.28
33.1941,975.28
33.1972,975.28
33.2002,975.28
33.2032,975.28
33.2062,975.28
33.2092,975.28
33.2122,975.28
33.2152,975.28
33.2183,975.28
33.2213,975.28
33.2243,975.28
33.2273,975.28
33.2303,975.28
33.2333,975.28
33.2363,975.28
33.2393,975.28
33.2423,975.28
33.2453,975.28
33.2483,975.28
33.2514,975.28
33.2544,975.28
33.2574,975.28
33.2604,975.28
33.2634,975.28
33.2664,975.28
33.2694,975.28
33.2724,975.28
33.2754,975.28
33.2784,975.28
33.2814,975.28
33.2844,975.28
33.2875,975.28
33.2905,975.28
33.2935,975.28
33.2965,975.28
33.2995,975.28
33.3025,975.28
33.3055,975.28
33.3085,975.28
33.3115,975.28
33.3145,975.28
33.3175,975.28
33.3205,975.28
33.3235,975.28
33.3266,975.28
33.3296,975.28
33.3326,975.28
33.3356,975.28
33.3386,975.28
33.3416,975.28
33.3446,975.28
33.3476,975.28
33.3506,975.28
33.3536,975.28
33.3566,975.28
33.3597,975.28
33.3627,975.28
33.3657,975.28
33.3687,975.28
33.3717,975.28
33.3747,975.28
33.3777,975.28
33.3807,975.28
33.3837,975.28
33.3867,975.28
33.3897,975.28
33.3928,975.28
33.3958,975.28
33.3988,975.28
33.4018,975.28
33.4048,975.28
33.4078,975.28
33.4108,975.28
33.4138,975.28
33.4168,975.28
33.4198,975.28
33.4228,975.28
33.4258,975.28
33.4289,975.28
33.4319,975.28
33.4349,975.28
33.438,975.28
33.441,975.28
33.444,975.28
33.447,975.28
33.45,975.28
33.453,975.28
33.456,975.28
33.459,975.28
33.462,975.28
33.4651,975.28
33.4681,975.28
33.4711,975.28
33.4741,975.28
33.4771,975.28
33.4801,975.28
33.4831,975.28
33.4861,975.28
33.4891,975.28
33.4922,975.28
33.4952,975.28
33.4982,975.28
33.5012,975.28
33.5042,975.28
33.5072,975.28
33.5102,975.28
33.5132,975.28
33.5162,975.28
33.5192,975.28
33.5223,975.28
33.5253,975.28
33.5283,975.28
33.5313,975.28
33.5343,975.28
33.5373,975.28
33.5403,975.28
33.5433,975.28
33.5463,975.28
33.5494,975.28
33.5524,975.28
33.5555,975.28
33.5585,975.28
33.5615,975.28
33.5645,975.28
33.5675,975.28
33.5705,975.28
33.5735,975.28
33.5765,975.28
33.5795,975.28
33.5825,975.28
33.5855,975.28
33.5886,975.28
33.5916,975.28
33.5946,975.28
33.5976,975.28
33.6006,975.28
33.6036,975.28
33.6066,975.28
33.6097,975.28
33.6127,975.28
33.6157,975.28
33.6187,975.28
33.6217,975.28
33.6247,975.28
33.6277,975.28
33.6307,975.28
33.6337,975.28
33.6368,975.28
33.6398,975.28
33.6428,975.28
33.6458,975.28
33.6488,975.28
33.6518,975.28
33.6548,975.28
33.6578,975.28
33.6608,975.28
33.6638,975.28
33.6668,975.28
33.6699,975.28
33.6729,975.28
33.6759,975.28
33.6789,975.28
33.6819,975.28
33.6849,975.28
33.6879,975.28
33.6909,975.28
33.6939,975.28
33.6969,975.28
33.6999,975.28
33.7029,975.28
33.706,975.28
33.709,975.28
33.712,975.28
33.715,975.28
33.718,975.28
33.721,975.28
33.724,975.28
33.727,975.28
33.73,975.28
33.733,975.28
33.736,975.28
33.739,975.28
33.7421,975.28
33.7451,975.28
33.7481,975.28
33.7512,975.28
33.7542,975.28
33.7572,975.28
33.7602,975.28
33.7632,975.28
33.7662,975.28
33.7693,975.28
33.7723,975.28
33.7753,975.28
33.7783,975.28
33.7813,975.28
33.7843,975.28
33.7873,975.28
33.7903,975.28
33.7933,975.28
33.7963,975.28
33.7994,975.28
33.8024,975.28
33.8054,975.28
33.8084,975.28
33.8114,975.28
33.8144,975.28
33.8174,975.28
33.8204,975.28
33.8234,975.28
33.8265,975.28
33.8295,975.28
33.8325,975.28
33.8355,975.28
33.8385,975.28
33.8415,975.28
33.8445,975.28
33.8475,975.28
33.8505,975.28
33.8535,975.28
33.8565,975.28
33.8595,975.28
33.8626,975.28
33.8656,975.28
33.8686,975.28
33.8716,975.28
33.8746,975.28
33.8776,975.28
33.8806,975.28
33.8836,975.28
33.8866,975.28
33.8896,975.28
33.8926,975.28
33.8957,975.28
33.8987,975.28
33.9017,975.28
33.9047,975.28
33.9077,975.28
33.9107,975.28
33.9137,975.28
33.9167,975.28
33.9197,975.28
33.9227,975.28
33.9257,975.28
33.9287,975.28
33.9318,975.28
33.9348,975.28
33.9378,975.28
33.9408,975.28
33.9438,975.28
33.9468,975.28
33.9498,975.28
33.9528,975.28
33.9558,975.28
33.9588,975.28
33.9618,975.28
33.9649,975.28
33.9679,975.28
33.9709,975.28
33.9742,975.28
33.9772,975.28
33.9803,976.25
33.9833,976.25
33.9863,976.25
33.9893,976.25
33.9923,976.25
33.9953,976.25
33.9983,976.25
34.0013,976.25
34.0043,976.25
34.0073,976.25
34.0104,976.25
34.0136,976.25
34.0168,976.25
34.0199,976.25
34.0229,976.25
34.0259,976.25
34.0289,976.25
34.0319,976.25
34.0349,976.25
34.038,976.25
34.041,976.25
34.044,976.25
34.047,976.25
34.05,976.25
34.053,976.25
34.056,976.25
34.059,976.25
34.062,976.25
34.065,976.25
34.068,976.25
34.0711,976.25
34.0741,976.25
34.0771,976.25
34.0801,976.25
34.0831,976.25
34.0861,976.25
34.0891,976.25
34.0921,976.25
34.0951,976.25
34.0982,976.25
34.1012,976.25
34.1042,976.25
34.1072,976.25
34.1102,976.25
34.1132,976.25
34.1162,976.25
34.1192,976.25
34.1222,976.25
34.1252,976.25
34.1282,976.25
34.1312,976.25
34.1343,976.25
34.1373,976.25
34.1403,976.25
34.1433,976.25
34.1464,976.25
34.1494,976.25
34.1524,976.25
34.1554,976.25
34.1584,976.25
34.1614,976.25
34.1644,976.25
34.1675,976.25
34.1705,976.25
34.1735,976.25
34.1765,976.25
34.1795,976.25
34.1825,976.25
34.1855,976.25
34.1886,976.25
34.1916,976.25
34.1946,976.25
34.1976,976.25
34.2007,976.25
34.2037,976.25
34.2067,976.25
34.2097,976.25
34.2127,976.25
34.2157,976.25
34.2187,976.25
34.2217,976.25
34.2247,976.25
34.2277,976.25
34.2307,976.25
34.2338,976.25
34.2368,976.25
34.2398,976.25
34.2428,976.25
34.2458,976.25
34.2488,976.25
34.2518,976.25
34.2548,976.25
34.2578,976.25
34.2608,976.25
34.2639,976.25
34.2669,976.25
34.2699,976.25
34.2729,976.25
34.2759,976.25
34.2789,976.25
34.2819,976.25
34.2849,976.25
34.2879,976.25
34.2909,976.25
34.2939,976.25
34.2969,976.25
34.3,976.25
34.303,976.25
34.306,976.25
34.309,976.25
34.312,976.25
34.315,976.25
34.318,976.25
34.321,976.25
34.324,976.25
34.3271,976.25
34.3301,976.25
34.3331,976.25
34.3361,976.25
34.3391,976.25
34.3421,976.25
34.3451,976.25
34.3481,976.25
34.3511,976.25
34.3541,976.25
34.3571,976.25
34.3601,976.25
34.3631,976.25
34.3661,976.25
34.3692,976.25
34.3722,976.25
34.3752,976.25
34.3782,976.25
34.3812,976.25
34.3842,976.25
34.3872,976.25
34.3902,976.25
34.3933,976.25
34.3963,976.25
34.3993,976.25
34.4023,976.25
34.4053,976.25
34.4083,976.25
34.4113,976.25
34.4143,976.25
34.4173,976.25
34.4203,976.25
34.4234,976.25
34.4264,976.25
34.4294,976.25
34.4324,976.25
34.4355,976.25
34.4385,976.25
34.4415,976.25
34.4445,976.25
34.4475,976.25
34.4505,976.25
34.4535,976.25
34.4565,976.25
34.4595,976.25
34.4626,976.25
34.4656,976.25
34.4686,976.25
34.4716,976.25
34.4746,976.25
34.4776,976.25
34.4806,976.25
34.4836,976.25
34.4866,976.25
34.4896,976.25
34.4927,976.25
34.4957,976.25
34.4987,976.25
34.5017,976.25
34.5047,976.25
34.5077,976.25
34.5107,976.25
34.5137,976.25
34.5167,976.25
34.5197,976.25
34.5228,976.25
34.5258,976.25
34.5288,976.25
34.5318,976.25
34.5348,976.25
34.5378,976.25
34.5408,976.25
34.5438,976.25
34.5468,976.25
34.5498,976.25
34.553,976.25
34.556,976.25
34.559,976.25
34.562,976.25
34.565,976.25
34.568,976.25
34.571,976.25
34.5741,976.25
34.5771,976.25
34.5801,976.25
34.5831,976.25
34.5861,976.25
34.5891,976.25
34.5921,976.25
34.5951,976.25
34.5981,976.25
34.6012,976.25
34.6042,976.25
34.6072,976.25
34.6102,976.25
34.6132,976.25
34.6162,976.25
34.6192,976.25
34.6222,976.25
34.6252,976.25
34.6282,976.25
34.6312,976.25
34.6343,976.25
34.6373,976.25
34.6403,976.25
34.6433,976.25
34.6463,976.25
34.6493,976.25
34.6523,976.25
34.6553,976.25
34.6583,976.25
34.6614,976.25
34.6644,976.25
34.6674,976.25
34.6704,976.25
34.6734,976.25
34.6764,976.25
34.6794,976.25
34.6824,976.25
34.6854,976.25
34.6884,976.25
34.6914,976.25
34.6944,976.25
34.6974,976.25
34.7005,976.25
34.7035,976.25
34.7065,976.25
34.7095,976.25
34.7125,976.25
34.7155,976.25
34.7185,976.25
34.7215,976.25
34.7245,976.25
34.7275,976.25
34.7305,976.25
34.7335,976.25
34.7365,976.25
34.7396,976.25
34.7426,976.25
34.7456,976.25
34.7486,976.25
34.7516,976.25
34.7546,976.25
34.7576,976.25
34.7606,976.25
34.7636,976.25
34.7666,976.25
34.7697,976.25
34.7727,976.25
34.7757,976.25
34.7787,976.25
34.7817,976.25
34.7847,976.25
34.7877,976.25
34.7907,976.25
34.7937,976.25
34.7968,976.25
34.7998,976.25
34.8028,976.25
34.8058,976.25
34.8088,976.25
34.8118,976.25
34.8148,976.25
34.8178,976.25
34.8208,976.25
34.8239,976.25
34.8269,976.25
34.8299,976.25
34.8329,976.25
34.8359,976.25
34.8389,976.25
34.8419,976.25
34.8449,976.25
34.848,976.25
34.851,976.25
34.854,976.25
34.857,976.25
34.86,976.25
34.863,976.25
34.866,976.25
34.869,976.25
34.872,976.25
34.875,976.25
34.878,976.25
34.881,976.25
34.8841,976.25
34.8871,976.25
34.8901,976.25
34.8931,976.25
34.8961,976.25
34.8991,976.25
34.9021,976.25
34.9051,976.25
34.9081,976.25
34.9112,976.25
34.9142,976.25
34.9172,976.25
34.9202,976.25
34.9232,976.25
34.9262,976.25
34.9292,976.25
34.9322,976.25
34.9352,976.25
34.9382,976.25
34.9413,976.25
34.9443,976.25
34.9473,976.25
34.9503,976.25
34.9533,976.25
34.9563,976.25
34.9593,976.25
34.9623,976.25
34.9653,976.25
34.9683,976.25
34.9713,976.25
34.9747,976.25
34.9778,976.25
34.9808,976.25
34.9838,976.25
34.9868,976.25
34.9898,976.25
34.9928,976.25
34.9958,976.25
34.9989,976.25
35.0019,976.25
35.0049,976.25
35.0079,976.25
35.011,976.25
35.014,976.25
35.017,976.25
35.02,976.25
35.023,976.25
35.026,976.25
35.0291,976.25
35.0321,976.25
35.0351,976.25
35.0381,976.25
35.0411,976.25
35.0441,976.25
35.0471,976.25
35.0501,976.25
35.0532,976.25
35.0562,976.25
35.0592,976.25
35.0622,976.25
35.0652,976.25
35.0682,976.25
35.0712,976.25
35.0742,976.25
35.0772,976.25
35.0802,976.25
35.0832,976.25
35.0863,976.25
35.0893,976.25
35.0923,976.25
35.0953,976.25
35.0983,976.25
35.1013,976.25
35.1043,976.25
35.1073,976.25
35.1103,976.25
35.1133,976.25
35.1163,976.25
35.1194,976.25
35.1224,976.25
35.1254,976.25
35.1284,976.25
35.1314,977.25
35.1344,977.25
35.1374,977.25
35.1404,977.25
35.1434,977.25
35.1464,977.25
35.1495,977.25
35.1525,977.25
35.1555,977.25
35.1585,977.25
35.1615,977.25
35.1645,977.25
35.1675,977.25
35.1709,977.25
35.1741,977.25
35.1771,977.25
35.1801,977.25
35.1832,977.25
35.1862,977.25
35.1893,977.25
35.1923,977.25
35.1953,977.25
35.1983,977.25
35.2013,977.25
35.2043,977.25
35.2074,977.25
35.2104,977.25
35.2134,977.25
35.2164,977.25
35.2194,977.25
35.2224,977.25
35.2254,977.25
35.2284,977.25
35.2314,977.25
35.2344,977.25
35.2374,977.25
35.2405,977.25
35.2435,977.25
35.2465,977.25
35.2495,977.25
35.2525,977.25
35.2555,977.25
35.2585,977.25
35.2615,977.25
35.2645,977.25
35.2675,977.25
35.2705,977.25
35.2736,977.25
35.2766,977.25
35.2796,977.25
35.2826,977.25
35.2856,977.25
35.2886,977.25
35.2916,977.25
35.2946,977.25
35.2976,977.25
35.3006,977.25
35.3036,977.25
35.3067,977.25
35.3097,977.25
35.3127,977.25
35.3157,977.25
35.3187,977.25
35.3217,977.25
35.3247,977.25
35.3277,977.25
35.3307,977.25
35.3338,977.25
35.3368,977.25
35.3398,977.25
35.3428,977.25
35.3458,977.25
35.3488,977.25
35.3518,977.25
35.3548,977.25
35.3578,977.25
35.3608,977.25
35.3638,977.25
35.3668,977.25
35.3699,977.25
35.3729,977.25
35.3759,977.25
35.3789,977.25
35.3819,977.25
35.3849,977.25
35.3879,977.25
35.3909,977.25
35.3939,977.25
35.3969,977.25
35.3999,977.25
35.403,977.25
35.406,977.25
35.409,977.25
35.412,977.25
35.415,977.25
35.418,977.25
35.421,977.25
35.424,977.25
35.427,977.25
35.4301,977.25
35.4331,977.25
35.4361,977.25
35.4391,977.25
35.4422,977.25
35.4452,977.25
35.4482,977.25
35.4512,977.25
35.4542,977.25
35.4572,977.25
35.4602,977.25
35.4632,977.25
35.4662,977.25
35.4693,977.25
35.4723,977.25
35.4753,977.25
35.4783,977.25
35.4813,977.25
35.4843,977.25
35.4873,977.25
35.4903,977.25
35.4933,977.25
35.4964,977.25
35.4994,977.25
35.5024,977.25
35.5054,977.25
35.5084,977.25
35.5114,977.25
35.5144,977.25
35.5174,977.25
35.5204,977.25
35.5235,977.25
35.5265,977.25
35.5295,977.25
35.5325,977.25
35.5355,977.25
35.5385,977.25
35.5415,977.25
35.5445,977.25
35.5475,977.25
35.5506,977.25
35.5536,977.25
35.5566,977.25
35.5596,977.25
35.5626,977.25
35.5656,977.25
35.5686,977.25
35.5716,977.25
35.5746,977.25
35.5776,977.25
35.5807,977.25
35.5837,977.25
35.5867,977.25
35.5897,977.25
35.5927,977.25
35.5957,977.25
35.5987,977.25
35.6018,977.25
35.6048,977.25
35.6078,977.25
35.6108,977.25
35.6138,977.25
35.6168,977.25
35.6198,977.25
35.6228,977.25
35.6258,977.25
35.6289,977.25
35.6319,977.25
35.6349,977.25
35.6379,977.25
35.6409,977.25
35.6439,977.25
35.6469,977.25
35.6499,977.25
35.6529,977.25
35.6559,977.25
35.659,977.25
35.662,977.25
35.665,977.25
35.668,977.25
35.671,977.25
35.674,977.25
35.677,977.25
35.68,977.25
35.683,977.25
35.686,977.25
35.6891,977.25
35.6921,977.25
35.6951,977.25
35.6981,977.25
35.7011,977.25
35.7041,977.25
35.7071,977.25
35.7101,977.25
35.7131,977.25
35.7161,977.25
35.7191,977.25
35.7221,977.25
35.7252,977.25
35.7282,977.25
35.7312,977.25
35.7342,977.25
35.7372,977.25
35.7402,977.25
35.7432,977.25
35.7462,977.25
35.7492,977.25
35.7523,977.25
35.7553,977.25
35.7584,977.25
35.7614,977.25
35.7644,977.25
35.7674,977.25
35.7704,977.25
35.7734,977.25
35.7764,977.25
35.7794,977.25
35.7825,977.25
35.7855,977.25
35.7885,977.25
35.7915,977.25
35.7945,977.25
35.7975,977.25
35.8005,977.25
35.8035,977.25
35.8065,977.25
35.8095,977.25
35.8126,977.25
35.8156,977.25
35.8186,977.25
35.8216,977.25
35.8246,977.25
35.8276,977.25
35.8306,977.25
35.8336,977.25
35.8366,977.25
35.8396,977.25
35.8427,977.25
35.8457,977.25
35.8487,977.25
35.8517,977.25
35.8547,977.25
35.8577,977.25
35.8607,977.25
35.8637,977.25
35.8667,977.25
35.8698,977.25
35.8728,977.25
35.8758,977.25
35.8788,977.25
35.8818,977.25
35.8848,977.25
35.8878,977.25
35.8908,977.25
35.8938,977.25
35.8968,977.25
35.8999,977.25
35.9029,977.25
35.9059,977.25
35.9089,977.25
35.9119,977.25
35.9149,977.25
35.9179,977.25
35.9209,977.25
35.9239,977.25
35.927,977.25
35.93,977.25
35.933,977.25
35.936,977.25
35.939,977.25
35.942,977.25
35.945,977.25
35.948,977.25
35.951,977.25
35.954,977.25
35.957,977.25
35.96,977.25
35.9631,977.25
35.9661,977.25
35.9691,977.25
35.9723,977.25
35.9756,977.25
35.9786,977.25
35.9816,977.25
35.9846,977.25
35.9877,977.25
35.9907,977.25
35.9937,977.25
35.9968,977.25
35.9998,977.25
36.0028,977.25
36.0058,977.25
36.0088,977.25
36.0122,977.25
36.0154,977.25
36.0184,977.25
36.0214,977.25
36.0244,977.25
36.0275,977.25
36.0305,977.25
36.0335,977.25
36.0365,977.25
36.0395,977.25
36.0425,977.25
36.0455,977.25
36.0485,977.25
36.0516,977.25
36.0546,977.25
36.0576,977.25
36.0606,977.25
36.0636,977.25
36.0666,977.25
36.0696,977.25
36.0727,977.25
36.0757,977.25
36.0787,977.25
36.0817,977.25
36.0847,977.25
36.0877,977.25
36.0907,977.25
36.0937,977.25
36.0968,977.25
36.0998,977.25
36.1028,977.25
36.1058,977.25
36.1088,977.25
36.1118,977.25
36.1148,977.25
36.1179,977.25
36.1209,977.25
36.1241,977.25
36.1271,977.25
36.1301,977.25
36.1331,977.25
36.1361,977.25
36.1391,977.25
36.1422,977.25
36.1452,977.25
36.1482,977.25
36.1512,977.25
36.1542,977.25
36.1572,977.25
36.1602,977.25
36.1633,977.25
36.1663,977.25
36.1693,977.25
36.1723,977.25
36.1753,977.25
36.1783,977.25
36.1813,977.25
36.1843,977.25
36.1874,977.25
36.1904,977.25
36.1934,977.25
36.1965,977.25
36.1995,977.25
36.2025,977.25
36.2055,977.25
36.2085,977.25
36.2115,977.25
36.2145,977.25
36.2176,977.25
36.2206,977.25
36.2236,977.25
36.2266,977.25
36.2296,977.25
36.2326,977.25
36.2356,977.25
36.2387,977.25
36.2417,977.25
36.2447,977.25
36.2477,977.25
36.2507,977.25
36.2537,977.25
36.2567,977.25
36.2598,977.25
36.2628,977.25
36.2658,977.25
36.2688,977.25
36.2718,977.25
36.2748,977.25
36.2778,977.25
36.2808,977.25
36.2839,977.25
36.2869,977.25
36.2899,977.25
36.2929,977.25
36.2959,977.25
36.2989,977.25
36.3019,977.25
36.305,977.25
36.308,977.25
36.311,977.25
36.314,977.25
36.317,977.25
36.32,977.25
36.323,977.25
36.3261,977.25
36.3291,977.25
36.3321,977.25
36.3351,977.25
36.3381,977.25
36.3411,977.25
36.3441,977.25
36.3471,977.25
36.3502,977.25
36.3532,977.25
36.3562,977.25
36.3592,977.25
36.3622,977.25
36.3652,977.25
36.3682,977.25
36.3713,977.25
36.3743,977.25
36.3773,977.25
36.3803,977.25
36.3833,977.25
36.3863,977.25
36.3893,977.25
36.3923,977.25
36.3954,977.25
36.3984,977.25
36.4014,977.25
36.4044,977.25
36.4074,977.25
36.4104,977.25
36.4134,977.25
36.4164,977.25
36.4194,977.25
36.4225,977.25
36.4255,977.25
36.4285,977.25
36.4316,977.25
36.4346,977.25
36.4376,977.25
36.4406,977.25
36.4436,977.25
36.4466,977.25
36.4497,977.25
36.4527,977.25
36.4557,977.25
36.4587,977.25
36.4617,977.25
36.4647,977.25
36.4677,977.25
36.4707,977.25
36.4738,977.25
36.4768,977.25
36.4798,977.25
36.4828,977.25
36.4858,977.25
36.4888,977.25
36.4918,977.25
36.4949,977.25
36.4979,977.25
36.5009,977.25
36.5039,977.25
36.5069,977.25
36.5099,977.25
36.5129,977.25
36.5159,977.25
36.519,977.25
36.522,977.25
36.525,977.25
36.528,977.25
36.531,977.25
36.534,977.25
36.537,977.25
36.5401,977.25
36.5431,977.25
36.5461,977.25
36.5491,977.25
36.5521,977.25
36.5551,977.25
36.5582,977.25
36.5612,977.25
36.5642,977.25
36.5672,977.25
36.5702,977.25
36.5732,977.25
36.5762,977.25
36.5793,977.25
36.5823,977.25
36.5853,977.25
36.5883,977.25
36.5913,977.25
36.5943,977.25
36.5973,977.25
36.6003,977.25
36.6033,977.25
36.6064,977.25
36.6094,977.25
36.6124,977.25
36.6154,977.25
36.6184,977.25
36.6214,977.25
36.6244,977.25
36.6274,977.25
36.6304,977.25
36.6335,977.25
36.6365,977.25
36.6395,977.25
36.6425,977.25
36.6455,977.25
36.6485,977.25
36.6515,977.25
36.6545,977.25
36.6575,977.25
36.6606,977.25
36.6636,977.25
36.6666,977.25
36.6696,977.25
36.6726,977.25
36.6756,977.25
36.6786,977.25
36.6816,977.25
36.6847,977.25
36.6877,977.25
36.6907,977.25
36.6937,977.25
36.6967,977.25
36.6997,977.25
36.7027,977.25
36.7057,977.25
36.7087,977.25
36.7117,977.25
36.7147,977.25
36.7178,977.25
36.7208,977.25
36.7238,977.25
36.7268,977.25
36.7298,977.25
36.7328,977.25
36.7358,977.25
36.7388,977.25
36.7419,977.25
36.7449,977.25
36.7479,977.25
36.751,977.25
36.754,977.25
36.757,977.25
36.7601,977.25
36.7631,977.25
36.7661,977.25
36.7691,977.25
36.7721,977.25
36.7751,977.25
36.7781,977.25
36.7811,977.25
36.7842,977.25
36.7872,977.25
36.7902,977.25
36.7932,977.25
36.7962,977.25
36.7992,977.25
36.8022,977.25
36.8052,977.25
36.8083,977.25
36.8113,977.25
36.8143,977.25
36.8173,977.25
36.8203,977.25
36.8233,977.25
36.8263,977.25
36.8293,977.25
36.8323,977.25
36.8353,977.25
36.8384,977.25
36.8414,977.25
36.8444,977.25
36.8474,977.25
36.8504,977.25
36.8534,977.25
36.8564,977.25
36.8594,977.25
36.8624,977.25
36.8655,977.25
36.8685,977.25
36.8715,977.25
36.8745,977.25
36.8775,977.25
36.8805,977.25
36.8835,977.25
36.8865,977.25
36.8895,977.25
36.8926,977.25
36.8956,977.25
36.8986,977.25
36.9016,977.25
36.9046,977.25
36.9076,977.25
36.9106,977.25
36.9136,977.25
36.9166,977.25
36.9197,977.25
36.9227,977.25
36.9257,977.25
36.9287,977.25
36.9317,977.25
36.9347,977.25
36.9377,977.25
36.9407,977.25
36.9437,977.25
36.9467,977.25
36.9498,977.25
36.9528,977.25
36.9558,977.25
36.9588,977.25
36.9618,977.25
36.9648,977.25
36.9678,977.25
36.9708,977.25
36.9742,977.25
36.9772,977.25
36.9802,977.25
36.9833,977.25
36.9863,977.25
36.9893,977.25
36.9923,977.25
36.9953,977.25
36.9983,977.25
37.0013,977.25
37.0044,977.25
37.0074,977.25
37.0104,977.25
37.0135,977.25
37.0165,977.25
37.0195,977.25
37.0225,977.25
37.0255,977.25
37.0285,977.25
37.0316,977.25
37.0346,977.25
37.0376,977.25
37.0406,977.25
37.0436,977.25
37.0466,977.25
37.0496,977.25
37.0527,977.25
37.0557,977.25
37.0587,977.25
37.0617,977.25
37.0647,977.25
37.0677,977.25
37.0707,977.25
37.0737,977.25
37.0768,977.25
37.0798,977.25
37.0828,977.25
37.0858,977.25
37.0888,977.25
37.0918,977.25
37.0948,977.25
37.0978,977.25
37.1008,977.25
37.1039,977.25
37.1069,977.25
37.1099,977.25
37.1129,977.25
37.1159,977.25
37.1189,977.25
37.1219,977.25
37.1249,977.25
37.1279,977.25
37.131,977.25
37.134,977.25
37.137,977.25
37.14,977.25
37.143,977.25
37.146,977.25
37.149,977.25
37.1521,977.25
37.1551,977.25
37.1581,977.25
37.1611,977.25
37.1641,977.25
37.1671,977.25
37.1701,977.25
37.1731,977.25
37.1762,977.25
37.1792,977.25
37.1822,977.25
37.1852,977.25
37.1883,977.25
37.1913,977.25
37.1943,977.25
37.1973,977.25
37.2003,977.25
37.2033,977.25
37.2064,977.25
37.2094,977.25
37.2124,977.25
37.2154,977.25
37.2184,977.25
37.2214,977.25
37.2244,977.25
37.2274,977.25
37.2305,977.25
37.2335,977.25
37.2365,977.25
37.2395,977.25
37.2425,977.25
37.2455,977.25
37.2485,977.25
37.2515,977.25
37.2545,977.25
37.2575,977.25
37.2606,977.25
37.2636,977.25
37.2666,977.25
37.2696,977.25
37.2726,977.25
37.2756,977.25
37.2786,977.25
37.2817,977.25
37.2847,977.25
37.2877,977.25
37.2907,977.25
37.2937,977.25
37.2967,977.25
37.2997,977.25
37.3027,977.25
37.3057,977.25
37.3088,977.25
37.3118,977.25
37.3148,977.25
37.3178,977.25
37.3208,977.25
37.3238,977.25
37.3268,977.25
37.3298,977.25
37.3328,977.25
37.3358,977.25
37.3389,977.25
37.3419,977.25
37.3449,977.25
37.3479,977.25
37.3509,977.25
37.3539,977.25
37.3569,977.25
37.3599,977.25
37.3629,977.25
37.3659,977.25
37.369,977.25
37.372,977.25
37.375,977.25
37.378,977.25
37.381,977.25
37.384,977.25
37.387,977.25
37.39,977.25
37.393,977.25
37.3961,977.25
37.3991,977.25
37.4021,977.25
37.4051,977.25
37.4081,977.25
37.4111,977.25
37.4141,977.25
37.4171,977.25
37.4201,977.25
37.4231,977.25
37.4261,977.25
37.4292,977.25
37.4322,977.25
37.4352,977.25
37.4383,977.25
37.4413,977.25
37.4443,977.25
37.4473,977.25
37.4503,977.25
37.4533,977.25
37.4563,977.25
37.4594,977.25
37.4624,977.25
37.4654,977.25
37.4684,977.25
37.4714,977.25
37.4744,977.25
37.4775,977.25
37.4805,977.25
37.4835,977.25
37.4865,977.25
37.4895,977.25
37.4925,977.25
37.4955,977.25
37.4985,977.25
37.5015,977.25
37.5046,977.25
37.5076,977.25
37.5106,977.25
37.5136,977.25
37.5166,977.25
37.5196,977.25
37.5226,977.25
37.5256,977.25
37.5287,977.25
37.5317,977.25
37.5347,977.25
37.5377,977.25
37.5407,977.25
37.5437,977.25
37.5467,977.25
37.5497,977.25
37.5528,977.25
37.5558,977.25
37.5588,977.25
37.5618,977.25
37.5648,977.25
37.5678,977.25
37.5709,977.25
37.5739,977.25
37.5769,977.25
37.5799,977.25
37.5829,977.25
37.5859,977.25
37.5889,977.25
37.5919,977.25
37.595,977.25
37.598,977.25
37.601,977.25
37.604,977.25
37.607,977.25
37.61,977.25
37.613,977.25
37.616,977.25
37.6191,977.25
37.6221,977.25
37.6251,977.25
37.6281,977.25
37.6311,977.25
37.6341,977.25
37.6371,977.25
37.6401,977.25
37.6431,977.25
37.6461,977.25
37.6492,977.25
37.6522,977.25
37.6552,977.25
37.6582,977.25
37.6612,977.25
37.6642,977.25
37.6672,977.25
37.6702,977.25
37.6732,977.25
37.6763,977.25
37.6793,977.25
37.6823,977.25
37.6853,977.25
37.6883,977.25
37.6913,977.25
37.6943,977.25
37.6973,977.25
37.7003,977.25
37.7034,977.25
37.7064,977.25
37.7094,977.25
37.7124,977.25
37.7154,977.25
37.7184,977.25
37.7214,977.25
37.7244,977.25
37.7274,977.25
37.7305,977.25
37.7335,977.25
37.7365,977.25
37.7395,977.25
37.7425,977.25
37.7455,977.25
37.7485,977.25
37.7517,977.25
37.7547,977.25
37.7577,977.25
37.7607,977.25
37.7637,977.25
37.7667,977.25
37.7698,977.25
37.7728,977.25
37.7758,977.25
37.7788,977.25
37.7818,977.25
37.7848,977.25
37.7878,977.25
37.7908,977.25
37.7939,977.25
37.7969,977.25
37.7999,977.25
37.8029,977.25
37.8059,977.25
37.8089,977.25
37.8119,977.25
37.8149,977.25
37.818,977.25
37.821,977.25
37.824,977.25
37.827,977.25
37.83,977.25
37.833,977.25
37.836,977.25
37.839,977.25
37.842,977.25
37.845,977.25
37.8481,977.25
37.8511,977.25
37.8541,977.25
37.8571,977.25
37.8601,977.25
37.8631,977.25
37.8661,977.25
37.8691,977.25
37.8722,977.25
37.8752,977.25
37.8782,977.25
37.8812,977.25
37.8842,977.25
37.8872,977.25
37.8902,977.25
37.8932,977.25
37.8962,977.25
37.8992,977.25
37.9023,977.25
37.9053,977.25
37.9083,977.25
37.9113,977.25
37.9143,977.25
37.9173,977.25
37.9203,977.25
37.9233,977.25
37.9264,977.25
37.9294,977.25
37.9324,977.25
37.9354,977.25
37.9384,977.25
37.9414,977.25
37.9444,977.25
37.9474,977.25
37.9505,977.25
37.9535,977.25
37.9565,977.25
37.9595,977.25
37.9625,977.25
37.9655,977.25
37.9685,977.25
37.9715,977.25
37.9749,977.25
37.9779,977.25
37.9809,977.25
37.9839,977.25
37.9869,977.25
37.9899,977.25
37.9929,977.25
37.996,977.25
37.999,977.25
38.002,977.25
38.005,977.25
38.008,977.25
38.0113,977.25
38.0145,977.25
38.0176,977.25
38.0207,977.25
38.0237,977.25
38.0267,977.25
38.0297,977.25
38.0327,977.25
38.0357,977.25
38.0387,977.25
38.0418,977.25
38.0448,977.25
38.0478,977.25
38.0508,977.25
38.0538,977.25
38.0568,977.25
38.0598,977.25
38.0629,977.25
38.0659,977.25
38.0689,977.25
38.0719,977.25
38.0749,977.25
38.0779,977.25
38.0809,977.25
38.0839,977.25
38.0869,977.25
38.0899,977.25
38.093,977.25
38.096,977.25
38.099,977.25
38.102,977.25
38.105,977.25
38.108,977.25
38.1111,977.25
38.1141,977.25
38.1171,977.25
38.1201,977.25
38.1231,977.25
38.1261,977.25
38.1291,977.25
38.1322,977.25
38.1352,977.25
38.1382,977.25
38.1412,977.25
38.1442,977.25
38.1472,977.25
38.1502,977.25
38.1532,977.25
38.1563,977.25
38.1593,977.25
38.1623,977.25
38.1653,977.25
38.1683,977.25
38.1713,977.25
38.1743,977.25
38.1774,977.25
38.1804,977.25
38.1834,977.25
38.1864,977.25
38.1895,977.25
38.1925,977.25
38.1955,977.25
38.1985,977.25
38.2016,977.25
38.2046,977.25
38.2076,977.25
38.2106,977.25
38.2136,977.25
38.2166,977.25
38.2196,977.25
38.2227,977.25
38.2257,977.25
38.2287,978.34
38.2317,978.34
38.2347,978.34
38.2377,978.34
38.2408,978.34
38.2438,978.34
38.2468,978.34
38.2498,978.34
38.2528,978.34
38.2558,978.34
38.2588,978.34
38.2618,978.34
38.2648,978.34
38.2679,978.34
38.2709,978.34
38.274,978.34
38.277,978.34
38.28,978.34
38.283,978.34
38.286,978.34
38.289,978.34
38.2921,978.34
38.2951,978.34
38.2981,978.34
38.3011,978.34
38.3041,978.34
38.3071,978.34
38.3101,978.34
38.3131,978.34
38.3162,978.34
38.3192,978.34
38.3222,978.34
38.3252,978.34
38.3282,978.34
38.3312,978.34
38.3342,978.34
38.3373,978.34
38.3403,978.34
38.3433,978.34
38.3463,978.34
38.3493,978.34
38.3523,978.34
38.3553,978.34
38.3583,978.34
38.3614,978.34
38.3644,978.34
38.3674,978.34
38.3704,978.34
38.3734,978.34
38.3764,978.34
38.3795,978.34
38.3825,978.34
38.3855,978.34
38.3885,978.34
38.3915,978.34
38.3945,978.34
38.3975,978.34
38.4006,978.34
38.4036,978.34
38.4066,978.34
38.4096,978.34
38.4126,978.34
38.4156,978.34
38.4186,978.34
38.4216,978.34
38.4246,978.34
38.4276,978.34
38.4307,978.34
38.4337,978.34
38.4368,978.34
38.4398,978.34
38.4428,978.34
38.4458,978.34
38.4489,978.34
38.4519,978.34
38.4549,978.34
38.4579,978.34
38.4609,978.34
38.4639,978.34
38.4669,978.34
38.4699,978.34
38.473,978.34
38.476,978.34
38.479,978.34
38.482,978.34
38.485,978.34
38.488,978.34
38.4911,978.34
38.4941,978.34
38.4971,978.34
38.5001,978.34
38.5031,978.34
38.5061,978.34
38.5091,978.34
38.5122,978.34
38.5152,978.34
38.5182,978.34
38.5212,978.34
38.5242,978.34
38.5272,978.34
38.5302,978.34
38.5332,978.34
38.5362,978.34
38.5393,978.34
38.5423,978.34
38.5453,978.34
38.5483,978.34
38.5513,978.34
38.5544,978.34
38.5574,978.34
38.5604,978.34
38.5634,978.34
38.5664,978.34
38.5695,978.34
38.5725,978.34
38.5755,978.34
38.5785,978.34
38.5815,978.34
38.5845,978.34
38.5875,978.34
38.5905,978.34
38.5935,978.34
38.5965,978.34
38.5996,978.34
38.6026,978.34
38.6056,978.34
38.6086,978.34
38.6116,978.34
38.6146,978.34
38.6176,978.34
38.6206,978.34
38.6236,978.34
38.6266,978.34
38.6296,978.34
38.6327,978.34
38.6357,978.34
38.6387,978.34
38.6417,978.34
38.6447,978.34
38.6477,978.34
38.6507,978.34
38.6537,978.34
38.6568,978.34
38.6598,978.34
38.6628,978.34
38.6658,978.34
38.6688,978.34
38.6718,978.34
38.6748,978.34
38.6778,978.34
38.6808,978.34
38.6838,978.34
38.6868,978.34
38.6899,978.34
38.6929,978.34
38.6959,978.34
38.6989,978.34
38.7019,978.34
38.7049,978.34
38.7079,978.34
38.711,978.34
38.714,978.34
38.717,978.34
38.72,978.34
38.723,978.34
38.726,978.34
38.729,978.34
38.732,978.34
38.735,978.34
38.738,978.34
38.7411,978.34
38.7441,978.34
38.7471,978.34
38.7501,978.34
38.7531,978.34
38.7561,978.34
38.7591,978.34
38.7622,978.34
38.7652,978.34
38.7682,978.34
38.7712,978.34
38.7742,978.34
38.7772,978.34
38.7802,978.34
38.7832,978.34
38.7863,978.34
38.7893,978.34
38.7923,978.34
38.7953,978.34
38.7983,978.34
38.8013,978.34
38.8043,978.34
38.8073,978.34
38.8104,978.34
38.8134,978.34
38.8164,978.34
38.8194,978.34
38.8224,978.34
38.8254,978.34
38.8284,978.34
38.8314,978.34
38.8344,978.34
38.8375,978.34
38.8405,978.34
38.8435,978.34
38.8465,978.34
38.8495,978.34
38.8525,978.34
38.8555,978.34
38.8585,978.34
38.8616,978.34
38.8646,978.34
38.8676,978.34
38.8706,978.34
38.8736,978.34
38.8766,978.34
38.8796,978.34
38.8826,978.34
38.8857,978.34
38.8887,978.34
38.8917,978.34
38.8947,978.34
38.8977,978.34
38.9007,978.34
38.9037,978.34
38.9068,978.34
38.9098,978.34
38.9128,978.34
38.9158,978.34
38.9188,978.34
38.9218,978.34
38.9248,978.34
38.9278,978.34
38.9308,978.34
38.9338,978.34
38.9369,978.34
38.9399,978.34
38.9429,978.34
38.9459,978.34
38.9489,978.34
38.9519,978.34
38.9549,978.34
38.9579,978.34
38.961,978.34
38.964,978.34
38.967,978.34
38.97,978.34
38.9732,978.34
38.9764,978.34
38.9794,978.34
38.9824,978.34
38.9854,978.34
38.9884,978.34
38.9915,978.34
38.9945,978.34
38.9975,978.34
39.0005,978.34
39.0035,978.34
39.0065,978.34
39.0095,978.34
39.0126,978.34
39.0156,978.34
39.0187,978.34
39.0217,978.34
39.0247,978.34
39.0277,978.34
39.0307,978.34
39.0337,978.34
39.0367,978.34
39.0397,978.34
39.0428,978.34
39.0458,978.34
39.0488,978.34
39.0518,978.34
39.0548,978.34
39.0578,978.34
39.0608,978.34
39.0639,978.34
39.0669,978.34
39.0699,978.34
39.0729,978.34
39.0759,978.34
39.0789,978.34
39.0819,978.34
39.0849,978.34
39.0879,978.34
39.091,978.34
39.094,978.34
39.097,978.34
39.1,978.34
39.103,978.34
39.106,978.34
39.109,978.34
39.112,978.34
39.1151,978.34
39.1181,978.34
39.1211,978.34
39.1241,978.34
39.1271,978.34
39.1301,978.34
39.1331,978.34
39.1361,978.34
39.1392,978.34
39.1422,978.34
39.1452,978.34
39.1482,978.34
39.1512,978.34
39.1542,978.34
39.1572,978.34
39.1603,978.34
39.1633,978.34
39.1663,978.34
39.1693,978.34
39.1723,978.34
39.1753,978.34
39.1783,978.34
39.1813,978.34
39.1843,978.34
39.1874,978.34
39.1905,978.34
39.1935,978.34
39.1965,978.34
39.1995,978.34
39.2025,978.34
39.2056,978.34
39.2086,978.34
39.2116,978.34
39.2146,978.34
39.2176,978.34
39.2206,978.34
39.2236,978.34
39.2267,978.34
39.2297,978.34
39.2327,978.34
39.2357,978.34
39.2387,978.34
39.2417,978.34
39.2447,978.34
39.2477,978.34
39.2507,978.34
39.2538,978.34
39.2568,978.34
39.2598,978.34
39.2628,978.34
39.2658,978.34
39.2688,978.34
39.2718,978.34
39.2748,978.34
39.2778,978.34
39.2809,978.34
39.2839,978.34
39.2869,978.34
39.2899,978.34
39.2929,978.34
39.2959,978.34
39.2989,978.34
39.302,978.34
39.305,978.34
39.308,978.34
39.311,978.34
39.314,978.34
39.317,978.34
39.32,978.34
39.323,978.34
39.3261,978.34
39.3291,978.34
39.3321,978.34
39.3351,978.34
39.3381,978.34
39.3411,978.34
39.3441,978.34
39.3471,978.34
39.3502,978.34
39.3532,978.34
39.3562,978.34
39.3592,978.34
39.3622,978.34
39.3652,978.34
39.3682,978.34
39.3712,978.34
39.3743,978.34
39.3773,978.34
39.3803,978.34
39.3833,978.34
39.3863,978.34
39.3893,978.34
39.3923,978.34
39.3953,978.34
39.3984,978.34
39.4014,978.34
39.4044,978.34
39.4074,978.34
39.4104,978.34
39.4134,978.34
39.4164,978.34
39.4194,978.34
39.4225,978.34
39.4255,978.34
39.4286,978.34
39.4316,978.34
39.4346,978.34
39.4377,978.34
39.4407,978.34
39.4437,978.34
39.4467,978.34
39.4497,978.34
39.4527,978.34
39.4557,978.34
39.4587,978.34
39.4618,978.34
39.4648,978.34
39.4678,978.34
39.4708,978.34
39.4738,978.34
39.4768,978.34
39.4799,978.34
39.4829,978.34
39.4859,978.34
39.4889,978.34
39.4919,978.34
39.4949,978.34
39.4979,978.34
39.5009,978.34
39.5039,978.34
39.507,978.34
39.51,978.34
39.513,978.34
39.516,978.34
39.519,978.34
39.522,978.34
39.525,978.34
39.528,978.34
39.5311,978.34
39.5341,978.34
39.5371,978.34
39.5401,978.34
39.5431,978.34
39.5461,978.34
39.5491,978.34
39.5522,978.34
39.5552,978.34
39.5582,978.34
39.5612,978.34
39.5642,978.34
39.5673,978.34
39.5703,978.34
39.5733,978.34
39.5763,978.34
39.5793,978.34
39.5823,978.34
39.5853,978.34
39.5884,978.34
39.5914,978.34
39.5944,978.34
39.5974,978.34
39.6004,978.34
39.6034,978.34
39.6064,978.34
39.6095,978.34
39.6125,978.34
39.6155,978.34
39.6185,978.34
39.6215,978.34
39.6245,978.34
39.6275,978.34
39.6305,978.34
39.6335,978.34
39.6365,978.34
39.6396,978.34
39.6426,978.34
39.6456,978.34
39.6486,978.34
39.6516,978.34
39.6546,978.34
39.6576,978.34
39.6606,978.34
39.6637,978.34
39.6667,978.34
39.6697,978.34
39.6727,978.34
39.6757,978.34
39.6787,978.34
39.6817,978.34
39.6847,978.34
39.6878,978.34
39.6908,978.34
39.6938,978.34
39.6968,978.34
39.6998,978.34
39.7028,978.34
39.7058,978.34
39.7088,978.34
39.7119,978.34
39.7149,978.34
39.7179,978.34
39.7209,978.34
39.7239,978.34
39.7269,978.34
39.7299,978.34
39.733,978.34
39.736,978.34
39.739,978.34
39.742,978.34
39.745,978.34
39.748,978.34
39.7511,978.34
39.7541,978.34
39.7571,978.34
39.7601,978.34
39.7632,978.34
39.7662,978.34
39.7692,978.34
39.7722,978.34
39.7752,978.34
39.7783,978.34
39.7813,978.34
39.7843,978.34
39.7873,978.34
39.7903,978.34
39.7933,978.34
39.7963,978.34
39.7993,978.34
39.8023,978.34
39.8054,978.34
39.8084,978.34
39.8114,978.34
39.8144,978.34
39.8174,978.34
39.8204,978.34
39.8234,978.34
39.8264,978.34
39.8294,978.34
39.8325,978.34
39.8355,978.34
39.8385,978.34
39.8415,978.34
39.8445,978.34
39.8475,978.34
39.8505,978.34
39.8536,978.34
39.8566,978.34
39.8596,978.34
39.8626,978.34
39.8656,978.34
39.8686,978.34
39.8716,978.34
39.8746,978.34
39.8776,978.34
39.8807,978.34
39.8837,978.34
39.8867,978.34
39.8897,978.34
39.8927,978.34
39.8957,978.34
39.8987,978.34
39.9017,978.34
39.9048,978.34
39.9078,978.34
39.9108,978.34
39.9138,978.34
39.9168,978.34
39.9198,978.34
39.9228,978.34
39.9258,978.34
39.9289,978.34
39.9319,978.34
39.9349,978.34
39.9379,978.34
39.9409,978.34
39.9439,978.34
39.9469,978.34
39.95,978.34
39.953,978.34
39.956,978.34
39.959,978.34
39.962,978.34
39.965,978.34
39.968,978.34
39.9711,978.34
39.9745,978.34
39.9775,978.34
39.9806,978.34
39.9836,978.34
39.9866,978.34
39.9896,978.34
39.9926,978.34
39.9956,978.34
39.9987,978.34
40.0017,978.34
40.0047,978.34
40.0077,978.34
40.0109,978.34
40.014,978.34
40.0171,978.34
40.0202,978.34
40.0232,978.34
40.0262,978.34
40.0292,978.34
40.0322,978.34
40.0353,978.34
40.0383,978.34
40.0413,978.34
40.0443,978.34
40.0473,978.34
40.0503,978.34
40.0533,978.34
40.0564,978.34
40.0594,978.34
40.0624,978.34
40.0654,978.34
40.0684,978.34
40.0714,978.34
40.0744,978.34
40.0775,978.34
40.0805,978.34
40.0835,978.34
40.0865,978.34
40.0895,978.34
40.0925,978.34
40.0956,978.34
40.0986,978.34
40.1016,978.34
40.1046,978.34
40.1076,978.34
40.1106,978.34
40.1136,978.34
40.1166,978.34
40.1197,978.34
40.1227,978.34
40.1257,978.34
40.1287,978.34
40.1317,978.34
40.1347,978.34
40.1377,978.34
40.1408,978.34
40.1438,978.34
40.1468,978.34
40.1498,978.34
40.1528,978.34
40.1558,978.34
40.1588,978.34
40.1619,978.34
40.1649,978.34
40.1679,978.34
40.1709,978.34
40.1739,978.34
40.1769,978.34
40.1799,978.34
40.1829,978.34
40.186,978.34
40.1891,978.34
40.1921,978.34
40.1951,978.34
40.1981,978.34
40.2012,978.34
40.2042,978.34
40.2072,978.34
40.2102,978.34
40.2132,978.34
40.2163,978.34
40.2193,978.34
40.2223,978.34
40.2253,978.34
40.2283,978.34
40.2313,978.34
40.2343,978.34
40.2373,978.34
40.2404,978.34
40.2434,978.34
40.2464,978.34
40.2494,978.34
40.2524,978.34
40.2554,978.34
40.2584,978.34
40.2614,978.34
40.2644,978.34
40.2675,978.34
40.2705,978.34
40.2735,978.34
40.2765,978.34
40.2795,978.34
40.2825,978.34
40.2855,978.34
40.2885,978.34
40.2915,978.34
40.2946,978.34
40.2976,978.34
40.3006,978.34
40.3036,978.34
40.3066,978.34
40.3096,978.34
40.3126,978.34
40.3156,978.34
40.3187,978.34
40.3217,978.34
40.3247,978.34
40.3277,978.34
40.3307,978.34
40.3337,978.34
40.3367,978.34
40.3397,978.34
40.3427,978.34
40.3458,978.34
40.3488,978.34
40.3518,978.34
40.3548,978.34
40.3578,978.34
40.3608,978.34
40.3638,978.34
40.3668,978.34
40.3699,978.34
40.3729,978.34
40.3759,978.34
40.3789,978.34
40.3819,978.34
40.3849,978.34
40.3879,978.34
40.3909,978.34
40.3939,978.34
40.397,978.34
40.4,978.34
40.403,978.34
40.406,978.34
40.409,978.34
40.412,978.34
40.415,978.34
40.418,978.34
40.4211,978.34
40.4241,978.34
40.4271,978.34
40.4301,978.34
40.4332,978.34
40.4362,978.34
40.4392,978.34
40.4422,978.34
40.4452,978.34
40.4483,978.34
40.4513,978.34
40.4543,978.34
40.4573,978.34
40.4603,978.34
40.4633,978.34
40.4663,978.34
40.4694,978.34
40.4724,978.34
40.4754,978.34
40.4784,978.34
40.4814,978.34
40.4844,978.34
40.4875,978.34
40.4905,978.34
40.4935,978.34
40.4965,978.34
40.4995,978.34
40.5025,978.34
40.5055,978.34
40.5085,978.34
40.5115,978.34
40.5146,978.34
40.5176,978.34
40.5206,978.34
40.5236,978.34
40.5266,978.34
40.5296,978.34
40.5326,978.34
40.5356,978.34
40.5386,978.34
40.5416,978.34
40.5446,978.34
40.5477,978.34
40.5507,978.34
40.5537,978.34
40.5567,978.34
40.5598,978.34
40.5628,978.34
40.5658,978.34
40.5688,978.34
40.5718,978.34
40.5748,978.34
40.5778,978.34
40.5808,978.34
40.5838,978.34
40.5869,978.34
40.5899,978.34
40.5929,978.34
40.5959,978.34
40.5989,978.34
40.6019,978.34
40.6049,978.34
40.6079,978.34
40.611,978.34
40.614,978.34
40.617,978.34
40.62,978.34
40.623,978.34
40.626,978.34
40.629,978.34
40.632,978.34
40.635,978.34
40.638,978.34
40.6411,978.34
40.6441,978.34
40.6471,978.34
40.6501,978.34
40.6531,978.34
40.6561,978.34
40.6591,978.34
40.6621,978.34
40.6652,978.34
40.6682,978.34
40.6712,978.34
40.6742,978.34
40.6772,978.34
40.6802,978.34
40.6832,978.34
40.6862,978.34
40.6892,978.34
40.6923,978.34
40.6953,978.34
40.6983,978.34
40.7013,978.34
40.7043,978.34
40.7073,978.34
40.7103,978.34
40.7133,978.34
40.7163,978.34
40.7193,978.34
40.7224,978.34
40.7254,978.34
40.7284,978.34
40.7314,978.34
40.7344,978.34
40.7374,978.34
40.7404,978.34
40.7434,978.34
40.7465,978.34
40.7495,978.34
40.7527,978.34
40.7557,978.34
40.7587,978.34
40.7617,978.34
40.7647,978.34
40.7677,978.34
40.7708,978.34
40.7738,978.34
40.7768,978.34
40.7798,978.34
40.7828,978.34
40.7859,978.34
40.7889,978.34
40.7919,978.34
40.7949,978.34
40.7979,978.34
40.8009,978.34
40.8039,978.34
40.8069,978.34
40.8099,978.34
40.8129,978.34
40.816,978.34
40.819,978.34
40.822,978.34
40.825,978.34
40.828,978.34
40.831,978.34
40.834,978.34
40.837,978.34
40.84,978.34
40.843,978.34
40.8461,978.34
40.8491,978.34
40.8521,978.34
40.8551,978.34
40.8581,978.34
40.8611,978.34
40.8641,978.34
40.8671,978.34
40.8701,978.34
40.8732,978.34
40.8762,978.34
40.8792,978.34
40.8822,978.34
40.8852,978.34
40.8882,978.34
40.8912,978.34
40.8942,978.34
40.8972,978.34
40.9003,978.34
40.9033,978.34
40.9063,978.34
40.9093,978.34
40.9123,978.34
40.9153,978.34
40.9183,978.34
40.9213,978.34
40.9243,978.34
40.9273,978.34
40.9303,978.34
40.9333,978.34
40.9364,978.34
40.9394,978.34
40.9424,978.34
40.9454,978.34
40.9484,978.34
40.9514,978.34
40.9544,978.34
40.9574,978.34
40.9604,978.34
40.9634,978.34
40.9665,978.34
40.9695,978.34
40.9727,978.34
40.9758,978.34
40.9788,978.34
40.9818,978.34
40.9848,978.34
40.9878,978.34
40.9908,978.34
40.9938,978.34
40.9969,978.34
40.9999,978.34
41.0029,978.34
41.0059,978.34
41.0089,978.34
41.012,978.34
41.015,978.34
41.018,978.34
41.021,978.34
41.0241,978.34
41.0271,978.34
41.0301,978.34
41.0331,978.34
41.0361,978.34
41.0391,978.34
41.0422,978.34
41.0452,978.34
41.0482,978.34
41.0512,978.34
41.0542,978.34
41.0572,978.34
41.0602,978.34
41.0632,978.34
41.0663,978.34
41.0693,978.34
41.0723,978.34
41.0753,978.34
41.0783,978.34
41.0813,978.34
41.0843,978.34
41.0873,978.34
41.0904,978.34
41.0934,978.34
41.0964,978.34
41.0994,978.34
41.1024,978.34
41.1054,978.34
41.1084,978.34
41.1114,978.34
41.1144,978.34
41.1175,978.34
41.1205,978.34
41.1235,978.34
41.1265,978.34
41.1295,978.34
41.1325,978.34
41.1355,978.34
41.1385,978.34
41.1415,978.34
41.1445,978.34
41.1476,978.34
41.1506,978.34
41.1536,978.34
41.1566,978.34
41.1596,978.34
41.1626,978.34
41.1656,978.34
41.1686,978.34
41.1716,978.34
41.1747,978.34
41.1777,978.34
41.1807,978.34
41.1837,978.34
41.1867,978.34
41.1898,978.34
41.1928,978.34
41.1958,978.34
41.1989,978.34
41.2019,978.34
41.2049,978.34
41.2079,978.34
41.2109,978.34
41.2139,978.34
41.2169,978.34
41.2199,978.34
41.223,978.34
41.226,978.34
41.229,978.34
41.232,978.34
41.235,978.34
41.2382,978.34
41.2412,978.34
41.2442,978.34
41.2472,978.34
41.2502,978.34
41.2533,978.34
41.2563,978.34
41.2593,978.34
41.2623,978.34
41.2653,978.34
41.2683,978.34
41.2713,978.34
41.2743,978.34
41.2773,978.34
41.2804,978.34
41.2834,978.34
41.2864,978.34
41.2894,978.34
41.2924,978.34
41.2954,978.34
41.2984,978.34
41.3015,978.34
41.3045,978.34
41.3076,978.34
41.3106,978.34
41.3136,978.34
41.3166,978.34
41.3196,978.34
41.3226,978.34
41.3256,978.34
41.3287,978.34
41.3317,978.34
41.3347,978.34
41.3377,978.34
41.3407,978.34
41.3437,978.34
41.3467,978.34
41.3497,978.34
41.3528,978.34
41.3558,978.34
41.3588,978.34
41.3618,978.34
41.3648,978.34
41.3678,978.34
41.3708,978.34
41.3738,978.34
41.3768,978.34
41.3799,978.34
41.3829,978.34
41.3859,978.34
41.3889,978.34
41.3919,978.34
41.3949,978.34
41.3979,978.34
41.401,978.34
41.404,978.34
41.407,978.34
41.41,978.34
41.413,978.34
41.416,978.34
41.419,978.34
41.4221,978.34
41.4251,978.34
41.4281,978.34
41.4311,978.34
41.4342,978.34
41.4372,978.34
41.4402,978.34
41.4432,978.34
41.4462,978.34
41.4492,978.34
41.4523,978.34
41.4553,978.34
41.4583,978.34
41.4613,978.34
41.4643,978.34
41.4673,978.34
41.4703,978.34
41.4733,978.34
41.4764,978.34
41.4794,978.34
41.4824,978.34
41.4854,978.34
41.4884,978.34
41.4915,978.34
41.4945,978.34
41.4975,978.34
41.5005,978.34
41.5035,978.34
41.5065,978.34
41.5096,978.34
41.5126,978.34
41.5156,978.34
41.5186,978.34
41.5216,978.34
41.5246,978.34
41.5276,978.34
41.5306,978.34
41.5337,978.34
41.5367,978.34
41.5397,978.34
41.5427,978.34
41.5457,978.34
41.5487,978.34
41.5518,978.34
41.5548,978.34
41.5579,978.34
41.5609,978.34
41.5639,978.34
41.5669,978.34
41.5699,978.34
41.5729,978.34
41.5759,978.34
41.5789,978.34
41.582,978.34
41.585,978.34
41.588,978.34
41.591,978.34
41.594,978.34
41.597,978.34
41.6,978.34
41.603,978.34
41.6061,978.34
41.6091,978.34
41.6121,978.34
41.6151,978.34
41.6181,978.34
41.6211,978.34
41.6241,978.34
41.6271,978.34
41.6302,978.34
41.6332,978.34
41.6362,978.34
41.6392,978.34
41.6422,978.34
41.6452,978.34
41.6482,978.34
41.6513,978.34
41.6543,978.34
41.6573,978.34
41.6603,978.34
41.6633,978.34
41.6663,978.34
41.6694,978.34
41.6724,978.34
41.6754,978.34
41.6784,978.34
41.6814,978.34
41.6844,978.34
41.6874,978.34
41.6904,978.34
41.6934,978.34
41.6965,978.34
41.6995,978.34
41.7025,978.34
41.7055,978.34
41.7085,978.34
41.7115,978.34
41.7145,978.34
41.7175,978.34
41.7206,978.34
41.7236,978.34
41.7266,978.34
41.7296,978.34
41.7326,978.34
41.7356,978.34
41.7386,978.34
41.7416,978.34
41.7447,978.34
41.7477,978.34
41.7507,978.34
41.7537,978.34
41.7567,978.34
41.7598,978.34
41.7628,978.34
41.7658,978.34
41.7688,978.34
41.7718,978.34
41.7749,978.34
41.7779,978.34
41.7809,978.34
41.7839,978.34
41.7869,978.34
41.7899,978.34
41.793,978.34
41.796,978.34
41.799,978.34
41.802,978.34
41.805,978.34
41.808,978.34
41.811,978.34
41.8141,978.34
41.8171,978.34
41.8201,978.34
41.8231,978.34
41.8261,978.34
41.8291,978.34
41.8321,978.34
41.8351,978.34
41.8381,978.34
41.8412,978.34
41.8442,978.34
41.8472,978.34
41.8502,978.34
41.8532,978.34
41.8562,978.34
41.8592,978.34
41.8623,978.34
41.8653,978.34
41.8683,978.34
41.8713,978.34
41.8743,978.34
41.8773,978.34
41.8803,978.34
41.8834,978.34
41.8864,978.34
41.8894,978.34
41.8924,978.34
41.8954,978.34
41.8984,978.34
41.9014,978.34
41.9044,978.34
41.9074,978.34
41.9105,978.34
41.9135,978.34
41.9165,978.34
41.9195,978.34
41.9225,978.34
41.9255,978.34
41.9285,978.34
41.9315,978.34
41.9345,978.34
41.9376,978.34
41.9406,978.34
41.9436,978.34
41.9466,978.34
41.9496,978.34
41.9526,978.34
41.9556,978.34
41.9586,978.34
41.9617,978.34
41.9647,978.34
41.9677,978.34
41.9707,978.34
41.974,978.34
41.9771,978.34
41.9801,978.34
41.9831,978.34
41.9861,978.34
41.9891,978.34
41.9922,978.34
41.9952,978.34
41.9982,978.34
42.0012,978.34
42.0042,978.34
42.0072,978.34
42.0103,978.34
42.0136,978.34
42.0167,978.34
42.0197,978.34
42.0227,978.34
42.0257,978.34
42.0288,978.34
42.0318,978.34
42.0348,978.34
42.0378,978.34
42.0408,978.34
42.0438,978.34
42.0469,978.34
42.0499,978.34
42.0529,978.34
42.0559,978.34
42.0589,978.34
42.0619,978.34
42.0649,978.34
42.0679,978.34
42.071,978.34
42.074,978.34
42.077,978.34
42.08,978.34
42.083,978.34
42.086,978.34
42.089,978.34
42.0921,978.34
42.0951,978.34
42.0981,978.34
42.1011,978.34
42.1041,978.34
42.1071,978.34
42.1101,978.34
42.1132,978.34
42.1162,978.34
42.1192,978.34
42.1222,978.34
42.1252,978.34
42.1282,978.34
42.1312,978.34
42.1343,978.34
42.1373,978.34
42.1403,978.34
42.1433,978.34
42.1463,978.34
42.1493,978.34
42.1523,978.34
42.1553,978.34
42.1584,978.34
42.1614,978.34
42.1644,978.34
42.1674,978.34
42.1704,978.34
42.1734,978.34
42.1764,978.34
42.1794,979.34
42.1825,979.34
42.1855,979.34
42.1885,979.34
42.1916,979.34
42.1946,979.34
42.1976,979.34
42.2006,979.34
42.2036,979.34
42.2066,979.34
42.2097,979.34
42.2127,979.34
42.2157,979.34
42.2187,979.34
42.2217,979.34
42.2247,979.34
42.2277,979.34
42.2307,979.34
42.2337,979.34
42.2368,979.34
42.2398,979.34
42.2428,979.34
42.2458,979.34
42.2488,979.34
42.2518,979.34
42.2548,979.34
42.2578,979.34
42.2608,979.34
42.2639,979.34
42.2669,979.34
42.2699,979.34
42.2729,979.34
42.2759,979.34
42.2789,979.34
42.2819,979.34
42.2849,979.34
42.288,979.34
42.291,979.34
42.294,979.34
42.297,979.34
42.3,979.34
42.303,979.34
42.306,979.34
42.309,979.34
42.312,979.34
42.3151,979.34
42.3181,979.34
42.3211,979.34
42.3241,979.34
42.3271,979.34
42.3301,979.34
42.3331,979.34
42.3361,979.34
42.3391,979.34
42.3422,979.34
42.3452,979.34
42.3482,979.34
42.3512,979.34
42.3542,979.34
42.3572,979.34
42.3602,979.34
42.3633,979.34
42.3663,979.34
42.3693,979.34
42.3723,979.34
42.3753,979.34
42.3784,979.34
42.3814,979.34
42.3844,979.34
42.3874,979.34
42.3904,979.34
42.3934,979.34
42.3964,979.34
42.3995,979.34
42.4025,979.34
42.4055,979.34
42.4085,979.34
42.4115,979.34
42.4145,979.34
42.4175,979.34
42.4205,979.34
42.4235,979.34
42.4266,979.34
42.4296,979.34
42.4326,979.34
42.4357,979.34
42.4387,979.34
42.4417,979.34
42.4447,979.34
42.4477,979.34
42.4507,979.34
42.4538,979.34
42.4568,979.34
42.4598,979.34
42.4628,979.34
42.4658,979.34
42.4688,979.34
42.4718,979.34
42.4748,979.34
42.4779,979.34
42.4809,979.34
42.4839,979.34
42.4869,979.34
42.4899,979.34
42.4929,979.34
42.4959,979.34
42.499,979.34
42.502,979.34
42.505,979.34
42.508,979.34
42.511,979.34
42.514,979.34
42.517,979.34
42.5201,979.34
42.5231,979.34
42.5261,979.34
42.5291,979.34
42.5321,979.34
42.5351,979.34
42.5381,979.34
42.5412,979.34
42.5442,979.34
42.5472,979.34
42.5502,979.34
42.5533,979.34
42.5563,979.34
42.5593,979.34
42.5623,979.34
42.5654,979.34
42.5684,979.34
42.5714,979.34
42.5744,979.34
42.5774,979.34
42.5804,979.34
42.5834,979.34
42.5864,979.34
42.5895,979.34
42.5925,979.34
42.5955,979.34
42.5985,979.34
42.6015,979.34
42.6045,979.34
42.6075,979.34
42.6105,979.34
42.6135,979.34
42.6166,979.34
42.6196,979.34
42.6226,979.34
42.6256,979.34
42.6286,979.34
42.6316,979.34
42.6346,979.34
42.6376,979.34
42.6406,979.34
42.6437,979.34
42.6467,979.34
42.6497,979.34
42.6527,979.34
42.6557,979.34
42.6587,979.34
42.6617,979.34
42.6647,979.34
42.6677,979.34
42.6708,979.34
42.6738,979.34
42.6768,979.34
42.6798,979.34
42.6828,979.34
42.6858,979.34
42.6888,979.34
42.6918,979.34
42.6949,979.34
42.6979,979.34
42.7009,979.34
42.7039,979.34
42.7069,979.34
42.7099,979.34
42.7129,979.34
42.7159,979.34
42.7189,979.34
42.7219,979.34
42.7249,979.34
42.728,979.34
42.731,979.34
42.734,979.34
42.737,979.34
42.74,979.34
42.743,979.34
42.746,979.34
42.7491,979.34
42.7523,979.34
42.7553,979.34
42.7583,979.34
42.7614,979.34
42.7644,979.34
42.7674,979.34
42.7704,979.34
42.7734,979.34
42.7764,979.34
42.7794,979.34
42.7824,979.34
42.7854,979.34
42.7885,979.34
42.7915,979.34
42.7945,979.34
42.7975,979.34
42.8005,979.34
42.8035,979.34
42.8065,979.34
42.8095,979.34
42.8125,979.34
42.8155,979.34
42.8186,979.34
42.8216,979.34
42.8246,979.34
42.8276,979.34
42.8306,979.34
42.8336,979.34
42.8366,979.34
42.8396,979.34
42.8426,979.34
42.8456,979.34
42.8487,979.34
42.8517,979.34
42.8547,979.34
42.8577,979.34
42.8607,979.34
42.8637,979.34
42.8667,979.34
42.8697,979.34
42.8727,979.34
42.8757,979.34
42.8787,979.34
42.8818,979.34
42.8848,979.34
42.8878,979.34
42.8908,979.34
42.8938,979.34
42.8968,979.34
42.8998,979.34
42.9028,979.34
42.9058,979.34
42.9088,979.34
42.9118,979.34
42.9148,979.34
42.9178,979.34
42.9208,979.34
42.9239,979.34
42.9269,979.34
42.9299,979.34
42.9329,979.34
42.9359,979.34
42.9389,979.34
42.9419,979.34
42.9449,979.34
42.9479,979.34
42.9509,979.34
42.954,979.34
42.957,979.34
42.96,979.34
42.963,979.34
42.966,979.34
42.969,979.34
42.9722,979.34
42.9754,979.34
42.9784,979.34
42.9814,979.34
42.9844,979.34
42.9874,979.34
42.9905,979.34
42.9935,979.34
42.9965,979.34
42.9995,979.34
43.0025,979.34
43.0055,979.48
43.0085,979.48
43.0117,979.48
43.0147,979.48
43.0177,979.48
43.0207,979.48
43.0237,979.48
43.0267,979.48
43.0297,979.48
43.0327,979.48
43.0358,979.48
43.0388,979.48
43.0418,979.48
43.0448,979.48
43.0478,979.48
43.0508,979.48
43.0538,979.48
43.0568,979.48
43.0599,979.48
43.0629,979.48
43.0659,979.48
43.0689,979.48
43.0719,979.48
43.0749,979.48
43.0779,979.48
43.0809,979.48
43.084,979.48
43.087,979.48
43.09,979.48
43.093,979.48
43.096,979.48
43.099,979.48
43.102,979.48
43.105,979.48
43.108,979.48
43.111,979.48
43.1141,979.48
43.1171,979.48
43.1201,979.48
43.1231,979.48
43.1261,979.48
43.1291,979.48
43.1321,979.48
43.1351,979.48
43.1382,979.48
43.1412,979.48
43.1442,979.48
43.1472,979.48
43.1502,979.48
43.1532,979.48
43.1562,979.48
43.1592,979.48
43.1622,979.48
43.1652,979.48
43.1683,979.48
43.1713,979.48
43.1743,979.48
43.1773,979.48
43.1803,979.48
43.1833,979.48
43.1863,979.48
43.1894,979.48
43.1924,979.48
43.1954,979.48
43.1985,979.48
43.2015,979.48
43.2045,979.48
43.2075,979.48
43.2105,979.48
43.2135,979.48
43.2165,979.48
43.2195,979.48
43.2226,979.48
43.2256,979.48
43.2286,979.48
43.2316,979.48
43.2346,979.48
43.2376,979.48
43.2406,979.48
43.2437,979.48
43.2467,979.48
43.2497,979.48
43.2527,979.48
43.2557,979.48
43.2587,979.48
43.2617,979.48
43.2647,979.48
43.2677,979.48
43.2707,979.48
43.2738,979.48
43.2768,979.48
43.2798,979.48
43.2828,979.48
43.2858,979.48
43.2888,979.48
43.2918,979.48
43.2948,979.48
43.2979,979.48
43.3009,979.48
43.3039,979.48
43.3069,979.48
43.3099,979.48
43.3129,979.48
43.3159,979.48
43.3189,979.48
43.322,979.48
43.325,979.48
43.328,979.48
43.331,979.48
43.334,979.48
43.337,979.48
43.34,979.48
43.343,979.48
43.346,979.48
43.3491,979.48
43.3521,979.48
43.3551,979.48
43.3581,979.48
43.3611,979.48
43.3641,979.48
43.3671,979.48
43.3701,979.48
43.3731,979.48
43.3761,979.48
43.3791,979.48
43.3822,979.48
43.3852,979.48
43.3882,979.48
43.3912,979.48
43.3942,979.48
43.3972,979.48
43.4002,979.48
43.4032,979.48
43.4063,979.48
43.4093,979.48
43.4123,979.48
43.4153,979.48
43.4183,979.48
43.4213,979.48
43.4243,979.48
43.4273,979.48
43.4304,979.48
43.4334,979.48
43.4364,979.48
43.4395,979.48
43.4425,979.48
43.4455,979.48
43.4485,979.48
43.4515,979.48
43.4545,979.48
43.4576,979.48
43.4606,979.48
43.4636,979.48
43.4666,979.48
43.4696,979.48
43.4726,979.48
43.4757,979.48
43.4787,979.48
43.4817,979.48
43.4847,979.48
43.4877,979.48
43.4907,979.48
43.4937,979.48
43.4967,979.48
43.4997,979.48
43.5028,979.48
43.5058,979.48
43.5088,979.48
43.5118,979.48
43.5148,979.48
43.5178,979.48
43.5208,979.48
43.5239,979.48
43.5269,979.48
43.5299,979.48
43.5329,979.48
43.5359,979.48
43.5389,979.48
43.5419,979.48
43.5449,979.48
43.5479,979.48
43.551,979.48
43.5542,979.48
43.5572,979.48
43.5602,979.48
43.5632,979.48
43.5663,979.48
43.5693,979.48
43.5723,979.48
43.5753,979.48
43.5783,979.48
43.5813,979.48
43.5843,979.48
43.5873,979.48
43.5903,979.48
43.5934,979.48
43.5964,979.48
43.5994,979.48
43.6024,979.48
43.6054,979.48
43.6084,979.48
43.6114,979.48
43.6145,979.48
43.6175,979.48
43.6205,979.48
43.6235,979.48
43.6265,979.48
43.6295,979.48
43.6325,979.48
43.6355,979.48
43.6386,979.48
43.6416,979.48
43.6446,979.48
43.6476,979.48
43.6506,979.48
43.6536,979.48
43.6566,979.48
43.6597,979.48
43.6627,979.48
43.6657,979.48
43.6687,979.48
43.6717,979.48
43.6747,979.48
43.6777,979.48
43.6807,979.48
43.6837,979.48
43.6867,979.48
43.6898,979.48
43.6928,979.48
43.6958,979.48
43.6988,979.48
43.7018,979.48
43.7048,979.48
43.7079,979.48
43.7109,979.48
43.7139,979.48
43.7169,979.48
43.7199,979.48
43.7229,979.48
43.7259,979.48
43.7289,979.48
43.7319,979.48
43.735,979.48
43.738,979.48
43.741,979.48
43.744,979.48
43.747,979.48
43.75,979.48
43.7532,979.48
43.7562,979.48
43.7592,979.48
43.7622,979.48
43.7652,979.48
43.7682,979.48
43.7712,979.48
43.7742,979.48
43.7773,979.48
43.7803,979.48
43.7833,979.48
43.7863,979.48
43.7893,979.48
43.7923,979.48
43.7953,979.48
43.7983,979.48
43.8013,979.48
43.8044,979.48
43.8074,979.48
43.8104,979.48
43.8134,979.48
43.8164,979.48
43.8194,979.48
43.8224,979.48
43.8254,979.48
43.8285,979.48
43.8315,979.48
43.8345,979.48
43.8375,979.48
43.8405,979.48
43.8435,979.48
43.8465,979.48
43.8495,979.48
43.8526,979.48
43.8556,979.48
43.8586,979.48
43.8616,979.48
43.8646,979.48
43.8676,979.48
43.8706,979.48
43.8736,979.48
43.8767,979.48
43.8797,979.48
43.8827,979.48
43.8857,979.48
43.8887,979.48
43.8917,979.48
43.8947,979.48
43.8977,979.48
43.9007,979.48
43.9038,979.48
43.9068,979.48
43.9098,979.48
43.9128,979.48
43.9158,979.48
43.9188,979.48
43.9218,979.48
43.9248,979.48
43.9278,979.48
43.9309,979.48
43.9339,979.48
43.9369,979.48
43.9399,979.48
43.9429,979.48
43.9459,979.48
43.9489,979.48
43.9519,979.48
43.955,979.48
43.958,979.48
43.961,979.48
43.964,979.48
43.967,979.48
43.97,979.48
43.9732,979.48
43.9763,979.48
43.9793,979.48
43.9823,979.48
43.9853,979.48
43.9884,979.48
43.9914,979.48
43.9944,979.48
43.9974,979.48
44.0004,979.48
44.0034,979.48
44.0064,979.48
44.0095,979.48
44.0128,979.48
44.016,979.48
44.019,979.48
44.022,979.48
44.0251,979.48
44.0281,979.48
44.0311,979.48
44.0341,979.48
44.0371,979.48
44.0401,979.48
44.0432,979.48
44.0462,979.48
44.0492,979.48
44.0522,979.48
44.0552,979.48
44.0582,979.48
44.0612,979.48
44.0642,979.48
44.0672,979.48
44.0703,979.48
44.0733,979.48
44.0763,979.48
44.0793,979.48
44.0823,979.48
44.0853,979.48
44.0883,979.48
44.0913,979.48
44.0944,979.48
44.0974,979.48
44.1004,979.48
44.1034,979.48
44.1064,979.48
44.1094,979.48
44.1124,979.48
44.1155,979.48
44.1185,979.48
44.1215,979.48
44.1245,979.48
44.1275,979.48
44.1305,979.48
44.1335,979.48
44.1365,979.48
44.1395,979.48
44.1426,979.48
44.1456,979.48
44.1486,979.48
44.1516,979.48
44.1546,979.48
44.1576,979.48
44.1607,979.48
44.1637,979.48
44.1667,979.48
44.1697,979.48
44.1727,979.48
44.1757,979.48
44.1787,979.48
44.1817,979.48
44.1847,979.48
44.1878,979.48
44.1908,979.48
44.1939,979.48
44.1969,979.48
44.1999,979.48
44.2029,979.48
44.2059,979.48
44.2089,979.48
44.212,979.48
44.215,979.48
44.218,979.48
44.221,979.48
44.224,979.48
44.227,979.48
44.23,979.48
44.233,979.48
44.2361,979.48
44.2391,979.48
44.2421,979.48
44.2451,979.48
44.2481,979.48
44.2511,979.48
44.2541,979.48
44.2572,979.48
44.2602,979.48
44.2632,979.48
44.2662,979.48
44.2692,979.48
44.2722,979.48
44.2752,979.48
44.2783,979.48
44.2813,979.48
44.2843,979.48
44.2873,979.48
44.2903,979.48
44.2933,979.48
44.2963,979.48
44.2993,979.48
44.3023,979.48
44.3054,979.48
44.3084,979.48
44.3114,979.48
44.3144,979.48
44.3174,979.48
44.3204,979.48
44.3234,979.48
44.3265,979.48
44.3295,979.48
44.3325,979.48
44.3355,979.48
44.3385,979.48
44.3415,979.48
44.3445,979.48
44.3475,979.48
44.3506,979.48
44.3536,979.48
44.3566,979.48
44.3596,979.48
44.3626,979.48
44.3656,979.48
44.3686,979.48
44.3716,979.48
44.3746,979.48
44.3777,979.48
44.3807,979.48
44.3837,979.48
44.3867,979.48
44.3897,979.48
44.3927,979.48
44.3957,979.48
44.3987,979.48
44.4018,979.48
44.4048,979.48
44.4078,979.48
44.4108,979.48
44.4138,979.48
44.4168,979.48
44.4198,979.48
44.4228,979.48
44.4259,979.48
44.4289,979.48
44.4319,979.48
44.435,979.48
44.438,979.48
44.441,979.48
44.444,979.48
44.447,979.48
44.45,979.48
44.4531,979.48
44.4561,979.48
44.4591,979.48
44.4621,979.48
44.4651,979.48
44.4681,979.48
44.4712,979.48
44.4742,979.48
44.4772,979.48
44.4802,979.48
44.4832,979.48
44.4863,979.48
44.4893,979.48
44.4923,979.48
44.4953,979.48
44.4983,979.48
44.5013,979.48
44.5043,979.48
44.5073,979.48
44.5104,979.48
44.5134,979.48
44.5164,979.48
44.5194,979.48
44.5224,979.48
44.5254,979.48
44.5284,979.48
44.5314,979.48
44.5344,979.48
44.5374,979.48
44.5405,979.48
44.5435,979.48
44.5465,979.48
44.5495,979.48
44.5525,979.48
44.5555,979.48
44.5585,979.48
44.5615,979.48
44.5646,979.48
44.5676,979.48
44.5706,979.48
44.5736,979.48
44.5766,979.48
44.5796,979.48
44.5827,979.48
44.5857,979.48
44.5887,979.48
44.5917,979.48
44.5947,979.48
44.5977,979.48
44.6007,979.48
44.6037,979.48
44.6067,979.48
44.6097,979.48
44.6128,979.48
44.6158,979.48
44.6188,979.48
44.6218,979.48
44.6248,979.48
44.6278,979.48
44.6308,979.48
44.6338,979.48
44.6368,979.48
44.6399,979.48
44.6429,979.48
44.6459,979.48
44.6489,979.48
44.6519,979.48
44.6549,979.48
44.6579,979.48
44.6609,979.48
44.664,979.48
44.667,979.48
44.67,979.48
44.673,979.48
44.676,979.48
44.679,979.48
44.682,979.48
44.685,979.48
44.688,979.48
44.6911,979.48
44.6941,979.48
44.6971,979.48
44.7001,979.48
44.7031,979.48
44.7061,979.48
44.7091,979.48
44.7121,979.48
44.7151,979.48
44.7182,979.48
44.7212,979.48
44.7242,979.48
44.7272,979.48
44.7302,979.48
44.7332,979.48
44.7362,979.48
44.7392,979.48
44.7422,979.48
44.7453,979.48
44.7483,979.48
44.7515,979.48
44.7546,979.48
44.7576,979.48
44.7606,979.48
44.7636,979.48
44.7666,979.48
44.7696,979.48
44.7726,979.48
44.7757,979.48
44.7787,979.48
44.7817,979.48
44.7847,979.48
44.7877,979.48
44.7907,979.48
44.7937,979.48
44.7967,979.48
44.7997,979.48
44.8028,979.48
44.8058,979.48
44.8088,979.48
44.8118,979.48
44.8148,979.48
44.8178,979.48
44.8208,979.48
44.8238,979.48
44.8269,979.48
44.8299,979.48
44.8329,979.48
44.8359,979.48
44.8389,979.48
44.8419,979.48
44.8449,979.48
44.8479,979.48
44.8509,979.48
44.854,979.48
44.857,979.48
44.86,979.48
44.863,979.48
44.866,979.48
44.869,979.48
44.872,979.48
44.875,979.48
44.878,979.48
44.881,979.48
44.884,979.48
44.8871,979.48
44.8901,979.48
44.8931,979.48
44.8961,979.48
44.8991,979.48
44.9021,979.48
44.9051,979.48
44.9081,979.48
44.9111,979.48
44.9142,979.48
44.9172,979.48
44.9202,979.48
44.9232,979.48
44.9262,979.48
44.9292,979.48
44.9322,979.48
44.9352,979.48
44.9382,979.48
44.9413,979.48
44.9443,979.48
44.9473,979.48
44.9503,979.48
44.9533,979.48
44.9563,979.48
44.9593,979.48
44.9623,979.48
44.9654,979.48
44.9684,979.48
44.9714,979.48
44.975,979.48
44.978,979.48
44.981,979.48
44.984,979.48
44.987,979.48
44.99,979.48
44.993,979.48
44.9961,979.48
44.9991,979.48
45.0021,979.48
45.0051,979.48
45.0081,979.48
45.0112,979.48
45.0142,979.48
45.0172,979.48
45.0202,979.48
45.0232,979.48
45.0262,979.48
45.0293,979.48
45.0323,979.48
45.0353,979.48
45.0383,979.48
45.0413,979.48
45.0443,979.48
45.0473,979.48
45.0503,979.48
45.0534,979.48
45.0564,979.48
45.0594,979.48
45.0624,979.48
45.0654,979.48
45.0684,979.48
45.0714,979.48
45.0744,979.48
45.0774,979.48
45.0805,979.48
45.0835,979.48
45.0865,979.48
45.0895,979.48
45.0925,979.48
45.0955,979.48
45.0985,979.48
45.1015,979.48
45.1045,979.48
45.1075,979.48
45.1106,979.48
45.1136,979.48
45.1166,979.48
45.1196,979.48
45.1226,979.48
45.1256,979.48
45.1286,979.48
45.1316,979.48
45.1346,979.48
45.1376,979.48
45.1407,979.48
45.1437,979.48
45.1467,979.48
45.1497,979.48
45.1527,979.48
45.1557,979.48
45.1587,979.48
45.1617,979.48
45.1648,979.48
45.1678,979.48
45.1708,979.48
45.1738,979.48
45.1768,979.48
45.1798,979.48
45.1828,979.48
45.1859,979.48
45.1889,979.48
45.192,979.48
45.195,979.48
45.198,979.48
45.201,979.48
45.204,979.48
45.207,979.48
45.2101,979.48
45.2131,979.48
45.2161,979.48
45.2191,979.48
45.2221,979.48
45.2251,979.48
45.2281,979.48
45.2311,979.48
45.2342,979.48
45.2372,979.48
45.2402,979.48
45.2432,979.48
45.2462,979.48
45.2492,979.48
45.2523,979.48
45.2553,979.48
45.2583,979.48
45.2613,979.48
45.2643,979.48
45.2673,979.48
45.2703,979.48
45.2733,979.48
45.2763,979.48
45.2794,979.48
45.2824,979.48
45.2854,979.48
45.2884,979.48
45.2914,979.48
45.2944,979.48
45.2974,979.48
45.3005,979.48
45.3035,979.48
45.3065,979.48
45.3095,979.48
45.3125,979.48
45.3155,979.48
45.3185,979.48
45.3215,979.48
45.3246,979.48
45.3276,979.48
45.3306,979.48
45.3336,979.48
45.3366,979.48
45.3396,979.48
45.3426,979.48
45.3456,979.48
45.3486,979.48
45.3517,979.48
45.3547,979.48
45.3577,979.48
45.3607,979.48
45.3637,979.48
45.3667,979.48
45.3697,979.48
45.3727,979.48
45.3757,979.48
45.3787,979.48
45.3818,979.48
45.3848,979.48
45.3878,979.48
45.3908,979.48
45.3938,979.48
45.3968,979.48
45.3998,979.48
45.4028,979.48
45.4058,979.48
45.4088,979.48
45.4119,979.48
45.4149,979.48
45.4179,979.48
45.4209,979.48
45.4239,979.48
45.4269,979.48
45.43,979.48
45.433,979.48
45.436,979.48
45.439,979.48
45.442,979.48
45.4451,979.48
45.4481,979.48
45.4511,979.48
45.4541,979.48
45.4571,979.48
45.4601,979.48
45.4631,979.48
45.4661,979.48
45.4691,979.48
45.4722,979.48
45.4752,979.48
45.4782,979.48
45.4812,979.48
45.4842,979.48
45.4872,979.48
45.4903,979.48
45.4933,979.48
45.4963,979.48
45.4993,979.48
45.5023,979.48
45.5053,979.48
45.5083,979.48
45.5114,979.48
45.5144,979.48
45.5174,979.48
45.5204,979.48
45.5234,979.48
45.5264,979.48
45.5294,979.48
45.5324,979.48
45.5355,979.48
45.5385,979.48
45.5415,979.48
45.5445,979.48
45.5475,979.48
45.5505,979.48
45.5536,979.48
45.5566,979.48
45.5596,979.48
45.5627,979.48
45.5657,979.48
45.5687,979.48
45.5717,979.48
45.5747,979.48
45.5778,979.48
45.5808,979.48
45.5838,979.48
45.5868,979.48
45.5898,979.48
45.5928,979.48
45.5958,979.48
45.5988,979.48
45.6019,979.48
45.6049,979.48
45.6079,979.48
45.6109,979.48
45.6139,979.48
45.6169,979.48
45.6199,979.48
45.6229,979.48
45.6259,979.48
45.6289,979.48
45.6319,979.48
45.635,979.48
45.638,979.48
45.641,979.48
45.644,979.48
45.647,979.48
45.65,979.48
45.653,979.48
45.6561,979.48
45.6591,979.48
45.6621,979.48
45.6651,979.48
45.6681,979.48
45.6711,979.48
45.6742,979.48
45.6772,979.48
45.6802,979.48
45.6832,979.48
45.6862,979.48
45.6892,979.48
45.6922,979.48
45.6952,979.48
45.6982,979.48
45.7013,979.48
45.7043,979.48
45.7073,979.48
45.7103,979.48
45.7133,979.48
45.7163,979.48
45.7193,979.48
45.7223,979.48
45.7253,979.48
45.7283,979.48
45.7314,979.48
45.7344,979.48
45.7374,979.48
45.7404,979.48
45.7434,979.48
45.7464,979.48
45.7494,979.48
45.7526,979.48
45.7556,979.48
45.7586,979.48
45.7616,979.48
45.7646,979.48
45.7676,979.48
45.7706,979.48
45.7736,979.48
45.7766,979.48
45.7796,979.48
45.7827,979.48
45.7857,979.48
45.7887,979.48
45.7917,979.48
45.7947,979.48
45.7977,979.48
45.8007,979.48
45.8037,979.48
45.8068,979.48
45.8098,979.48
45.8128,979.48
45.8158,979.48
45.8188,979.48
45.8218,979.48
45.8248,979.48
45.8278,979.48
45.8308,979.48
45.8338,979.48
45.8368,979.48
45.8399,979.48
45.8429,979.48
45.8459,979.48
45.8489,979.48
45.8519,979.48
45.8549,979.48
45.8579,979.48
45.8609,979.48
45.864,979.48
45.867,979.48
45.87,979.48
45.873,979.48
45.876,979.48
45.879,979.48
45.882,979.48
45.885,979.48
45.8881,979.48
45.8911,979.48
45.8941,979.48
45.8971,979.48
45.9001,979.48
45.9031,979.48
45.9061,979.48
45.9091,979.48
45.9121,979.48
45.9151,979.48
45.9181,979.48
45.9212,979.48
45.9242,979.48
45.9272,979.48
45.9302,979.48
45.9332,979.48
45.9362,979.48
45.9392,979.48
45.9422,979.48
45.9452,979.48
45.9483,979.48
45.9513,979.48
45.9543,979.48
45.9573,979.48
45.9603,979.48
45.9633,979.48
45.9663,979.48
45.9693,979.48
45.9725,979.48
45.9758,979.48
45.9788,979.48
45.9818,979.48
45.9848,979.48
45.9878,979.48
45.9908,979.48
45.9938,979.48
45.9969,979.48
45.9999,979.48
46.0029,979.48
46.0059,979.48
46.0089,979.48
46.0122,979.48
46.0154,979.48
46.0184,979.48
46.0214,979.48
46.0244,979.48
46.0274,979.48
46.0304,979.48
46.0335,979.48
46.0365,979.48
46.0395,979.48
46.0425,979.48
46.0455,979.48
46.0485,979.48
46.0515,979.48
46.0546,979.48
46.0576,979.48
46.0606,979.48
46.0636,979.48
46.0666,979.48
46.0696,979.48
46.0726,979.48
46.0756,979.48
46.0787,979.48
46.0817,979.48
46.0847,979.48
46.0877,979.48
46.0907,979.48
46.0937,979.48
46.0967,979.48
46.0997,979.48
46.1027,979.48
46.1058,979.48
46.1088,979.48
46.1118,979.48
46.1148,979.48
46.1178,979.48
46.1209,979.48
46.1239,979.48
46.1269,979.48
46.1299,979.48
46.1329,979.48
46.1359,979.48
46.1389,979.48
46.1419,979.48
46.145,979.48
46.148,979.48
46.151,979.48
46.154,979.48
46.157,979.48
46.16,979.48
46.163,979.48
46.166,979.48
46.1691,979.48
46.1721,979.48
46.1751,979.48
46.1781,979.48
46.1811,979.48
46.1841,979.48
46.1872,979.48
46.1902,979.48
46.1932,979.48
46.1963,979.48
46.1993,979.48
46.2023,979.48
46.2053,979.48
46.2083,979.48
46.2113,979.48
46.2143,979.48
46.2174,979.48
46.2204,979.48
46.2234,979.48
46.2264,979.48
46.2294,979.48
46.2324,979.48
46.2354,979.48
46.2384,979.48
46.2415,979.48
46.2445,979.48
46.2475,979.48
46.2505,979.48
46.2535,979.48
46.2565,979.48
46.2595,979.48
46.2625,979.48
46.2656,979.48
46.2686,979.48
46.2716,979.48
46.2746,979.48
46.2776,979.48
46.2806,979.48
46.2836,979.48
46.2866,979.48
46.2897,979.48
46.2927,979.48
46.2957,979.48
46.2987,979.48
46.3017,979.48
46.3047,979.48
46.3077,979.48
46.3108,979.48
46.3138,979.48
46.3168,979.48
46.3198,979.48
46.3228,979.48
46.3258,979.48
46.3288,979.48
46.3319,979.48
46.3349,979.48
46.3379,979.48
46.3409,979.48
46.3439,979.48
46.3469,979.48
46.3499,979.48
46.3529,979.48
46.356,979.48
46.359,979.48
46.362,979.48
46.365,979.48
46.368,979.48
46.371,979.48
46.374,979.48
46.377,979.48
46.3801,979.48
46.3831,979.48
46.3861,979.48
46.3891,979.48
46.3921,979.48
46.3951,979.48
46.3981,979.48
46.4011,979.48
46.4042,979.48
46.4072,979.48
46.4102,979.48
46.4132,979.48
46.4162,979.48
46.4192,979.48
46.4222,979.48
46.4252,979.48
46.4283,979.48
46.4313,979.48
46.4344,979.48
46.4374,979.48
46.4404,979.48
46.4434,979.48
46.4464,979.48
46.4495,979.48
46.4525,979.48
46.4555,979.48
46.4585,979.48
46.4615,979.48
46.4645,979.48
46.4675,979.48
46.4705,979.48
46.4735,979.48
46.4766,979.48
46.4796,979.48
46.4826,979.48
46.4856,979.48
46.4886,979.48
46.4916,979.48
46.4946,979.48
46.4976,979.48
46.5007,979.48
46.5037,979.48
46.5067,979.48
46.5097,979.48
46.5127,979.48
46.5157,979.48
46.5187,979.48
46.5217,979.48
46.5247,979.48
46.5278,979.48
46.5308,979.48
46.5338,979.48
46.5368,979.48
46.5398,979.48
46.5428,979.48
46.5458,979.48
46.5488,979.48
46.5519,979.48
46.5549,979.48
46.5579,979.48
46.5609,979.48
46.564,979.48
46.567,979.48
46.57,979.48
46.573,979.48
46.576,979.48
46.579,979.48
46.582,979.48
46.585,979.48
46.588,979.48
46.591,979.48
46.5941,979.48
46.5971,979.48
46.6001,979.48
46.6031,979.48
46.6061,979.48
46.6091,979.48
46.6121,979.48
46.6151,979.48
46.6181,979.48
46.6212,979.48
46.6242,979.48
46.6272,979.48
46.6302,979.48
46.6332,979.48
46.6362,979.48
46.6392,979.48
46.6422,979.48
46.6452,979.48
46.6483,979.48
46.6513,979.48
46.6543,979.48
46.6573,979.48
46.6603,979.48
46.6633,979.48
46.6663,979.48
46.6693,979.48
46.6724,979.48
46.6754,979.48
46.6784,979.48
46.6814,979.48
46.6844,979.48
46.6874,979.48
46.6904,979.48
46.6934,979.48
46.6964,979.48
46.6994,979.48
46.7025,979.48
46.7055,979.48
46.7085,979.48
46.7115,979.48
46.7145,979.48
46.7175,979.48
46.7205,979.48
46.7235,979.48
46.7265,979.48
46.7296,979.48
46.7326,979.48
46.7356,979.48
46.7386,979.48
46.7416,979.48
46.7447,979.48
46.7477,979.48
46.7508,979.48
46.7538,979.48
46.7568,979.48
46.7598,979.48
46.7629,979.48
46.7659,979.48
46.7689,979.48
46.7719,979.48
46.7749,979.48
46.7779,979.48
46.7809,979.48
46.7839,979.48
46.787,979.48
46.79,979.48
46.793,979.48
46.796,979.48
46.799,979.48
46.802,979.48
46.805,979.48
46.808,979.48
46.8111,979.48
46.8141,979.48
46.8171,979.48
46.8201,979.48
46.8231,979.48
46.8261,979.48
46.8291,979.48
46.8321,979.48
46.8352,979.48
46.8382,979.48
46.8412,979.48
46.8442,979.48
46.8472,979.48
46.8502,979.48
46.8532,979.48
46.8562,979.48
46.8592,979.48
46.8623,979.48
46.8653,979.48
46.8683,979.48
46.8713,979.48
46.8743,979.48
46.8773,979.48
46.8803,979.48
46.8833,979.48
46.8864,979.48
46.8894,979.48
46.8924,979.48
46.8954,979.48
46.8984,979.48
46.9014,979.48
46.9044,979.48
46.9074,979.48
46.9104,979.48
46.9135,979.48
46.9165,979.48
46.9195,979.48
46.9225,979.48
46.9255,979.48
46.9285,979.48
46.9315,979.48
46.9345,979.48
46.9376,979.48
46.9406,979.48
46.9436,979.48
46.9466,979.48
46.9496,979.48
46.9526,979.48
46.9556,979.48
46.9586,979.48
46.9616,979.48
46.9646,979.48
46.9677,979.48
46.9707,979.48
46.974,979.48
46.977,979.48
46.98,979.48
46.983,979.48
46.986,979.48
46.9891,979.48
46.9921,979.48
46.9951,979.48
46.9981,979.48
47.0011,979.48
47.0041,979.48
47.0071,979.48
47.0101,979.48
47.0133,979.48
47.0163,979.48
47.0193,979.48
47.0223,979.48
47.0253,979.48
47.0283,979.48
47.0313,979.48
47.0344,979.48
47.0374,979.48
47.0404,979.48
47.0434,979.48
47.0464,979.48
47.0494,979.48
47.0524,979.48
47.0554,979.48
47.0584,979.48
47.0615,979.48
47.0645,979.48
47.0675,979.48
47.0705,979.48
47.0735,979.48
47.0765,979.48
47.0795,979.48
47.0825,979.48
47.0856,979.48
47.0886,979.48
47.0916,979.48
47.0946,979.48
47.0976,979.48
47.1006,979.48
47.1036,979.48
47.1066,979.48
47.1096,979.48
47.1126,979.48
47.1157,979.48
47.1187,979.48
47.1217,979.48
47.1247,979.48
47.1277,979.48
47.1307,979.48
47.1337,979.48
47.1367,979.48
47.1397,979.48
47.1428,979.48
47.1458,979.48
47.1488,979.48
47.1518,979.48
47.1548,979.48
47.1578,979.48
47.1608,979.48
47.1638,979.48
47.1669,979.48
47.1699,979.48
47.1729,979.48
47.1759,979.48
47.1789,979.48
47.1819,979.48
47.1849,979.48
47.188,979.48
47.191,979.48
47.194,979.48
47.1971,979.48
47.2001,979.48
47.2031,979.48
47.2061,979.48
47.2091,979.48
47.2121,979.48
47.2151,979.48
47.2181,979.48
47.2212,979.48
47.2242,979.48
47.2272,979.48
47.2302,979.48
47.2332,979.48
47.2362,979.48
47.2392,979.48
47.2422,979.48
47.2452,979.48
47.2482,979.48
47.2513,979.48
47.2543,979.48
47.2573,979.48
47.2603,979.48
47.2633,979.48
47.2663,979.48
47.2693,979.48
47.2723,979.48
47.2753,979.48
47.2784,979.48
47.2814,979.48
47.2844,979.48
47.2874,979.48
47.2904,979.48
47.2934,979.48
47.2964,979.48
47.2994,979.48
47.3024,979.48
47.3054,979.48
47.3085,979.48
47.3115,979.48
47.3145,979.48
47.3175,979.48
47.3205,979.48
47.3235,979.48
47.3266,979.48
47.3296,979.48
47.3326,979.48
47.3356,979.48
47.3386,979.48
47.3416,979.48
47.3446,979.48
47.3476,979.48
47.3507,979.48
47.3537,979.48
47.3567,979.48
47.3597,979.48
47.3627,979.48
47.3657,979.48
47.3687,979.48
47.3717,979.48
47.3747,979.48
47.3777,979.48
47.3808,979.48
47.3838,979.48
47.3868,979.48
47.3898,979.48
47.3928,979.48
47.3958,979.48
47.3988,979.48
47.4018,979.48
47.4049,979.48
47.4079,979.48
47.4109,979.48
47.4139,979.48
47.4169,979.48
47.4199,979.48
47.4229,979.48
47.4259,979.48
47.4289,979.48
47.432,979.48
47.435,979.48
47.438,979.48
47.441,979.48
47.444,979.48
47.4471,979.48
47.4501,979.48
47.4531,979.48
47.4561,979.48
47.4591,979.48
47.4621,979.48
47.4651,979.48
47.4681,979.48
47.4712,979.48
47.4742,979.48
47.4772,979.48
47.4802,979.48
47.4832,979.48
47.4862,979.48
47.4892,979.48
47.4923,979.48
47.4953,979.48
47.4983,979.48
47.5013,979.48
47.5043,979.48
47.5073,979.48
47.5103,979.48
47.5133,979.48
47.5164,979.48
47.5194,979.48
47.5224,979.48
47.5254,979.48
47.5284,979.48
47.5314,979.48
47.5344,979.48
47.5374,979.48
47.5405,979.48
47.5435,979.48
47.5465,979.48
47.5495,979.48
47.5525,979.48
47.5555,979.48
47.5586,979.48
47.5616,979.48
47.5646,979.48
47.5676,979.48
47.5706,979.48
47.5736,979.48
47.5767,979.48
47.5797,979.48
47.5827,979.48
47.5857,979.48
47.5887,979.48
47.5917,979.48
47.5947,979.48
47.5977,979.48
47.6008,979.48
47.6038,979.48
47.6068,979.48
47.6098,979.48
47.6128,979.48
47.6158,979.48
47.6188,979.48
47.6218,979.48
47.6248,979.48
47.6279,979.48
47.6309,979.48
47.6339,979.48
47.6369,979.48
47.6399,979.48
47.6429,979.48
47.6459,979.48
47.649,979.48
47.652,979.48
47.655,979.48
47.6581,979.48
47.6611,979.48
47.6641,979.48
47.6671,979.48
47.6701,979.48
47.6731,979.48
47.6761,979.48
47.6791,979.48
47.6822,979.48
47.6852,979.48
47.6882,979.48
47.6912,979.48
47.6942,979.48
47.6972,979.48
47.7002,979.48
47.7032,979.48
47.7062,979.48
47.7092,979.48
47.7123,979.48
47.7153,979.48
47.7183,979.48
47.7213,979.48
47.7243,979.48
47.7273,979.48
47.7303,979.48
47.7333,979.48
47.7364,979.48
47.7394,979.48
47.7424,979.48
47.7454,979.48
47.7484,979.48
47.7516,979.48
47.7546,979.48
47.7576,979.48
47.7606,979.48
47.7636,979.48
47.7666,979.48
47.7696,979.48
47.7727,979.48
47.7757,979.48
47.7787,979.48
47.7817,979.48
47.7847,979.48
47.7877,979.48
47.7907,979.48
47.7938,979.48
47.7968,979.48
47.7998,979.48
47.8028,979.48
47.8058,979.48
47.8088,979.48
47.8118,979.48
47.8148,979.48
47.8179,979.48
47.8209,979.48
47.8239,979.48
47.8269,979.48
47.8299,979.48
47.8329,979.48
47.8359,979.48
47.8389,979.48
47.842,979.48
47.845,979.48
47.848,979.48
47.851,979.48
47.854,979.48
47.857,979.48
47.86,979.48
47.863,979.48
47.866,979.48
47.8691,979.48
47.8721,979.48
47.8751,979.48
47.8781,979.48
47.8811,979.48
47.8841,979.48
47.8871,979.48
47.8901,979.48
47.8932,979.48
47.8962,979.48
47.8992,979.48
47.9022,979.48
47.9052,979.48
47.9082,979.48
47.9112,979.48
47.9143,979.48
47.9173,979.48
47.9203,979.48
47.9233,979.48
47.9263,979.48
47.9293,979.48
47.9323,979.48
47.9354,979.48
47.9384,979.48
47.9414,979.48
47.9444,979.48
47.9474,979.48
47.9504,979.48
47.9534,979.48
47.9564,979.48
47.9595,979.48
47.9625,979.48
47.9655,979.48
47.9685,979.48
47.9716,979.48
47.975,979.48
47.9781,979.48
47.9811,979.48
47.9842,979.48
47.9872,979.48
47.9902,979.48
47.9932,979.48
47.9962,979.48
47.9992,979.48
48.0022,979.48
48.0053,979.48
48.0083,979.48
48.0116,979.48
48.0147,979.48
48.0178,979.48
48.0208,979.48
48.0238,979.48
48.0268,979.48
48.0299,979.48
48.0329,979.48
48.0359,979.48
48.0389,979.48
48.0419,979.48
48.0449,979.48
48.0479,979.48
48.051,979.48
48.054,979.48
48.057,979.48
48.0601,979.48
48.0631,979.48
48.0661,979.48
48.0691,979.48
48.0721,979.48
48.0751,979.48
48.0782,979.48
48.0812,979.48
48.0842,979.48
48.0872,979.48
48.0902,979.48
48.0932,979.48
48.0962,979.48
48.0993,979.48
48.1023,979.48
48.1053,979.48
48.1083,979.48
48.1113,979.48
48.1143,979.48
48.1173,979.48
48.1203,979.48
48.1233,979.48
48.1264,979.48
48.1294,979.48
48.1324,979.48
48.1354,979.48
48.1384,979.48
48.1414,979.48
48.1445,979.48
48.1475,979.48
48.1505,979.48
48.1535,979.48
48.1565,979.48
48.1595,979.48
48.1625,979.48
48.166,979.48
48.169,979.48
48.172,979.48
48.175,979.48
48.178,979.48
48.181,979.48
48.1841,979.48
48.1871,979.48
48.1902,979.48
48.1932,979.48
48.1962,979.48
48.1992,979.48
48.2023,979.48
48.2053,979.48
48.2083,979.48
48.2113,979.48
48.2143,979.48
48.2173,979.48
48.2203,979.48
48.2234,979.48
48.2264,979.48
48.2294,979.48
48.2324,979.48
48.2354,979.48
48.2384,979.48
48.2414,979.48
48.2445,979.48
48.2475,979.48
48.2505,979.48
48.2535,979.48
48.2565,979.48
48.2595,979.48
48.2625,979.48
48.2655,979.48
48.2686,979.48
48.2716,979.48
48.2746,979.48
48.2776,979.48
48.2806,979.48
48.2836,979.48
48.2866,979.48
48.2896,979.48
48.2927,979.48
48.2957,979.48
48.2987,979.48
48.3017,979.48
48.3047,979.48
48.3077,979.48
48.3107,979.48
48.3137,979.48
48.3168,979.48
48.3198,979.48
48.3228,979.48
48.3258,979.48
48.3288,979.48
48.3319,979.48
48.3349,979.48
48.3379,979.48
48.3409,979.48
48.3439,979.48
48.3469,979.48
48.3499,979.48
48.3529,979.48
48.356,979.48
48.359,979.48
48.362,979.48
48.365,979.48
48.368,979.48
48.371,979.48
48.374,979.48
48.377,979.48
48.38,979.64
48.3831,979.64
48.3861,979.64
48.3891,979.64
48.3921,979.64
48.3951,979.64
48.3981,979.64
48.4011,979.64
48.4042,979.64
48.4072,979.64
48.4102,979.64
48.4132,979.64
48.4162,979.64
48.4192,979.64
48.4222,979.64
48.4253,979.64
48.4283,979.64
48.4313,979.64
48.4344,979.64
48.4374,979.64
48.4404,979.64
48.4434,979.64
48.4464,979.64
48.4495,979.64
48.4525,979.64
48.4555,979.64
48.4585,979.64
48.4615,979.64
48.4645,979.64
48.4676,979.64
48.4706,979.64
48.4736,979.64
48.4766,979.64
48.4796,979.64
48.4826,979.64
48.4856,979.64
48.4887,979.64
48.4917,979.64
48.4947,979.64
48.4977,979.64
48.5007,979.64
48.5037,979.64
48.5067,979.64
48.5097,979.64
48.5127,979.64
48.5158,979.64
48.5188,979.64
48.5218,979.64
48.5248,979.64
48.5278,979.64
48.5308,979.64
48.5338,979.64
48.5368,979.64
48.5398,979.64
48.5429,979.64
48.5459,979.64
48.5489,979.64
48.5519,979.64
48.555,979.64
48.558,979.64
48.561,979.64
48.564,979.64
48.567,979.64
48.57,979.64
48.573,979.64
48.576,979.64
48.5791,979.64
48.5821,979.64
48.5851,979.64
48.5881,979.64
48.5911,979.64
48.5941,979.64
48.5971,979.64
48.6002,979.64
48.6032,979.64
48.6062,979.64
48.6092,979.64
48.6122,979.64
48.6152,979.64
48.6182,979.64
48.6212,979.64
48.6242,979.64
48.6273,979.64
48.6303,979.64
48.6333,979.64
48.6363,979.64
48.6393,979.64
48.6424,979.64
48.6454,979.64
48.6484,979.64
48.6514,979.64
48.6544,979.64
48.6574,979.64
48.6604,979.64
48.6634,979.64
48.6665,979.64
48.6695,979.64
48.6725,979.64
48.6755,979.64
48.6785,979.64
48.6815,979.64
48.6845,979.64
48.6875,979.64
48.6906,979.64
48.6936,979.64
48.6966,979.64
48.6996,979.64
48.7026,979.64
48.7056,979.64
48.7086,979.64
48.7116,979.64
48.7147,979.64
48.7177,979.64
48.7207,979.64
48.7237,979.64
48.7267,979.64
48.7297,979.64
48.7327,979.64
48.7357,979.64
48.7388,979.64
48.7418,979.64
48.7448,979.64
48.7478,979.64
48.7509,979.64
48.7539,979.64
48.7569,979.64
48.7599,979.64
48.7629,979.64
48.766,979.64
48.769,979.64
48.772,979.64
48.775,979.64
48.778,979.64
48.781,979.64
48.784,979.64
48.7871,979.64
48.7901,979.64
48.7931,979.64
48.7961,979.64
48.7991,979.64
48.8021,979.64
48.8051,979.64
48.8082,979.64
48.8112,979.64
48.8142,979.64
48.8172,979.64
48.8202,979.64
48.8232,979.64
48.8262,979.64
48.8292,979.64
48.8323,979.64
48.8354,979.64
48.8384,979.64
48.8414,979.64
48.8444,979.64
48.8474,979.64
48.8504,979.64
48.8534,979.64
48.8564,979.64
48.8595,979.64
48.8625,979.64
48.8655,979.64
48.8685,979.64
48.8715,979.64
48.8745,979.64
48.8775,979.64
48.8806,979.64
48.8836,979.64
48.8866,979.64
48.8896,979.64
48.8926,979.64
48.8956,979.64
48.8986,979.64
48.9016,979.64
48.9047,979.64
48.9077,979.64
48.9107,979.64
48.9137,979.64
48.9167,979.64
48.9197,979.64
48.9227,979.64
48.9257,979.64
48.9287,979.64
48.9318,979.64
48.9348,979.64
48.9378,979.64
48.9408,979.64
48.9438,979.64
48.9468,979.64
48.9498,979.64
48.9528,979.64
48.9558,979.64
48.9589,979.64
48.9619,979.64
48.9649,979.64
48.9679,979.64
48.9709,979.64
48.9742,979.64
48.9773,979.64
48.9803,979.64
48.9833,979.64
48.9863,979.64
48.9893,979.64
48.9924,979.64
48.9954,979.64
48.9984,979.64
49.0014,979.64
49.0044,979.64
49.0075,979.64
49.0105,979.64
49.0136,979.64
49.0166,979.64
49.0196,979.64
49.0226,979.64
49.0256,979.64
49.0286,979.64
49.0316,979.64
49.0347,979.64
49.0377,979.64
49.0407,979.64
49.0437,979.64
49.0467,979.64
49.0497,979.64
49.0527,979.64
49.0558,979.64
49.0588,979.64
49.0618,979.64
49.0648,979.64
49.0678,979.64
49.0708,979.64
49.0738,979.64
49.0768,979.64
49.0799,979.64
49.0829,979.64
49.0859,979.64
49.0889,979.64
49.0919,979.64
49.0949,979.64
49.0979,979.64
49.1009,979.64
49.104,979.64
49.107,979.64
49.11,979.64
49.113,979.64
49.116,979.64
49.119,979.64
49.122,979.64
49.125,979.64
49.128,979.64
49.1311,979.64
49.1341,979.64
49.1371,979.64
49.1401,979.64
49.1431,979.64
49.1461,979.64
49.1491,979.64
49.1521,979.64
49.1552,979.64
49.1582,979.64
49.1612,979.64
49.1642,979.64
49.1672,979.64
49.1702,979.64
49.1732,979.64
49.1762,979.64
49.1793,979.64
49.1823,979.64
49.1853,979.64
49.1884,979.64
49.1914,979.64
49.1944,979.64
49.1974,979.64
49.2004,979.64
49.2035,979.64
49.2065,979.64
49.2095,979.64
49.2125,980.64
49.2155,980.64
49.2186,980.64
49.2216,980.64
49.2247,980.64
49.2277,980.64
49.2307,980.64
49.2338,980.64
49.2368,980.64
49.2399,980.64
49.2429,980.64
49.246,980.64
49.249,980.64
49.252,980.64
49.2551,980.64
49.2581,980.64
49.2612,980.64
49.2657,980.64
49.2705,980.64
49.2746,980.64
49.2782,980.64
49.2812,980.64
49.2843,980.64
49.2873,980.64
49.2903,980.64
49.2933,980.64
49.2963,980.64
49.2993,980.64
49.3024,980.64
49.3054,980.64
49.3084,980.64
49.3114,980.64
49.3144,980.64
49.3174,980.64
49.3204,980.64
49.3234,980.64
49.3265,980.64
49.3295,980.64
49.3325,980.64
49.3355,980.64
49.3385,980.64
49.3415,980.64
49.3445,980.64
49.3475,980.64
49.3505,980.64
49.3535,980.64
49.3566,980.64
49.3596,980.64
49.3626,980.64
49.3656,980.64
49.3686,980.64
49.3716,980.64
49.3746,980.64
49.3776,980.64
49.3806,980.64
49.3837,980.64
49.3867,980.64
49.3897,980.64
49.3927,980.64
49.3957,980.64
49.3987,980.64
49.4017,980.64
49.4047,980.64
49.4077,980.64
49.4108,980.64
49.4138,980.64
49.4168,980.64
49.4198,980.64
49.4228,980.64
49.4258,980.64
49.4289,980.64
49.4319,980.64
49.4349,980.64
49.4379,980.64
49.441,980.64
49.444,980.64
49.447,980.64
49.45,980.64
49.453,980.64
49.456,980.64
49.459,980.64
49.462,980.64
49.465,980.64
49.4681,980.64
49.4711,980.64
49.4741,980.64
49.4771,980.64
49.4801,980.64
49.4831,980.64
49.4861,980.64
49.4892,980.64
49.4922,980.64
49.4952,980.64
49.4982,980.64
49.5012,980.64
49.5042,980.64
49.5072,980.64
49.5102,980.64
49.5133,980.64
49.5163,980.64
49.5193,980.64
49.5223,980.64
49.5253,980.64
49.5283,980.64
49.5313,980.64
49.5344,980.64
49.5374,980.64
49.5404,980.64
49.5434,980.64
49.5464,980.64
49.5494,980.64
49.5525,980.64
49.5555,980.64
49.5585,980.64
49.5616,980.64
49.5646,980.64
49.5676,980.64
49.5706,980.64
49.5736,980.64
49.5767,980.64
49.5797,980.64
49.5827,980.64
49.5857,980.64
49.5887,980.64
49.5917,980.64
49.5947,980.64
49.5978,980.64
49.6008,980.64
49.6038,980.64
49.6068,980.64
49.6098,980.64
49.6128,980.64
49.6158,980.64
49.6188,980.64
49.6218,980.64
49.6249,980.64
49.6279,980.64
49.6309,980.64
49.6339,980.64
49.6369,980.64
49.6399,980.64
49.6429,980.64
49.646,980.64
49.649,980.64
49.652,980.64
49.655,980.64
49.658,980.64
49.661,980.64
49.664,980.64
49.667,980.64
49.6701,980.64
49.6731,980.64
49.6761,980.64
49.6791,980.64
49.6821,980.64
49.6851,980.64
49.6881,980.64
49.6911,980.64
49.6941,980.64
49.6972,980.64
49.7002,980.64
49.7032,980.64
49.7062,980.64
49.7092,980.64
49.7122,980.64
49.7152,980.64
49.7182,980.64
49.7212,980.64
49.7243,980.64
49.7273,980.64
49.7303,980.64
49.7333,980.64
49.7363,980.64
49.7393,980.64
49.7423,980.64
49.7454,980.64
49.7484,980.64
49.7514,980.64
49.7544,980.64
49.7574,980.64
49.7604,980.64
49.7634,980.64
49.7665,980.64
49.7695,980.64
49.7725,980.64
49.7755,980.64
49.7785,980.64
49.7815,980.64
49.7845,980.64
49.7876,980.64
49.7906,980.64
49.7936,980.64
49.7966,980.64
49.7996,980.64
49.8026,980.64
49.8056,980.64
49.8086,980.64
49.8116,980.64
49.8147,980.64
49.8177,980.64
49.8207,980.64
49.8237,980.64
49.8267,980.64
49.8297,980.64
49.8327,980.64
49.8357,980.64
49.8387,980.64
49.8417,980.64
49.8448,980.64
49.8478,980.64
49.8508,980.64
49.8538,980.64
49.8568,980.64
49.8598,980.64
49.8628,980.64
49.8658,980.64
49.8688,980.64
49.8719,980.64
49.8749,980.64
49.8779,980.64
49.8809,980.64
49.8839,980.64
49.8869,980.64
49.8899,980.64
49.8929,980.64
49.8959,980.64
49.899,980.64
49.902,980.64
49.905,980.64
49.908,980.64
49.911,980.64
49.914,980.64
49.917,980.64
49.92,980.64
49.9231,980.64
49.9261,980.64
49.9291,980.64
49.9321,980.64
49.9351,980.64
49.9381,980.64
49.9411,980.64
49.9441,980.64
49.9472,980.64
49.9502,980.64
49.9532,980.64
49.9562,980.64
49.9592,980.64
49.9622,980.64
49.9652,980.64
49.9682,980.64
49.9712,980.64
49.9745,980.64
49.9776,980.64
49.9806,980.64
49.9836,980.64
49.9866,980.64
49.9896,980.64
49.9926,980.64
49.9956,980.64
49.9987,980.64
50.0017,980.64
50.0047,980.64
50.0077,980.64
50.011,980.64
50.0142,980.64
50.0173,980.64
50.0203,980.64
50.0234,980.64
50.0264,980.64
50.0294,980.64
50.0324,980.64
50.0354,980.64
50.0385,980.64
50.0415,980.64
50.0445,980.64
50.0475,980.64
50.0505,980.64
50.0535,980.64
50.0565,980.64
50.0596,980.64
50.0626,980.64
50.0656,980.64
50.0686,980.64
50.0716,980.64
50.0749,980.64
50.0779,980.64
50.081,980.64
50.084,980.64
50.087,980.64
50.09,980.64
50.093,980.64
50.096,980.64
50.099,980.64
50.1021,980.64
50.1051,980.64
50.1081,980.64
50.1111,980.64
50.1141,980.64
50.1171,980.64
50.1201,980.64
50.1231,980.64
50.1261,980.64
50.1292,980.64
50.1322,980.64
50.1352,980.64
50.1382,980.64
50.1412,980.64
50.1442,980.64
50.1472,980.64
50.1502,980.64
50.1533,980.64
50.1563,980.64
50.1593,980.64
50.1624,980.64
50.1655,980.64
50.1685,980.64
50.1715,980.64
50.1746,980.64
50.1776,980.64
50.1806,980.64
50.1836,980.64
50.1866,980.64
50.1897,980.64
50.1928,980.64
50.1958,980.64
50.1988,980.64
50.2018,980.64
50.2048,980.64
50.2078,980.64
50.2108,980.64
50.2139,980.64
50.2169,980.64
50.2199,980.64
50.2229,980.64
50.2259,980.64
50.2289,980.64
50.2319,980.64
50.235,980.64
50.238,980.64
50.241,980.64
50.244,980.64
50.2471,980.64
50.2501,980.64
50.2531,980.64
50.2561,980.64
50.2591,980.64
50.2621,980.64
50.2652,980.64
50.2682,980.64
50.2712,980.64
50.2742,980.64
50.2772,980.64
50.2802,980.64
50.2832,980.64
50.2862,980.64
50.2893,980.64
50.2923,980.64
50.2953,980.64
50.2983,980.64
50.3013,980.64
50.3043,980.64
50.3073,980.64
50.3103,980.64
50.3134,980.64
50.3164,980.64
50.3194,980.64
50.3224,980.64
50.3254,980.64
50.3285,980.64
50.3315,980.64
50.3346,980.64
50.3376,980.64
50.3406,980.64
50.3436,980.64
50.3466,980.64
50.3496,980.64
50.3526,980.64
50.3556,980.64
50.3587,980.64
50.3617,980.64
50.3647,980.64
50.3677,980.64
50.3707,980.64
50.3737,980.64
50.3767,980.64
50.3797,980.64
50.3827,980.64
50.3858,980.64
50.3888,980.64
50.3918,980.64
50.3948,980.64
50.3978,980.64
50.4008,980.64
50.4038,980.64
50.4068,980.64
50.4099,980.64
50.413,980.64
50.416,980.64
50.419,980.64
50.422,980.64
50.425,980.64
50.428,980.64
50.4311,980.64
50.4341,980.64
50.4371,980.64
50.4401,980.64
50.4432,980.64
50.4462,980.64
50.4492,980.64
50.4522,980.64
50.4552,980.64
50.4582,980.64
50.4613,980.64
50.4643,980.64
50.4673,980.64
50.4703,980.64
50.4733,980.64
50.4763,980.64
50.4794,980.64
50.4824,980.64
50.4854,980.64
50.4884,980.64
50.4914,980.64
50.4944,980.64
50.4974,980.64
50.5005,980.64
50.5035,980.64
50.5065,980.64
50.5095,980.64
50.5125,980.64
50.5155,980.64
50.5185,980.64
50.5215,980.64
50.5246,980.64
50.5276,980.64
50.5306,980.64
50.5336,980.64
50.5366,980.64
50.5396,980.64
50.5427,980.64
50.5457,980.64
50.5487,980.64
50.5517,980.64
50.5547,980.64
50.5577,980.64
50.5607,980.64
50.5637,980.64
50.5668,980.64
50.5698,980.64
50.5728,980.64
50.5758,980.64
50.5788,980.64
50.5818,980.64
50.5848,980.64
50.5878,980.64
50.5909,980.64
50.5939,980.64
50.5969,980.64
50.5999,980.64
50.6029,980.64
50.6059,980.64
50.6089,980.64
50.6119,980.64
50.615,980.64
50.618,980.64
50.621,980.64
50.624,980.64
50.627,980.64
50.63,980.64
50.633,980.64
50.6361,980.64
50.6391,980.64
50.6421,980.64
50.6451,980.64
50.6481,980.64
50.6511,980.64
50.6541,980.64
50.6572,980.64
50.6602,980.64
50.6632,980.64
50.6662,980.64
50.6692,980.64
50.6722,980.64
50.6752,980.64
50.6783,980.64
50.6813,980.64
50.6843,980.64
50.6873,980.64
50.6903,980.64
50.6933,980.64
50.6963,980.64
50.6993,980.64
50.7024,980.64
50.7054,980.64
50.7084,980.64
50.7114,980.64
50.7144,980.64
50.7174,980.64
50.7204,980.64
50.7234,980.64
50.7265,980.64
50.7295,980.64
50.7325,980.64
50.7355,980.64
50.7385,980.64
50.7415,980.64
50.7446,980.64
50.7476,980.64
50.7507,980.64
50.7537,980.64
50.7567,980.64
50.7597,980.64
50.7627,980.64
50.7657,980.64
50.7688,980.64
50.7718,980.64
50.7748,980.64
50.7778,980.64
50.7808,980.64
50.7838,980.64
50.7868,980.64
50.7899,980.64
50.7929,980.64
50.7959,980.64
50.7989,980.64
50.802,980.64
50.805,980.64
50.808,980.64
50.811,980.64
50.814,980.64
50.817,980.64
50.82,980.64
50.823,980.64
50.8261,980.64
50.8291,980.64
50.8321,980.64
50.8351,980.64
50.8381,980.64
50.8411,980.64
50.8441,980.64
50.8471,980.64
50.8502,980.64
50.8532,980.64
50.8562,980.64
50.8592,980.64
50.8622,980.64
50.8652,980.64
50.8682,980.64
50.8712,980.64
50.8743,980.64
50.8773,980.64
50.8803,980.64
50.8833,980.64
50.8863,980.64
50.8893,980.64
50.8923,980.64
50.8954,980.64
50.8984,980.64
50.9014,980.64
50.9044,980.64
50.9074,980.64
50.9104,980.64
50.9134,980.64
50.9164,980.64
50.9194,980.64
50.9224,980.64
50.9254,980.64
50.9285,980.64
50.9315,980.64
50.9345,980.64
50.9375,980.64
50.9405,980.64
50.9435,980.64
50.9465,980.64
50.9495,980.64
50.9526,980.64
50.9556,980.64
50.9586,980.64
50.9616,980.64
50.9646,980.64
50.9676,980.64
50.9706,980.64
50.9739,980.64
50.977,980.64
50.98,980.64
50.983,980.64
50.986,980.64
50.989,980.64
50.9921,980.64
50.9951,980.64
50.9981,980.64
51.0011,980.64
51.0041,980.64
51.0071,980.64
51.0101,980.64
51.0133,980.64
51.0163,980.64
51.0193,980.64
51.0223,980.64
51.0253,980.64
51.0283,980.64
51.0314,980.64
51.0344,980.64
51.0374,980.64
51.0404,980.64
51.0434,980.64
51.0464,980.64
51.0494,980.64
51.0525,980.64
51.0555,980.64
51.0585,980.64
51.0615,980.64
51.0645,980.64
51.0675,980.64
51.0705,980.64
51.0735,980.64
51.0766,980.64
51.0796,980.64
51.0826,980.64
51.0856,980.64
51.0886,980.64
51.0916,980.64
51.0946,980.64
51.0977,980.64
51.1007,980.64
51.1037,980.64
51.1067,980.64
51.1097,980.64
51.1127,980.64
51.1157,980.64
51.1187,980.64
51.1218,980.64
51.1248,980.64
51.1278,980.64
51.1308,980.64
51.1338,980.64
51.1368,980.64
51.1398,980.64
51.1428,980.64
51.1459,980.64
51.1489,980.64
51.1519,980.64
51.1549,980.64
51.1579,980.64
51.1609,980.64
51.1639,980.64
51.167,980.64
51.17,980.64
51.173,980.64
51.176,980.64
51.179,980.64
51.182,980.64
51.185,980.64
51.1881,980.64
51.1911,980.64
51.1942,980.64
51.1972,980.64
51.2002,980.64
51.2032,980.64
51.2062,980.64
51.2092,980.64
51.2122,980.64
51.2152,980.64
51.2183,980.64
51.2213,980.64
51.2243,980.64
51.2273,980.64
51.2303,980.64
51.2333,980.64
51.2364,980.64
51.2394,980.64
51.2424,980.64
51.2454,980.64
51.2484,980.64
51.2514,980.64
51.2544,980.64
51.2574,980.64
51.2605,980.64
51.2635,980.64
51.2665,980.64
51.2695,980.64
51.2725,980.64
51.2755,980.64
51.2785,980.64
51.2815,980.64
51.2846,980.64
51.2876,980.64
51.2906,980.64
51.2936,980.64
51.2966,980.64
51.2996,980.64
51.3026,980.64
51.3056,980.64
51.3087,980.64
51.3117,980.64
51.3147,980.64
51.3177,980.64
51.3207,980.64
51.3237,980.64
51.3267,980.64
51.3298,980.64
51.3328,980.64
51.3358,980.64
51.3388,980.64
51.3418,980.64
51.3448,980.64
51.3478,980.64
51.3508,980.64
51.3538,980.64
51.3569,980.64
51.3599,980.64
51.3629,980.64
51.3659,980.64
51.3689,980.64
51.3719,980.64
51.3749,980.64
51.3779,980.64
51.381,980.64
51.384,980.64
51.387,980.64
51.39,980.64
51.393,980.64
51.396,980.64
51.399,980.64
51.4021,980.64
51.4051,980.64
51.4081,980.64
51.4111,980.64
51.4141,980.64
51.4171,980.64
51.4201,980.64
51.4231,980.64
51.4261,980.64
51.4292,980.64
51.4322,980.64
51.4352,980.64
51.4383,980.64
51.4413,980.64
51.4443,980.64
51.4473,980.64
51.4503,980.64
51.4533,980.64
51.4563,980.64
51.4594,980.64
51.4624,980.64
51.4654,980.64
51.4684,980.64
51.4714,980.64
51.4744,980.64
51.4774,980.64
51.4804,980.64
51.4834,980.64
51.4865,980.64
51.4895,980.64
51.4925,980.64
51.4955,980.64
51.4985,980.64
51.5015,980.64
51.5045,980.64
51.5075,980.64
51.5106,980.64
51.5136,980.64
51.5166,980.64
51.5196,980.64
51.5226,980.64
51.5256,980.64
51.5286,980.64
51.5316,980.64
51.5347,980.64
51.5377,980.64
51.5407,980.64
51.5437,980.64
51.5467,980.64
51.5497,980.64
51.5528,980.64
51.5558,980.64
51.5589,980.64
51.5619,980.64
51.5649,980.64
51.5679,980.64
51.5709,980.64
51.5739,980.64
51.5769,980.64
51.5799,980.64
51.5829,980.64
51.586,980.64
51.589,980.64
51.592,980.64
51.595,980.64
51.598,980.64
51.601,980.64
51.604,980.64
51.607,980.64
51.6101,980.64
51.6131,980.64
51.6161,980.64
51.6191,980.64
51.6221,980.64
51.6251,980.64
51.6281,980.64
51.6312,980.64
51.6342,980.64
51.6372,980.64
51.6402,980.64
51.6432,980.64
51.6462,980.64
51.6492,980.64
51.6522,980.64
51.6553,980.64
51.6583,980.64
51.6613,980.64
51.6643,980.64
51.6673,980.64
51.6703,980.64
51.6733,980.64
51.6763,980.64
51.6794,980.64
51.6824,980.64
51.6854,980.64
51.6884,980.64
51.6914,980.64
51.6944,980.64
51.6974,980.64
51.7004,980.64
51.7034,980.64
51.7064,980.64
51.7094,980.64
51.7125,980.64
51.7155,980.64
51.7185,980.64
51.7215,980.64
51.7245,980.64
51.7275,980.64
51.7305,980.64
51.7336,980.64
51.7366,980.64
51.7396,980.64
51.7426,980.64
51.7456,980.64
51.7486,980.64
51.7517,980.64
51.7547,980.64
51.7578,980.64
51.7608,980.64
51.7638,980.64
51.7668,980.64
51.7698,980.64
51.7728,980.64
51.7758,980.64
51.7788,980.64
51.7819,980.64
51.7849,980.64
51.7879,980.64
51.7909,980.64
51.7939,980.64
51.7969,980.64
51.7999,980.64
51.8029,980.64
51.8059,980.64
51.809,980.64
51.812,980.64
51.815,980.64
51.818,980.64
51.821,980.64
51.824,980.64
51.827,980.64
51.83,980.64
51.8331,980.64
51.8361,980.64
51.8391,980.64
51.8421,980.64
51.8451,980.64
51.8481,980.64
51.8511,980.64
51.8541,980.64
51.8572,980.64
51.8602,980.64
51.8632,980.64
51.8662,980.64
51.8692,980.64
51.8722,980.64
51.8752,980.64
51.8782,980.64
51.8812,980.64
51.8842,980.64
51.8872,980.64
51.8903,980.64
51.8933,980.64
51.8963,980.64
51.8993,980.64
51.9023,980.64
51.9053,980.64
51.9083,980.64
51.9113,980.64
51.9143,980.64
51.9173,980.64
51.9203,980.64
51.9234,980.64
51.9264,980.64
51.9294,980.64
51.9324,980.64
51.9354,980.64
51.9384,980.64
51.9414,980.64
51.9444,980.64
51.9474,980.64
51.9504,980.64
51.9534,980.64
51.9565,980.64
51.9595,980.64
51.9625,980.64
51.9655,980.64
51.9685,980.64
51.9715,980.64
51.9748,980.64
51.9778,980.64
51.9809,980.64
51.9839,980.64
51.9869,980.64
51.9899,980.64
51.9929,980.64
51.9959,980.64
51.9989,980.64
52.0019,980.64
52.005,980.64
52.008,980.64
52.0112,980.64
52.0144,980.64
52.0176,980.64
52.0206,980.64
52.0236,980.64
52.0266,980.64
52.0296,980.64
52.0327,980.64
52.0357,980.64
52.0387,980.64
52.0417,980.64
52.0447,980.64
52.0477,980.64
52.0507,980.64
52.0538,980.64
52.0568,980.64
52.0598,980.64
52.0628,980.64
52.0658,980.64
52.0688,980.64
52.0718,980.64
52.0748,980.64
52.0779,980.64
52.0809,980.64
52.0839,980.64
52.0869,980.64
52.0899,980.64
52.0929,980.64
52.0959,980.64
52.0989,980.64
52.102,980.64
52.105,980.64
52.108,980.64
52.111,980.64
52.114,980.64
52.117,980.64
52.12,980.64
52.123,980.64
52.126,980.64
52.1291,980.64
52.1321,980.64
52.1351,980.64
52.1381,980.64
52.1411,980.64
52.1441,980.64
52.1471,980.64
52.1502,980.64
52.1532,980.64
52.1562,980.64
52.1592,980.64
52.1622,980.64
52.1652,980.64
52.1682,980.64
52.1712,980.64
52.1743,980.64
52.1773,980.64
52.1803,980.64
52.1833,980.64
52.1863,980.64
52.1894,980.64
52.1924,980.64
52.1954,980.64
52.1984,980.64
52.2015,980.64
52.2045,980.64
52.2075,980.64
52.2105,980.64
52.2135,980.64
52.2165,980.64
52.2196,980.64
52.2226,980.64
52.2256,980.64
52.2286,980.64
52.2316,980.64
52.2346,980.64
52.2376,980.64
52.2406,980.64
52.2437,980.64
52.2467,980.64
52.2497,980.64
52.2527,980.64
52.2557,980.64
52.2587,980.64
52.2617,980.64
52.2647,980.64
52.2677,980.64
52.2708,980.64
52.2738,980.64
52.2768,980.64
52.2798,980.64
52.2828,980.64
52.2859,980.64
52.2889,980.64
52.2919,980.64
52.2949,980.64
52.2979,980.64
52.3009,980.64
52.3039,980.64
52.307,980.64
52.31,980.64
52.313,980.64
52.316,980.64
52.319,980.64
52.322,980.64
52.325,980.64
52.328,980.64
52.3311,980.64
52.3341,980.64
52.3371,980.64
52.3401,980.64
52.3431,980.64
52.3461,980.64
52.3491,980.64
52.3522,980.64
52.3552,980.64
52.3582,980.64
52.3612,980.64
52.3642,980.64
52.3672,980.64
52.3702,980.64
52.3732,980.64
52.3763,980.64
52.3793,980.64
52.3823,980.64
52.3853,980.64
52.3883,980.64
52.3913,980.64
52.3943,980.64
52.3974,980.64
52.4004,980.64
52.4034,980.64
52.4064,980.64
52.4094,980.64
52.4124,980.64
52.4154,980.64
52.4184,980.64
52.4214,980.64
52.4245,980.64
52.4275,980.64
52.4305,980.64
52.4336,980.64
52.4366,980.64
52.4396,980.64
52.4426,980.64
52.4456,980.64
52.4486,980.64
52.4517,980.64
52.4547,980.64
52.4578,980.64
52.4608,980.64
52.4638,980.64
52.4668,980.64
52.4698,980.64
52.4728,980.64
52.4759,980.64
52.4789,980.64
52.4819,980.64
52.4849,980.64
52.4879,980.64
52.4909,980.64
52.4939,980.64
52.497,980.64
52.5,980.64
52.503,980.64
52.506,980.64
52.509,980.64
52.512,980.64
52.515,980.64
52.5181,980.64
52.5211,980.64
52.5241,980.64
52.5271,980.64
52.5301,980.64
52.5331,980.64
52.5362,980.64
52.5392,980.64
52.5422,980.64
52.5452,980.64
52.5482,980.64
52.5512,980.64
52.5543,980.64
52.5574,980.64
52.5604,980.64
52.5634,980.64
52.5664,980.64
52.5694,980.64
52.5724,980.64
52.5754,980.64
52.5784,980.64
52.5815,980.64
52.5845,980.64
52.5875,980.64
52.5905,980.64
52.5935,980.64
52.5966,980.64
52.5996,980.64
52.6026,980.64
52.6056,980.64
52.6086,980.64
52.6116,980.64
52.6146,980.64
52.6176,980.64
52.6206,980.64
52.6236,980.64
52.6267,980.64
52.6297,980.64
52.6327,980.64
52.6357,980.64
52.6387,980.64
52.6417,980.64
52.6447,980.64
52.6478,980.64
52.6508,980.64
52.6538,980.64
52.6568,980.64
52.6598,980.64
52.6628,980.64
52.6658,980.64
52.6688,980.64
52.6718,980.64
52.6748,980.64
52.6779,980.64
52.6809,980.64
52.6839,980.64
52.6869,980.64
52.6899,980.64
52.6929,980.64
52.6959,980.64
52.6989,980.64
52.702,980.64
52.705,980.64
52.708,980.64
52.711,980.64
52.714,980.64
52.717,980.64
52.72,980.64
52.723,980.64
52.7261,980.64
52.7291,980.64
52.7321,980.64
52.7351,980.64
52.7381,980.64
52.7411,980.64
52.7441,980.64
52.7471,980.64
52.7502,980.64
52.7532,980.64
52.7562,980.64
52.7592,980.64
52.7622,980.64
52.7653,980.64
52.7683,980.64
52.7713,980.64
52.7743,980.64
52.7773,980.64
52.7803,980.64
52.7834,980.64
52.7864,980.64
52.7894,980.64
52.7924,980.64
52.7954,980.64
52.7984,980.64
52.8014,980.64
52.8044,980.64
52.8074,980.64
52.8105,980.64
52.8135,980.64
52.8165,980.64
52.8195,980.64
52.8225,980.64
52.8255,980.64
52.8285,980.64
52.8315,980.64
52.8346,980.64
52.8376,980.64
52.8406,980.64
52.8436,980.64
52.8466,980.64
52.8496,980.64
52.8526,980.64
52.8557,980.64
52.8587,980.64
52.8617,980.64
52.8647,980.64
52.8677,980.64
52.8707,980.64
52.8737,980.64
52.8768,980.64
52.8798,980.64
52.8828,980.64
52.8858,980.64
52.8888,980.64
52.8918,980.64
52.8948,980.64
52.8978,980.64
52.9009,980.64
52.9039,980.64
52.9069,980.64
52.9099,980.64
52.9129,980.64
52.9159,980.64
52.9189,980.64
52.9219,980.64
52.9249,980.64
52.928,980.64
52.931,980.64
52.934,980.64
52.937,980.64
52.94,980.64
52.943,980.64
52.946,980.64
52.949,980.64
52.9521,980.64
52.9551,980.64
52.9581,980.64
52.9611,980.64
52.9641,980.64
52.9671,980.64
52.9701,980.64
52.9734,980.64
52.9765,980.64
52.9795,980.64
52.9825,980.64
52.9855,980.64
52.9885,980.64
52.9916,980.64
52.9946,980.64
52.9976,980.64
53.0006,980.64
53.0036,980.64
53.0066,980.64
53.0096,980.64
53.0127,980.64
53.0157,980.64
53.0187,980.64
53.0217,980.64
53.0247,980.64
53.0278,980.64
53.0308,980.64
53.0338,980.64
53.0368,980.64
53.0398,980.64
53.0428,980.64
53.0458,980.64
53.0488,980.64
53.0518,980.64
53.0549,980.64
53.0579,980.64
53.0609,980.64
53.0639,980.64
53.0669,980.64
53.0699,980.64
53.0729,980.64
53.0759,980.64
53.0789,980.64
53.082,980.64
53.085,980.64
53.088,980.64
53.091,980.64
53.094,980.64
53.097,980.64
53.1,980.64
53.103,980.64
53.106,980.64
53.1091,980.64
53.1121,980.64
53.1151,980.64
53.1181,980.64
53.1211,980.64
53.1241,980.64
53.1271,980.64
53.1301,980.64
53.1331,980.64
53.1361,980.64
53.1392,980.64
53.1422,980.64
53.1452,980.64
53.1482,980.64
53.1512,980.64
53.1542,980.64
53.1572,980.64
53.1603,980.64
53.1633,980.64
53.1663,980.64
53.1693,980.64
53.1723,980.64
53.1753,980.64
53.1783,980.64
53.1813,980.64
53.1843,980.64
53.1874,980.64
53.1905,980.64
53.1935,980.64
53.1965,980.64
53.1995,980.64
53.2025,980.64
53.2055,980.64
53.2085,980.64
53.2116,980.64
53.2146,980.64
53.2176,980.64
53.2206,980.64
53.2236,980.64
53.2266,980.64
53.2296,980.64
53.2327,980.64
53.2357,980.64
53.2387,980.64
53.2417,980.64
53.2447,980.64
53.2477,980.64
53.2507,980.64
53.2537,980.64
53.2568,980.64
53.2598,980.64
53.2628,980.64
53.2658,980.64
53.2688,980.64
53.2718,980.64
53.2748,980.64
53.2778,980.64
53.2809,980.64
53.2839,980.64
53.2869,980.64
53.2899,980.64
53.2929,980.64
53.2959,980.64
53.2989,980.64
53.302,980.64
53.305,980.64
53.308,980.64
53.311,980.64
53.314,980.64
53.317,980.64
53.32,980.64
53.323,980.64
53.326,980.64
53.3291,980.64
53.3321,980.64
53.3351,980.64
53.3381,980.64
53.3411,980.64
53.3441,980.64
53.3471,980.64
53.3502,980.64
53.3532,980.64
53.3562,980.64
53.3592,980.64
53.3622,980.64
53.3652,980.64
53.3682,980.64
53.3713,980.64
53.3743,980.64
53.3773,980.64
53.3803,980.64
53.3833,980.64
53.3863,980.64
53.3893,980.64
53.3923,980.64
53.3953,980.64
53.3984,980.64
53.4014,980.64
53.4044,980.64
53.4074,980.64
53.4104,980.64
53.4134,980.64
53.4164,980.64
53.4194,980.64
53.4225,980.64
53.4255,980.64
53.4285,980.64
53.4315,980.64
53.4346,980.64
53.4376,980.64
53.4406,980.64
53.4436,980.64
53.4466,980.64
53.4496,980.64
53.4527,980.64
53.4557,980.64
53.4587,980.64
53.4617,980.64
53.4647,980.64
53.4677,980.64
53.4707,980.64
53.4737,980.64
53.4768,980.64
53.4798,980.64
53.4828,980.64
53.4858,980.64
53.4888,980.64
53.4918,980.64
53.4948,980.64
53.4978,980.64
53.5009,980.64
53.5039,980.64
53.5069,980.64
53.5099,980.64
53.5129,980.64
53.5159,980.64
53.5189,980.64
53.5219,980.64
53.5249,980.64
53.5279,980.64
53.531,980.64
53.534,980.64
53.537,980.64
53.54,980.64
53.543,980.64
53.546,980.64
53.5491,980.64
53.5521,980.64
53.5551,980.64
53.5581,980.64
53.5611,980.64
53.5642,980.64
53.5672,980.64
53.5702,980.64
53.5732,980.64
53.5762,980.64
53.5792,980.64
53.5822,980.64
53.5853,980.64
53.5883,980.64
53.5913,980.64
53.5943,980.64
53.5973,980.64
53.6003,980.64
53.6033,980.64
53.6064,980.64
53.6094,980.64
53.6124,980.64
53.6154,980.64
53.6184,980.64
53.6214,980.64
53.6244,980.64
53.6274,980.64
53.6304,980.64
53.6335,980.64
53.6365,980.64
53.6395,980.64
53.6425,980.64
53.6455,980.64
53.6485,980.64
53.6515,980.64
53.6546,980.64
53.6576,980.64
53.6606,980.64
53.6636,980.64
53.6666,980.64
53.6696,980.64
53.6726,980.64
53.6756,980.64
53.6786,980.64
53.6817,980.64
53.6847,980.64
53.6877,980.64
53.6907,980.64
53.6937,980.64
53.6967,980.64
53.6997,980.64
53.7027,980.64
53.7058,980.64
53.7088,980.64
53.7118,980.64
53.7148,980.64
53.7178,980.64
53.7208,980.64
53.7238,980.64
53.7268,980.64
53.7299,980.64
53.7329,980.64
53.7359,980.64
53.7389,980.64
53.7419,980.64
53.7449,980.64
53.7479,980.64
53.7511,980.64
53.7543,980.64
53.7573,980.64
53.7603,980.64
53.7633,980.64
53.7664,980.64
53.7694,980.64
53.7724,980.64
53.7754,980.64
53.7784,980.64
53.7814,980.64
53.7844,980.64
53.7875,980.64
53.7905,980.64
53.7935,980.64
53.7965,980.64
53.7995,980.64
53.8025,980.64
53.8055,980.64
53.8085,980.64
53.8115,980.64
53.8145,980.64
53.8176,980.64
53.8206,980.64
53.8236,980.64
53.8266,980.64
53.8296,980.64
53.8326,980.64
53.8356,980.64
53.8387,980.64
53.8417,980.64
53.8447,980.64
53.8477,980.64
53.8507,980.64
53.8537,980.64
53.8568,980.64
53.8598,980.64
53.8628,980.64
53.8658,980.64
53.8688,980.64
53.8718,980.64
53.8748,980.64
53.8779,980.64
53.8809,980.64
53.8839,980.64
53.8869,980.64
53.8899,980.64
53.8929,980.64
53.8959,980.64
53.8989,980.64
53.902,980.64
53.905,980.64
53.908,980.64
53.911,980.64
53.914,980.64
53.917,980.64
53.92,980.64
53.923,980.64
53.9261,980.64
53.9291,980.64
53.9321,980.64
53.9351,980.64
53.9381,980.64
53.9411,980.64
53.9441,980.64
53.9471,980.64
53.9502,980.64
53.9532,980.64
53.9562,980.64
53.9592,980.64
53.9622,980.64
53.9652,980.64
53.9682,980.64
53.9712,980.64
53.9746,980.64
53.9776,980.64
53.9806,980.64
53.9836,980.64
53.9866,980.64
53.9897,980.64
53.9927,980.64
53.9957,980.64
53.9987,980.64
54.0017,980.64
54.0047,980.64
54.0078,980.64
54.0109,980.64
54.0141,980.64
54.0173,980.64
54.0203,980.64
54.0233,980.64
54.0263,980.64
54.0293,980.64
54.0323,980.64
54.0353,980.64
54.0384,980.64
54.0414,980.64
54.0444,980.64
54.0474,980.64
54.0504,980.64
54.0534,980.64
54.0565,980.64
54.0595,980.64
54.0625,980.64
54.0655,980.64
54.0685,980.64
54.0715,980.64
54.0745,980.64
54.0776,980.64
54.0806,980.64
54.0836,980.64
54.0866,980.64
54.0896,980.64
54.0926,980.64
54.0956,980.64
54.0987,980.64
54.1017,980.64
54.1047,980.64
54.1077,980.64
54.1107,980.64
54.1137,980.64
54.1167,980.64
54.1197,980.64
54.1228,980.64
54.1258,980.64
54.1288,980.64
54.1318,980.64
54.1348,980.64
54.1378,980.64
54.1408,980.64
54.1439,980.64
54.1469,980.64
54.1499,980.64
54.1529,980.64
54.1559,980.64
54.1589,980.64
54.1619,980.64
54.1649,980.64
54.168,980.64
54.171,980.64
54.174,980.64
54.177,980.64
54.18,980.64
54.183,980.64
54.186,980.64
54.1891,980.64
54.1921,980.64
54.1952,980.64
54.1982,980.64
54.2012,980.64
54.2042,980.64
54.2072,980.64
54.2102,980.64
54.2132,980.64
54.2163,980.64
54.2193,980.64
54.2223,980.64
54.2253,980.64
54.2283,980.64
54.2313,980.64
54.2343,980.64
54.2373,980.64
54.2403,980.64
54.2434,980.64
54.2464,980.64
54.2494,980.64
54.2524,980.64
54.2554,980.64
54.2584,980.64
54.2614,980.64
54.2644,980.64
54.2675,980.64
54.2705,980.64
54.2735,980.64
54.2765,980.64
54.2795,980.64
54.2825,980.64
54.2855,980.64
54.2885,980.64
54.2915,980.64
54.2946,980.64
54.2975,980.64
54.3006,980.64
54.3036,980.64
54.3066,980.64
54.3096,980.64
54.3126,980.64
54.3156,980.64
54.3187,980.64
54.3217,980.64
54.3248,980.64
54.3278,980.64
54.3308,980.64
54.3338,980.64
54.3368,980.64
54.3398,980.64
54.3429,980.64
54.3459,980.64
54.3489,980.64
54.3519,980.64
54.3549,980.64
54.3579,980.64
54.3609,980.64
54.3639,980.64
54.3669,980.64
54.37,980.64
54.373,980.64
54.376,980.64
54.379,980.64
54.382,980.64
54.385,980.64
54.388,980.64
54.391,980.64
54.394,980.64
54.3971,980.64
54.4001,980.64
54.4031,980.64
54.4061,980.64
54.4091,980.64
54.4121,980.64
54.4151,980.64
54.4181,980.64
54.4211,980.64
54.4242,980.64
54.4272,980.64
54.4302,980.64
54.4332,980.64
54.4363,980.81
54.4393,980.81
54.4423,980.81
54.4453,980.81
54.4483,980.81
54.4513,980.81
54.4543,980.81
54.4573,980.81
54.4604,980.81
54.4634,980.81
54.4664,980.81
54.4694,980.81
54.4724,980.81
54.4754,980.81
54.4785,980.81
54.4815,980.81
54.4845,980.81
54.4875,980.81
54.4905,980.81
54.4935,980.81
54.4965,980.81
54.4995,980.81
54.5026,980.81
54.5056,980.81
54.5086,980.81
54.5116,980.81
54.5146,980.81
54.5176,980.81
54.5206,980.81
54.5236,980.81
54.5266,980.81
54.5296,980.81
54.5327,980.81
54.5357,980.81
54.5387,980.81
54.5417,980.81
54.5447,980.81
54.5477,980.81
54.5507,980.81
54.5538,980.81
54.5568,980.81
54.5598,980.81
54.5628,980.81
54.5659,980.81
54.5689,980.81
54.5719,980.81
54.5749,980.81
54.5779,980.81
54.5809,980.81
54.584,980.81
54.587,980.81
54.59,980.81
54.593,980.81
54.596,980.81
54.599,980.81
54.602,980.81
54.6051,980.81
54.6081,980.81
54.6111,980.81
54.6141,980.81
54.6171,980.81
54.6201,980.81
54.6231,980.81
54.6261,980.81
54.6291,980.81
54.6321,980.81
54.6352,980.81
54.6382,980.81
54.6412,980.81
54.6442,980.81
54.6472,980.81
54.6502,980.81
54.6532,980.81
54.6563,980.81
54.6593,980.81
54.6623,980.81
54.6653,980.81
54.6683,980.81
54.6713,980.81
54.6743,980.81
54.6773,980.81
54.6803,980.81
54.6834,980.81
54.6864,980.81
54.6894,980.81
54.6924,980.81
54.6954,980.81
54.6984,980.81
54.7014,980.81
54.7044,980.81
54.7075,980.81
54.7105,980.81
54.7135,980.81
54.7165,980.81
54.7195,980.81
54.7225,980.81
54.7255,980.81
54.7285,980.81
54.7315,980.81
54.7346,980.81
54.7376,980.81
54.7406,980.81
54.7436,980.81
54.7466,980.81
54.7496,980.81
54.7527,980.81
54.7557,980.81
54.7587,980.81
54.7617,980.81
54.7647,980.81
54.7677,980.81
54.7707,980.81
54.7737,980.81
54.7768,980.81
54.7798,980.81
54.7828,980.81
54.7858,980.81
54.7888,980.81
54.7918,980.81
54.7948,980.81
54.7978,980.81
54.8008,980.81
54.8038,980.81
54.8069,980.81
54.8099,980.81
54.8129,980.81
54.8159,980.81
54.8189,980.81
54.8219,980.81
54.8249,980.81
54.8279,980.81
54.831,980.81
54.834,980.81
54.837,980.81
54.84,980.81
54.843,980.81
54.846,980.81
54.849,980.81
54.852,980.81
54.8551,980.81
54.8581,980.81
54.8611,980.81
54.8641,980.81
54.8671,980.81
54.8701,980.81
54.8732,980.81
54.8762,980.81
54.8792,980.81
54.8822,980.81
54.8852,980.81
54.8882,980.81
54.8912,980.81
54.8942,980.81
54.8972,980.81
54.9003,980.81
54.9033,980.81
54.9063,980.81
54.9093,980.81
54.9123,980.81
54.9153,980.81
54.9183,980.81
54.9213,980.81
54.9243,980.81
54.9273,980.81
54.9303,980.81
54.9334,980.81
54.9364,980.81
54.9394,980.81
54.9424,980.81
54.9454,980.81
54.9484,980.81
54.9514,980.81
54.9544,980.81
54.9574,980.81
54.9605,980.81
54.9635,980.81
54.9665,980.81
54.9695,980.81
54.9728,980.81
54.9759,980.81
54.9789,980.81
54.9819,980.81
54.9849,980.81
54.9879,980.81
54.9909,980.81
54.994,980.81
54.997,980.81
55.0,980.81
55.003,980.81
55.006,980.81
55.009,980.81
55.0121,980.81
55.0151,980.81
55.0181,980.81
55.0212,980.81
55.0242,980.81
55.0272,980.81
55.0302,980.81
55.0332,980.81
55.0362,980.81
55.0392,980.81
55.0422,980.81
55.0452,980.81
55.0483,980.81
55.0513,980.81
55.0543,980.81
55.0573,980.81
55.0603,980.81
55.0633,980.81
55.0663,980.81
55.0693,980.81
55.0723,980.81
55.0754,980.81
55.0784,980.81
55.0814,980.81
55.0844,980.81
55.0874,980.81
55.0904,980.81
55.0934,980.81
55.0964,980.81
55.0994,980.81
55.1025,980.81
55.1055,980.81
55.1085,980.81
55.1115,980.81
55.1145,980.81
55.1175,980.81
55.1205,980.81
55.1235,980.81
55.1265,980.81
55.1295,980.81
55.1325,980.81
55.1356,980.81
55.1386,980.81
55.1416,980.81
55.1446,980.81
55.1476,980.81
55.1506,980.81
55.1536,980.81
55.1566,980.81
55.1597,980.81
55.1627,980.81
55.1657,980.81
55.1687,980.81
55.1717,980.81
55.1747,980.81
55.1777,980.81
55.1807,980.81
55.1837,980.81
55.1868,980.81
55.1898,980.81
55.1929,980.81
55.1959,980.81
55.1989,980.81
55.2019,980.81
55.2049,980.81
55.2079,980.81
55.2109,980.81
55.214,980.81
55.217,980.81
55.22,980.81
55.223,980.81
55.226,980.81
55.229,980.81
55.232,980.81
55.2351,980.81
55.2381,980.81
55.2411,980.81
55.2441,980.81
55.2472,980.81
55.2502,980.81
55.2532,980.81
55.2562,980.81
55.2592,980.81
55.2622,980.81
55.2652,980.81
55.2683,980.81
55.2713,980.81
55.2743,980.81
55.2773,980.81
55.2803,980.81
55.2833,980.81
55.2863,980.81
55.2893,980.81
55.2923,980.81
55.2953,980.81
55.2984,980.81
55.3014,980.81
55.3044,980.81
55.3074,980.81
55.3104,980.81
55.3134,980.81
55.3164,980.81
55.3194,980.81
55.3225,980.81
55.3255,980.81
55.3285,980.81
55.3315,980.81
55.3345,980.81
55.3375,980.81
55.3405,980.81
55.3435,980.81
55.3466,980.81
55.3496,980.81
55.3526,980.81
55.3556,980.81
55.3586,980.81
55.3616,980.81
55.3646,980.81
55.3676,980.81
55.3706,980.81
55.3737,980.81
55.3767,980.81
55.3797,980.81
55.3827,980.81
55.3857,980.81
55.3887,980.81
55.3917,980.81
55.3947,980.81
55.3977,980.81
55.4007,980.81
55.4037,980.81
55.4068,980.81
55.4098,980.81
55.4128,980.81
55.4158,980.81
55.4188,980.81
55.4218,980.81
55.4248,980.81
55.4278,980.81
55.4309,980.81
55.4339,980.81
55.4369,980.81
55.44,980.81
55.443,980.81
55.446,980.81
55.449,980.81
55.452,980.81
55.455,980.81
55.458,980.81
55.461,980.81
55.464,980.81
55.4671,980.81
55.4701,980.81
55.4731,980.81
55.4761,980.81
55.4791,980.81
55.4821,980.81
55.4851,980.81
55.4881,980.81
55.4911,980.81
55.4942,980.81
55.4972,980.81
55.5002,980.81
55.5032,980.81
55.5062,980.81
55.5092,980.81
55.5122,980.81
55.5152,980.81
55.5182,980.81
55.5212,980.81
55.5243,980.81
55.5273,980.81
55.5303,980.81
55.5333,980.81
55.5363,980.81
55.5393,980.81
55.5423,980.81
55.5453,980.81
55.5484,980.81
55.5514,980.81
55.5545,980.81
55.5575,980.81
55.5605,980.81
55.5635,980.81
55.5665,980.81
55.5695,980.81
55.5725,980.81
55.5755,980.81
55.5785,980.81
55.5816,980.81
55.5846,980.81
55.5876,980.81
55.5906,980.81
55.5936,980.81
55.5966,980.81
55.5996,980.81
55.6026,980.81
55.6057,980.81
55.6087,980.81
55.6117,980.81
55.6147,980.81
55.6177,980.81
55.6207,980.81
55.6237,980.81
55.6267,980.81
55.6297,980.81
55.6327,980.81
55.6358,980.81
55.6388,980.81
55.6418,980.81
55.6448,980.81
55.6478,980.81
55.6508,980.81
55.6538,980.81
55.6568,980.81
55.6598,980.81
55.6629,980.81
55.6659,980.81
55.6689,980.81
55.6719,980.81
55.6749,980.81
55.6779,980.81
55.6809,980.81
55.6839,980.81
55.6869,980.81
55.6899,980.81
55.6929,980.81
55.696,980.81
55.699,980.81
55.702,980.81
55.705,980.81
55.708,980.81
55.711,980.81
55.714,980.81
55.717,980.81
55.72,980.81
55.7231,980.81
55.7261,980.81
55.7291,980.81
55.7321,980.81
55.7351,980.81
55.7381,980.81
55.7412,980.81
55.7442,980.81
55.7472,980.81
55.7502,980.81
55.7533,980.81
55.7564,980.81
55.7594,980.81
55.7624,980.81
55.7654,980.81
55.7684,980.81
55.7714,980.81
55.7744,980.81
55.7774,980.81
55.7805,980.81
55.7835,980.81
55.7865,980.81
55.7895,980.81
55.7925,980.81
55.7955,980.81
55.7985,980.81
55.8015,980.81
55.8045,980.81
55.8076,980.81
55.8106,980.81
55.8136,980.81
55.8166,980.81
55.8196,980.81
55.8226,980.81
55.8256,980.81
55.8286,980.81
55.8316,980.81
55.8347,980.81
55.8377,980.81
55.8407,980.81
55.8437,980.81
55.8467,980.81
55.8497,980.81
55.8527,980.81
55.8557,980.81
55.8587,980.81
55.8617,980.81
55.8648,980.81
55.8678,980.81
55.8708,980.81
55.8738,980.81
55.8768,980.81
55.8798,980.81
55.8829,980.81
55.8859,980.81
55.8889,980.81
55.8919,980.81
55.8949,980.81
55.8979,980.81
55.9009,980.81
55.9039,980.81
55.907,980.81
55.91,980.81
55.913,980.81
55.916,980.81
55.919,980.81
55.922,980.81
55.925,980.81
55.928,980.81
55.931,980.81
55.9341,980.81
55.9371,980.81
55.9401,980.81
55.9431,980.81
55.9461,980.81
55.9491,980.81
55.9521,980.81
55.9551,980.81
55.9581,980.81
55.9611,980.81
55.9641,980.81
55.9672,980.81
55.9702,980.81
55.9735,980.81
55.9766,980.81
55.9796,980.81
55.9826,980.81
55.9856,980.81
55.9886,980.81
55.9917,980.81
55.9947,980.81
55.9977,980.81
56.0007,980.81
56.0037,980.81
56.0067,980.81
56.0097,980.81
56.0131,980.81
56.0163,980.81
56.0193,980.81
56.0223,980.81
56.0253,980.81
56.0283,980.81
56.0314,980.81
56.0344,980.81
56.0374,980.81
56.0404,980.81
56.0434,980.81
56.0464,980.81
56.0494,980.81
56.0525,980.81
56.0555,980.81
56.0585,980.81
56.0615,980.81
56.0645,980.81
56.0675,980.81
56.0705,980.81
56.0735,980.81
56.0766,980.81
56.0796,980.81
56.0826,980.81
56.0856,980.81
56.0886,980.81
56.0916,980.81
56.0946,980.81
56.0977,980.81
56.1007,980.81
56.1037,980.81
56.1067,980.81
56.1097,980.81
56.1127,980.81
56.1157,980.81
56.1187,980.81
56.1218,980.81
56.1248,980.81
56.1278,980.81
56.1308,980.81
56.1338,980.81
56.1368,980.81
56.1398,980.81
56.1428,980.81
56.1458,980.81
56.1489,981.81
56.1519,981.81
56.1549,981.81
56.1579,981.81
56.1609,981.81
56.1639,981.81
56.1669,981.81
56.1699,981.81
56.173,981.81
56.176,981.81
56.179,981.81
56.182,981.81
56.185,981.81
56.1881,981.81
56.1911,981.81
56.1941,981.81
56.1972,981.81
56.2002,981.81
56.2032,981.81
56.2062,981.81
56.2092,981.81
56.2122,981.81
56.2152,981.81
56.2182,981.81
56.2213,981.81
56.2243,981.81
56.2273,981.81
56.2303,981.81
56.2333,981.81
56.2363,981.81
56.2393,981.81
56.2423,981.81
56.2454,981.81
56.2484,981.81
56.2514,981.81
56.2544,981.81
56.2574,981.81
56.2604,981.81
56.2634,981.81
56.2664,981.81
56.2694,981.81
56.2724,981.81
56.2755,981.81
56.2785,981.81
56.2815,981.81
56.2845,981.81
56.2875,981.81
56.2905,981.81
56.2935,981.81
56.2965,981.81
56.2996,981.81
56.3026,981.81
56.3056,981.81
56.3086,981.81
56.3116,981.81
56.3146,981.81
56.3176,981.81
56.3206,981.81
56.3237,981.81
56.3267,981.81
56.3297,981.81
56.3327,981.81
56.3357,981.81
56.3387,981.81
56.3417,981.81
56.3447,981.81
56.3478,981.81
56.3508,981.81
56.3538,981.81
56.3568,981.81
56.3598,981.81
56.3628,981.81
56.3658,981.81
56.3688,981.81
56.3718,981.81
56.3749,981.81
56.3779,981.81
56.3809,981.81
56.3839,981.81
56.3869,981.81
56.3899,981.81
56.3929,981.81
56.3959,981.81
56.399,981.81
56.402,981.81
56.405,981.81
56.408,981.81
56.411,981.81
56.414,981.81
56.417,981.81
56.42,981.81
56.4231,981.81
56.4261,981.81
56.4291,981.81
56.4322,981.81
56.4352,981.81
56.4382,981.81
56.4412,981.81
56.4442,981.81
56.4473,981.81
56.4503,981.81
56.4533,981.81
56.4563,981.81
56.4593,981.81
56.4623,981.81
56.4653,981.81
56.4683,981.81
56.4714,981.81
56.4744,981.81
56.4774,981.81
56.4804,981.81
56.4834,981.81
56.4864,981.81
56.4894,981.81
56.4925,981.81
56.4955,981.81
56.4985,981.81
56.5015,981.81
56.5045,981.81
56.5075,981.81
56.5105,981.81
56.5136,981.81
56.5166,981.81
56.5196,981.81
56.5226,981.81
56.5256,981.81
56.5286,981.81
56.5316,981.81
56.5347,981.81
56.5377,981.81
56.5407,981.81
56.5437,981.81
56.5467,981.81
56.5497,981.81
56.553,981.81
56.556,981.81
56.559,981.81
56.562,981.81
56.5651,981.81
56.5681,981.81
56.5711,981.81
56.5741,981.81
56.5771,981.81
56.5801,981.81
56.5831,981.81
56.5861,981.81
56.5891,981.81
56.5922,981.81
56.5952,981.81
56.5982,981.81
56.6012,981.81
56.6042,981.81
56.6072,981.81
56.6102,981.81
56.6132,981.81
56.6162,981.81
56.6193,981.81
56.6223,981.81
56.6253,981.81
56.6283,981.81
56.6313,981.81
56.6343,981.81
56.6373,981.81
56.6403,981.81
56.6434,981.81
56.6464,981.81
56.6494,981.81
56.6524,981.81
56.6554,981.81
56.6584,981.81
56.6614,981.81
56.6645,981.81
56.6675,981.81
56.6705,981.81
56.6735,981.81
56.6765,981.81
56.6795,981.81
56.6825,981.81
56.6855,981.81
56.6885,981.81
56.6916,981.81
56.6946,981.81
56.6976,981.81
56.7006,981.81
56.7036,981.81
56.7066,981.81
56.7096,981.81
56.7126,981.81
56.7156,981.81
56.7187,981.81
56.7217,981.81
56.7247,981.81
56.7277,981.81
56.7307,981.81
56.7337,981.81
56.7367,981.81
56.7397,981.81
56.7428,981.81
56.7458,981.81
56.7488,981.81
56.7518,981.81
56.7548,981.81
56.7579,981.81
56.7609,981.81
56.7639,981.81
56.7669,981.81
56.7699,981.81
56.7729,981.81
56.7759,981.81
56.779,981.81
56.782,981.81
56.785,981.81
56.788,981.81
56.791,981.81
56.794,981.81
56.797,981.81
56.8,981.81
56.8031,981.81
56.8061,981.81
56.8091,981.81
56.8121,981.81
56.8151,981.81
56.8181,981.81
56.8211,981.81
56.8242,981.81
56.8272,981.81
56.8302,981.81
56.8332,981.81
56.8362,981.81
56.8392,981.81
56.8422,981.81
56.8452,981.81
56.8483,981.81
56.8513,981.81
56.8543,981.81
56.8573,981.81
56.8603,981.81
56.8633,981.81
56.8664,981.81
56.8694,981.81
56.8724,981.81
56.8754,981.81
56.8784,981.81
56.8814,981.81
56.8844,981.81
56.8874,981.81
56.8905,981.81
56.8935,981.81
56.8965,981.81
56.8995,981.81
56.9025,981.81
56.9055,981.81
56.9085,981.81
56.9115,981.81
56.9146,981.81
56.9176,981.81
56.9206,981.81
56.9236,981.81
56.9266,981.81
56.9296,981.81
56.9326,981.81
56.9356,981.81
56.9387,981.81
56.9417,981.81
56.9447,981.81
56.9477,981.81
56.9507,981.81
56.9537,981.81
56.9567,981.81
56.9597,981.81
56.9627,981.81
56.9658,981.81
56.9688,981.81
56.9718,981.81
56.9752,981.81
56.9782,981.81
56.9812,981.81
56.9842,981.81
56.9872,981.81
56.9902,981.81
56.9932,981.81
56.9963,981.81
56.9993,981.81
57.0023,981.81
57.0053,981.81
57.0083,981.81
57.0121,981.81
57.0152,981.81
57.0182,981.81
57.0213,981.81
57.0243,981.81
57.0273,981.81
57.0303,981.81
57.0333,981.81
57.0364,981.81
57.0394,981.81
57.0424,981.81
57.0454,981.81
57.0484,981.81
57.0514,981.81
57.0545,981.81
57.0575,981.81
57.0605,981.81
57.0635,981.81
57.0666,981.81
57.0696,981.81
57.0726,981.81
57.0756,981.81
57.0786,981.81
57.0816,981.81
57.0846,981.81
57.0876,981.81
57.0907,981.81
57.0937,981.81
57.0967,981.81
57.0997,981.81
57.1027,981.81
57.1057,981.81
57.1087,981.81
57.1117,981.81
57.1148,981.81
57.1178,981.81
57.1208,981.81
57.1238,981.81
57.1268,981.81
57.1298,981.81
57.1328,981.81
57.1358,981.81
57.1389,981.81
57.1419,981.81
57.1449,981.81
57.1479,981.81
57.1509,981.81
57.1539,981.81
57.1569,981.81
57.16,981.81
57.163,981.81
57.166,981.81
57.169,981.81
57.172,981.81
57.175,981.81
57.178,981.81
57.181,981.81
57.184,981.81
57.1871,981.81
57.1902,981.81
57.1932,981.81
57.1962,981.81
57.1992,981.81
57.2022,981.81
57.2052,981.81
57.2082,981.81
57.2113,981.81
57.2143,981.81
57.2173,981.81
57.2203,981.81
57.2233,981.81
57.2263,981.81
57.2293,981.81
57.2324,981.81
57.2354,981.81
57.2384,981.81
57.2414,981.81
57.2444,981.81
57.2474,981.81
57.2504,981.81
57.2534,981.81
57.2565,981.81
57.2595,981.81
57.2625,981.81
57.2655,981.81
57.2685,981.81
57.2715,981.81
57.2745,981.81
57.2775,981.81
57.2805,981.81
57.2836,981.81
57.2866,981.81
57.2896,981.81
57.2926,981.81
57.2956,981.81
57.2986,981.81
57.3016,981.81
57.3047,981.81
57.3077,981.81
57.3107,981.81
57.3137,981.81
57.3167,981.81
57.3197,981.81
57.3227,981.81
57.3257,981.81
57.3288,981.81
57.3318,981.81
57.3348,981.81
57.3378,981.81
57.3408,981.81
57.3438,981.81
57.3469,981.81
57.3499,981.81
57.3529,981.81
57.3559,981.81
57.3589,981.81
57.3619,981.81
57.3649,981.81
57.368,981.81
57.371,981.81
57.374,981.81
57.377,981.81
57.38,981.81
57.383,981.81
57.386,981.81
57.3891,981.81
57.3921,981.81
57.3951,981.81
57.3981,981.81
57.4011,981.81
57.4041,981.81
57.4071,981.81
57.4101,981.81
57.4132,981.81
57.4162,981.81
57.4192,981.81
57.4222,981.81
57.4252,981.81
57.4282,981.81
57.4313,981.81
57.4343,981.81
57.4373,981.81
57.4403,981.81
57.4434,981.81
57.4464,981.81
57.4494,981.81
57.4524,981.81
57.4554,981.81
57.4584,981.81
57.4614,981.81
57.4645,981.81
57.4675,981.81
57.4705,981.81
57.4735,981.81
57.4765,981.81
57.4795,981.81
57.4826,981.81
57.4856,981.81
57.4886,981.81
57.4916,981.81
57.4946,981.81
57.4976,981.81
57.5006,981.81
57.5036,981.81
57.5067,981.81
57.5097,981.81
57.5127,981.81
57.5157,981.81
57.5187,981.81
57.5217,981.81
57.5247,981.81
57.5278,981.81
57.5308,981.81
57.5338,981.81
57.5368,981.81
57.5398,981.81
57.5428,981.81
57.5458,981.81
57.5488,981.81
57.5519,981.81
57.5549,981.81
57.558,981.81
57.561,981.81
57.564,981.81
57.567,981.81
57.57,981.81
57.573,981.81
57.576,981.81
57.579,981.81
57.5821,981.81
57.5851,981.81
57.5881,981.81
57.5911,981.81
57.5941,981.81
57.5971,981.81
57.6001,981.81
57.6031,981.81
57.6062,981.81
57.6092,981.81
57.6122,981.81
57.6152,981.81
57.6182,981.81
57.6212,981.81
57.6242,981.81
57.6272,981.81
57.6303,981.81
57.6333,981.81
57.6363,981.81
57.6393,981.81
57.6423,981.81
57.6453,981.81
57.6483,981.81
57.6513,981.81
57.6544,981.81
57.6574,981.81
57.6604,981.81
57.6634,981.81
57.6664,981.81
57.6694,981.81
57.6725,981.81
57.6755,981.81
57.6785,981.81
57.6815,981.81
57.6845,981.81
57.6875,981.81
57.6905,981.81
57.6935,981.81
57.6966,981.81
57.6996,981.81
57.7026,981.81
57.7056,981.81
57.7086,981.81
57.7116,981.81
57.7146,981.81
57.7177,981.81
57.7207,981.81
57.7237,981.81
57.7267,981.81
57.7297,981.81
57.7327,981.81
57.7357,981.81
57.7387,981.81
57.7418,981.81
57.7448,981.81
57.7478,981.81
57.7509,981.81
57.7539,981.81
57.7569,981.81
57.7599,981.81
57.7629,981.81
57.7659,981.81
57.7689,981.81
57.772,981.81
57.775,981.81
57.778,981.81
57.781,981.81
57.784,981.81
57.787,981.81
57.79,981.81
57.793,981.81
57.7961,981.81
57.7991,981.81
57.8021,981.81
57.8051,981.81
57.8081,981.81
57.8111,981.81
57.8141,981.81
57.8171,981.81
57.8202,981.81
57.8232,981.81
57.8262,981.81
57.8292,981.81
57.8322,981.81
57.8352,981.81
57.8382,981.81
57.8413,981.81
57.8443,981.81
57.8473,981.81
57.8503,981.81
57.8533,981.81
57.8563,981.81
57.8593,981.81
57.8623,981.81
57.8653,981.81
57.8684,981.81
57.8714,981.81
57.8744,981.81
57.8774,981.81
57.8804,981.81
57.8834,981.81
57.8864,981.81
57.8895,981.81
57.8925,981.81
57.8955,981.81
57.8985,981.81
57.9015,981.81
57.9045,981.81
57.9076,981.81
57.9106,981.81
57.9136,981.81
57.9166,981.81
57.9196,981.81
57.9226,981.81
57.9256,981.81
57.9287,981.81
57.9317,981.81
57.9347,981.81
57.9377,981.81
57.9407,981.81
57.9437,981.81
57.9467,981.81
57.9497,981.81
57.9527,981.81
57.9558,981.81
57.9588,981.81
57.9618,981.81
57.9648,981.81
57.9678,981.81
57.9708,981.81
57.9742,981.81
57.9772,981.81
57.9802,981.81
57.9833,981.81
57.9863,981.81
57.9893,981.81
57.9923,981.81
57.9953,981.81
57.9983,981.81
58.0013,981.81
58.0043,981.81
58.0074,981.81
58.0104,981.81
58.0135,981.81
58.0165,981.81
58.0196,981.81
58.0226,981.81
58.0256,981.81
58.0286,981.81
58.0316,981.81
58.0347,981.81
58.0377,981.81
58.0407,981.81
58.0437,981.81
58.0467,981.81
58.0497,981.81
58.0527,981.81
58.0558,981.81
58.0588,981.81
58.0618,981.81
58.0648,981.81
58.0678,981.81
58.0708,981.81
58.0738,981.81
58.0768,981.81
58.0799,981.81
58.0829,981.81
58.0859,981.81
58.0889,981.81
58.0919,981.81
58.0949,981.81
58.0979,981.81
58.1009,981.81
58.1039,981.81
58.1069,981.81
58.11,981.81
58.113,981.81
58.116,981.81
58.119,981.81
58.122,981.81
58.125,981.81
58.128,981.81
58.131,981.81
58.134,981.81
58.137,981.81
58.1401,981.81
58.1431,981.81
58.1461,981.81
58.1491,981.81
58.1521,981.81
58.1551,981.81
58.1581,981.81
58.1612,981.81
58.1642,981.81
58.1672,981.81
58.1702,981.81
58.1732,981.81
58.1762,981.81
58.1792,981.81
58.1822,981.81
58.1852,981.81
58.1883,981.81
58.1913,981.81
58.1943,981.81
58.1974,981.81
58.2004,981.81
58.2034,981.81
58.2064,981.81
58.2094,981.81
58.2124,981.81
58.2154,981.81
58.2185,981.81
58.2215,981.81
58.2245,981.81
58.2275,981.81
58.2305,981.81
58.2335,981.81
58.2365,981.81
58.2395,981.81
58.2425,981.81
58.2456,981.81
58.2486,981.81
58.2516,981.81
58.2546,981.81
58.2576,981.81
58.2606,981.81
58.2637,981.81
58.2667,981.81
58.2697,981.81
58.2727,981.81
58.2757,981.81
58.2787,981.81
58.2817,981.81
58.2847,981.81
58.2877,981.81
58.2908,981.81
58.2938,981.81
58.2968,981.81
58.2998,981.81
58.3028,981.81
58.3058,981.81
58.3088,981.81
58.3118,981.81
58.3149,981.81
58.3179,981.81
58.3209,981.81
58.3239,981.81
58.3269,981.81
58.3299,981.81
58.3329,981.81
58.3359,981.81
58.3389,981.81
58.342,981.81
58.345,981.81
58.348,981.81
58.351,981.81
58.354,981.81
58.357,981.81
58.36,981.81
58.363,981.81
58.366,981.81
58.3691,981.81
58.3721,981.81
58.3751,981.81
58.3781,981.81
58.3811,981.81
58.3841,981.81
58.3871,981.81
58.3901,981.81
58.3932,981.81
58.3962,981.81
58.3992,981.81
58.4022,981.81
58.4052,981.81
58.4082,981.81
58.4112,981.81
58.4142,981.81
58.4172,981.81
58.4203,981.81
58.4233,981.81
58.4263,981.81
58.4293,981.81
58.4323,981.81
58.4354,981.81
58.4384,981.81
58.4414,981.81
58.4444,981.81
58.4474,981.81
58.4504,981.81
58.4534,981.81
58.4565,981.81
58.4595,981.81
58.4625,981.81
58.4655,981.81
58.4685,981.81
58.4715,981.81
58.4745,981.81
58.4776,981.81
58.4806,981.81
58.4836,981.81
58.4866,981.81
58.4896,981.81
58.4926,981.81
58.4956,981.81
58.4987,981.81
58.5017,981.81
58.5047,981.81
58.5077,981.81
58.5107,981.81
58.5137,981.81
58.5167,981.81
58.5198,981.81
58.5228,981.81
58.5258,981.81
58.5288,981.81
58.5318,981.81
58.5348,981.81
58.5378,981.81
58.5409,981.81
58.5439,981.81
58.5469,981.81
58.5499,981.81
58.553,981.81
58.556,981.81
58.559,981.81
58.562,981.81
58.565,981.81
58.568,981.81
58.5711,981.81
58.5741,981.81
58.5771,981.81
58.5801,981.81
58.5831,981.81
58.5861,981.81
58.5891,981.81
58.5922,981.81
58.5952,981.81
58.5982,981.81
58.6012,981.81
58.6042,981.81
58.6072,981.81
58.6102,981.81
58.6132,981.81
58.6163,981.81
58.6193,981.81
58.6223,981.81
58.6253,981.81
58.6283,981.81
58.6313,981.81
58.6343,981.81
58.6373,981.81
58.6404,981.81
58.6434,981.81
58.6464,981.81
58.6494,981.81
58.6524,981.81
58.6554,981.81
58.6584,981.81
58.6614,981.81
58.6645,981.81
58.6675,981.81
58.6705,981.81
58.6735,981.81
58.6765,981.81
58.6795,981.81
58.6825,981.81
58.6855,981.81
58.6886,981.81
58.6916,981.81
58.6946,981.81
58.6976,981.81
58.7006,981.81
58.7036,981.81
58.7066,981.81
58.7096,981.81
58.7126,981.81
58.7157,981.81
58.7187,981.81
58.7217,981.81
58.7247,981.81
58.7277,981.81
58.7307,981.81
58.7337,981.81
58.7368,981.81
58.7398,981.81
58.7428,981.81
58.7458,981.81
58.7488,981.81
58.752,981.81
58.755,981.81
58.758,981.81
58.761,981.81
58.7641,981.81
58.7671,981.81
58.7701,981.81
58.7731,981.81
58.7761,981.81
58.7791,981.81
58.7821,981.81
58.7851,981.81
58.7882,981.81
58.7912,981.81
58.7942,981.81
58.7972,981.81
58.8002,981.81
58.8032,981.81
58.8062,981.81
58.8093,981.81
58.8123,981.81
58.8153,981.81
58.8183,981.81
58.8213,981.81
58.8243,981.81
58.8273,981.81
58.8304,981.81
58.8334,981.81
58.8364,981.81
58.8394,981.81
58.8424,981.81
58.8454,981.81
58.8484,981.81
58.8515,981.81
58.8545,981.81
58.8575,981.81
58.8605,981.81
58.8635,981.81
58.8665,981.81
58.8695,981.81
58.8725,981.81
58.8756,981.81
58.8786,981.81
58.8816,981.81
58.8846,981.81
58.8876,981.81
58.8906,981.81
58.8936,981.81
58.8967,981.81
58.8997,981.81
58.9027,981.81
58.9057,981.81
58.9087,981.81
58.9117,981.81
58.9147,981.81
58.9177,981.81
58.9207,981.81
58.9238,981.81
58.9268,981.81
58.9298,981.81
58.9328,981.81
58.9358,981.81
58.9388,981.81
58.9418,981.81
58.9448,981.81
58.9478,981.81
58.9509,981.81
58.9539,981.81
58.9569,981.81
58.9599,981.81
58.9629,981.81
58.9659,981.81
58.9689,981.81
58.9721,981.81
58.9753,981.81
58.9783,981.81
58.9813,981.81
58.9844,981.81
58.9874,981.81
58.9904,981.81
58.9934,981.81
58.9964,981.81
58.9994,981.81
59.0024,981.81
59.0054,981.81
59.0085,981.81
59.0118,981.81
59.015,981.81
59.018,981.81
59.021,981.81
59.024,981.81
59.0271,981.81
59.0301,981.81
59.0331,981.81
59.0361,981.81
59.0391,981.81
59.0421,981.81
59.0451,981.81
59.0482,981.81
59.0512,981.81
59.0542,981.81
59.0572,981.81
59.0602,981.81
59.0632,981.81
59.0662,981.81
59.0692,981.81
59.0723,981.81
59.0753,981.81
59.0783,981.81
59.0813,981.81
59.0843,981.81
59.0873,981.81
59.0903,981.81
59.0934,981.81
59.0964,981.81
59.0994,981.81
59.1024,981.81
59.1054,981.81
59.1084,981.81
59.1114,981.81
59.1144,981.81
59.1175,981.81
59.1205,981.81
59.1235,981.81
59.1265,981.81
59.1295,981.81
59.1325,981.81
59.1355,981.81
59.1385,981.81
59.1416,981.81
59.1446,981.81
59.1476,981.81
59.1506,981.81
59.1536,981.81
59.1566,981.81
59.1596,981.81
59.1626,981.81
59.1657,981.81
59.1687,981.81
59.1717,981.81
59.1747,981.81
59.1777,981.81
59.1807,981.81
59.1837,981.81
59.1868,981.81
59.1898,981.81
59.1929,981.81
59.1959,981.81
59.1989,981.81
59.2019,981.81
59.2049,981.81
59.2079,981.81
59.2109,981.81
59.2139,981.81
59.217,981.81
59.22,981.81
59.223,981.81
59.226,981.81
59.229,981.81
59.232,981.81
59.235,981.81
59.2381,981.81
59.2411,981.81
59.2441,981.81
59.2471,981.81
59.2501,981.81
59.2531,981.81
59.2561,981.81
59.2591,981.81
59.2621,981.81
59.2652,981.81
59.2682,981.81
59.2712,981.81
59.2742,981.81
59.2772,981.81
59.2802,981.81
59.2832,981.81
59.2862,981.81
59.2892,981.81
59.2923,981.81
59.2953,981.81
59.2983,981.81
59.3013,981.81
59.3043,981.81
59.3073,981.81
59.3103,981.81
59.3134,981.81
59.3164,981.81
59.3194,981.81
59.3224,981.81
59.3254,981.81
59.3284,981.81
59.3314,981.81
59.3344,981.81
59.3375,981.81
59.3405,981.81
59.3435,981.81
59.3465,981.81
59.3495,981.81
59.3525,981.81
59.3555,981.81
59.3585,981.81
59.3615,981.81
59.3645,981.81
59.3676,981.81
59.3706,981.81
59.3736,981.81
59.3766,981.81
59.3796,981.81
59.3826,981.81
59.3856,981.81
59.3886,981.81
59.3916,981.81
59.3947,981.81
59.3977,981.81
59.4007,981.81
59.4037,981.81
59.4067,981.81
59.4097,981.81
59.4127,981.81
59.4157,981.81
59.4187,981.81
59.4217,981.81
59.4248,981.81
59.4278,981.81
59.4308,981.81
59.4339,981.81
59.4369,981.81
59.4399,981.81
59.4429,981.81
59.4459,981.81
59.4489,981.81
59.4519,981.81
59.4549,981.81
59.4579,981.81
59.461,981.81
59.464,981.81
59.467,981.81
59.47,981.81
59.473,981.81
59.476,981.81
59.4791,981.81
59.4821,981.81
59.4851,981.81
59.4881,981.81
59.4911,981.81
59.4941,981.81
59.4971,981.81
59.5001,981.81
59.5031,981.81
59.5062,981.81
59.5092,981.81
59.5122,981.81
59.5152,981.81
59.5182,981.81
59.5212,981.81
59.5242,981.81
59.5272,981.81
59.5302,981.81
59.5333,981.81
59.5363,981.81
59.5393,981.81
59.5423,981.81
59.5453,981.81
59.5483,981.81
59.5513,981.81
59.5544,981.81
59.5574,981.81
59.5604,981.81
59.5635,981.81
59.5665,981.81
59.5695,981.81
59.5725,981.81
59.5755,981.81
59.5785,981.81
59.5815,981.81
59.5845,981.81
59.5876,981.81
59.5906,981.81
59.5936,981.81
59.5966,981.81
59.5996,981.81
59.6026,981.81
59.6056,981.81
59.6086,981.81
59.6116,981.81
59.6146,981.81
59.6177,981.81
59.6207,981.81
59.6237,981.81
59.6267,981.81
59.6297,981.81
59.6327,981.81
59.6357,981.81
59.6387,981.81
59.6418,981.81
59.6448,981.81
59.6478,981.81
59.6508,981.81
59.6538,981.81
59.6568,981.81
59.6598,981.81
59.6628,981.81
59.6658,981.81
59.6689,981.81
59.6719,981.81
59.6749,981.81
59.6779,981.81
59.6809,981.81
59.6839,981.81
59.6869,981.81
59.6899,981.81
59.693,981.81
59.696,981.81
59.699,981.81
59.702,981.81
59.705,981.81
59.708,981.81
59.711,981.81
59.7141,981.81
59.7171,981.81
59.7201,981.81
59.7231,981.81
59.7261,981.81
59.7291,981.81
59.7321,981.81
59.7351,981.81
59.7382,981.81
59.7412,981.81
59.7442,981.81
59.7472,981.81
59.7502,981.81
59.7533,981.81
59.7563,981.81
59.7593,981.81
59.7624,981.81
59.7654,981.81
59.7684,981.81
59.7714,981.81
59.7744,981.81
59.7774,981.81
59.7804,981.81
59.7834,981.81
59.7864,981.81
59.7894,981.81
59.7925,981.81
59.7955,981.81
59.7985,981.81
59.8015,981.81
59.8045,981.81
59.8075,981.81
59.8105,981.81
59.8135,981.81
59.8165,981.81
59.8195,981.81
59.8226,981.81
59.8256,981.81
59.8286,981.81
59.8316,981.81
59.8346,981.81
59.8376,981.81
59.8406,981.81
59.8436,981.81
59.8467,981.81
59.8497,981.81
59.8527,981.81
59.8557,981.81
59.8587,981.81
59.8617,981.81
59.8647,981.81
59.8677,981.81
59.8707,981.81
59.8738,981.81
59.8768,981.81
59.8798,981.81
59.8828,981.81
59.8858,981.81
59.8888,981.81
59.8918,981.81
59.8948,981.81
59.8978,981.81
59.9009,981.81
59.9039,981.81
59.9069,981.81
59.9099,981.81
59.9129,981.81
59.9159,981.81
59.9189,981.81
59.9219,981.81
59.925,981.81
59.928,981.81
59.931,981.81
59.934,981.81
59.937,981.81
59.94,981.81
59.943,981.81
59.946,981.81
59.949,981.81
59.952,981.81
59.9551,981.81
59.9581,981.81
59.9611,981.81
59.9641,981.81
59.9671,981.81
59.9701,981.81
59.9735,981.81
59.9766,981.81
59.9796,981.81
59.9826,981.81
59.9856,981.81
59.9887,981.81
59.9917,981.81
59.9947,981.81
59.9977,981.81
60.0007,981.81
60.0037,981.81
60.0067,981.81
60.0098,981.81
60.0129,981.81
60.0159,981.81
60.0189,981.81
60.022,981.81
60.025,981.81
60.028,981.81
60.031,981.81
60.034,981.81
60.037,981.81
60.04,981.81
60.0431,981.81
60.0461,981.81
60.0491,981.81
60.0522,981.81
60.0552,981.81
60.0582,981.81
60.0612,981.81
60.0642,981.81
60.0672,981.81
60.0703,981.81
60.0733,981.81
60.0763,981.81
60.0793,981.81
60.0823,981.81
60.0853,981.81
60.0883,981.81
60.0913,981.81
60.0944,981.81
60.0974,981.81
60.1004,981.81
60.1034,981.81
60.1064,981.81
60.1094,981.81
60.1124,981.81
60.1154,981.81
60.1185,981.81
60.1215,981.81
60.1245,981.81
60.1275,981.81
60.1305,981.81
60.1335,981.81
60.1365,981.81
60.1395,981.81
60.1425,981.81
60.1455,981.81
60.1486,981.81
60.1516,981.81
60.1546,981.81
60.1576,981.81
60.1606,981.81
60.1636,981.81
60.1666,981.81
60.1696,981.81
60.1726,981.81
60.1757,981.81
60.1787,981.81
60.1817,981.81
60.1847,981.81
60.1878,981.81
60.191,981.81
60.1941,981.81
60.1972,981.81
60.2002,981.81
60.2032,981.81
60.2062,981.81
60.2092,981.81
60.2122,981.81
60.2153,981.81
60.2183,981.81
60.2213,981.81
60.2243,981.81
60.2273,981.81
60.2303,981.81
60.2333,981.81
60.2364,981.81
60.2394,981.81
60.2424,981.81
60.2454,981.81
60.2484,981.81
60.2514,981.81
60.2544,981.81
60.2575,981.81
60.2605,981.81
60.2635,981.81
60.2665,981.81
60.2695,981.81
60.2725,981.81
60.2755,981.81
60.2785,981.81
60.2815,981.81
60.2846,981.81
60.2876,981.81
60.2906,981.81
60.2936,981.81
60.2966,981.81
60.2996,981.81
60.3027,981.81
60.3057,981.81
60.3087,981.81
60.3117,981.81
60.3147,981.81
60.3177,981.81
60.3207,981.81
60.3238,981.81
60.3268,981.81
60.3298,981.81
60.3328,981.81
60.3358,981.81
60.3388,981.81
60.3418,981.81
60.3448,981.81
60.3478,981.81
60.3509,981.81
60.3539,981.81
60.3569,981.81
60.3599,981.81
60.3629,981.81
60.3659,981.81
60.369,981.81
60.372,981.81
60.375,981.81
60.378,981.81
60.381,981.81
60.3841,981.81
60.3871,981.81
60.3901,981.81
60.3931,981.81
60.3961,981.81
60.3991,981.81
60.4021,981.81
60.4052,981.81
60.4082,981.81
60.4112,981.81
60.4142,981.81
60.4172,981.81
60.4202,981.81
60.4232,981.81
60.4263,981.81
60.4293,981.81
60.4323,981.81
60.4353,981.81
60.4384,981.81
60.4414,981.81
60.4444,981.81
60.4474,981.81
60.4504,981.81
60.4534,981.81
60.4565,981.81
60.4595,981.81
60.4625,981.81
60.4655,981.81
60.4685,981.81
60.4715,981.81
60.4746,981.81
60.4776,981.81
60.4806,981.81
60.4836,981.81
60.4866,981.81
60.4896,981.81
60.4926,981.81
60.4957,981.81
60.4987,981.81
60.5017,981.81
60.5047,981.81
60.5077,981.81
60.5107,981.81
60.5137,981.81
60.5168,981.81
60.5198,981.81
60.5228,981.81
60.5258,981.81
60.5288,981.81
60.5318,981.81
60.5348,981.81
60.5379,981.81
60.5409,981.81
60.5439,981.81
60.5469,981.81
60.5499,981.81
60.5531,981.81
60.5561,981.81
60.5591,981.81
60.5621,981.81
60.5651,981.81
60.5681,981.81
60.5711,981.81
60.5741,981.81
60.5771,981.81
60.5802,981.81
60.5832,981.81
60.5862,981.81
60.5892,981.81
60.5922,981.81
60.5952,981.81
60.5982,981.81
60.6013,981.81
60.6043,981.81
60.6073,981.81
60.6103,981.81
60.6133,981.81
60.6163,981.81
60.6193,981.81
60.6223,981.81
60.6254,981.81
60.6284,981.81
60.6314,981.81
60.6344,981.81
60.6374,981.81
60.6404,981.81
60.6434,981.81
60.6465,981.81
60.6495,981.81
60.6525,981.81
60.6555,981.81
60.6585,981.81
60.6615,981.81
60.6645,981.81
60.6675,981.81
60.6705,981.81
60.6736,981.81
60.6766,981.81
60.6796,981.81
60.6826,981.81
60.6856,981.81
60.6886,981.81
60.6916,981.81
60.6946,981.81
60.6977,981.81
60.7007,981.81
60.7037,981.81
60.7067,981.81
60.7098,981.81
60.7128,981.81
60.7158,981.81
60.7188,981.81
60.7218,981.81
60.7248,981.81
60.7278,981.81
60.7308,981.81
60.7339,981.81
60.7369,981.81
60.7399,981.81
60.7429,981.81
60.7459,981.81
60.7489,981.81
60.752,981.81
60.755,981.81
60.758,981.81
60.7611,981.81
60.7641,981.81
60.7671,981.81
60.7701,981.81
60.7731,981.81
60.7761,981.81
60.7791,981.81
60.7822,981.81
60.7852,981.81
60.7882,981.81
60.7912,981.81
60.7942,981.81
60.7972,981.81
60.8002,981.81
60.8032,981.81
60.8062,981.81
60.8093,981.81
60.8123,981.81
60.8153,981.81
60.8183,981.81
60.8213,981.81
60.8243,981.81
60.8273,981.81
60.8304,981.81
60.8334,981.81
60.8364,981.81
60.8394,981.81
60.8424,981.81
60.8454,981.81
60.8485,981.81
60.8515,981.81
60.8545,981.81
60.8575,981.81
60.8605,981.81
60.8635,981.81
60.8665,981.81
60.8695,981.81
60.8725,981.81
60.8756,981.81
60.8786,981.81
60.8816,981.81
60.8846,981.81
60.8876,981.81
60.8906,981.81
60.8936,981.81
60.8967,981.81
60.8997,981.81
60.9027,981.81
60.9057,981.81
60.9087,981.81
60.9117,981.81
60.9147,981.81
60.9178,981.81
60.9208,981.81
60.9238,981.81
60.9268,981.81
60.9298,981.81
60.9328,981.81
60.9358,981.81
60.9389,981.81
60.9419,981.81
60.9449,981.81
60.9479,981.81
60.9509,981.81
60.9539,981.81
60.9569,981.81
60.9599,981.81
60.9629,981.81
60.966,981.81
60.969,981.81
60.9721,981.81
60.9754,981.81
60.9784,981.81
60.9814,981.81
60.9844,981.81
60.9875,981.81
60.9905,981.81
60.9935,981.81
60.9965,981.81
60.9995,981.81
61.0025,981.81
61.0056,981.81
61.0087,981.81
61.012,981.81
61.0151,981.81
61.0181,981.81
61.0212,981.81
61.0242,981.81
61.0272,981.81
61.0302,981.81
61.0332,981.81
61.0362,981.81
61.0392,981.81
61.0422,981.81
61.0453,981.81
61.0483,981.81
61.0513,981.81
61.0543,981.81
61.0573,981.81
61.0603,981.81
61.0633,981.81
61.0664,981.81
61.0694,981.81
61.0724,981.81
61.0754,981.81
61.0784,981.81
61.0814,981.81
61.0845,981.81
61.0875,981.81
61.0905,981.81
61.0935,981.81
61.0965,981.81
61.0995,981.81
61.1026,981.81
61.1056,981.81
61.1086,981.81
61.1116,981.81
61.1146,981.81
61.1176,981.81
61.1206,981.81
61.1236,981.81
61.1267,981.81
61.1297,981.81
61.1327,981.81
61.1357,981.81
61.1387,981.81
61.1417,981.81
61.1447,981.81
61.1477,981.81
61.1508,981.81
61.1538,981.81
61.1568,981.81
61.1598,981.81
61.1628,981.81
61.1658,981.81
61.1688,981.81
61.1719,981.81
61.1749,981.81
61.1779,981.81
61.1809,981.81
61.1839,981.81
61.187,981.81
61.19,981.81
61.193,981.81
61.1961,981.81
61.1991,981.81
61.2021,981.81
61.2051,981.81
61.2081,981.81
61.2111,981.81
61.2142,981.81
61.2172,981.81
61.2202,981.81
61.2232,981.81
61.2262,981.81
61.2292,981.81
61.2322,981.81
61.2352,981.81
61.2383,981.81
61.2413,982.01
61.2443,982.01
61.2473,982.01
61.2503,982.01
61.2533,982.01
61.2563,982.01
61.2594,982.01
61.2624,982.01
61.2654,982.01
61.2684,982.01
61.2714,982.01
61.2744,982.01
61.2774,982.01
61.2804,982.01
61.2834,982.01
61.2864,982.01
61.2895,982.01
61.2925,982.01
61.2955,982.01
61.2985,982.01
61.3015,982.01
61.3045,982.01
61.3075,982.01
61.3106,982.01
61.3136,982.01
61.3166,982.01
61.3196,982.01
61.3226,982.01
61.3256,982.01
61.3287,982.01
61.3317,982.01
61.3347,982.01
61.3377,982.01
61.3407,982.01
61.3437,982.01
61.3467,982.01
61.3498,982.01
61.3528,982.01
61.3558,982.01
61.3588,982.01
61.3618,982.01
61.3648,982.01
61.3678,982.01
61.3709,982.01
61.3739,982.01
61.3769,982.01
61.3799,982.01
61.3829,982.01
61.3859,982.01
61.3889,982.01
61.392,982.01
61.395,982.01
61.398,982.01
61.401,982.01
61.404,982.01
61.407,982.01
61.41,982.01
61.413,982.01
61.4161,982.01
61.4191,982.01
61.4221,982.01
61.4251,982.01
61.4281,982.01
61.4312,982.01
61.4342,982.01
61.4372,982.01
61.4402,982.01
61.4433,982.01
61.4463,982.01
61.4493,982.01
61.4523,982.01
61.4553,982.01
61.4583,982.01
61.4613,982.01
61.4643,982.01
61.4674,982.01
61.4704,982.01
61.4734,982.01
61.4764,982.01
61.4794,982.01
61.4824,982.01
61.4855,982.01
61.4885,982.01
61.4915,982.01
61.4945,982.01
61.4975,982.01
61.5005,982.01
61.5035,982.01
61.5065,982.01
61.5096,982.01
61.5126,982.01
61.5156,982.01
61.5186,982.01
61.5216,982.01
61.5247,982.01
61.5279,982.01
61.5311,982.01
61.5342,982.01
61.5372,982.01
61.5402,982.01
61.5433,982.01
61.5463,982.01
61.5493,982.01
61.5524,982.01
61.5554,982.01
61.5585,982.01
61.5615,982.01
61.5645,982.01
61.5675,982.01
61.5705,982.01
61.5735,982.01
61.5765,982.01
61.5795,982.01
61.5826,982.01
61.5856,982.01
61.5886,982.01
61.5916,982.01
61.5946,982.01
61.5976,982.01
61.6007,982.01
61.6037,982.01
61.6067,982.01
61.6097,982.01
61.6127,982.01
61.6157,982.01
61.6187,982.01
61.6217,982.01
61.6247,982.01
61.6277,982.01
61.6308,982.01
61.6338,982.01
61.6368,982.01
61.6398,982.01
61.6428,982.01
61.6458,982.01
61.6488,982.01
61.6518,982.01
61.6549,982.01
61.6579,982.01
61.6609,982.01
61.6639,982.01
61.6669,982.01
61.6699,982.01
61.6729,982.01
61.6759,982.01
61.679,982.01
61.682,982.01
61.685,982.01
61.688,982.01
61.691,982.01
61.694,982.01
61.697,982.01
61.7,982.01
61.7031,982.01
61.7061,982.01
61.7091,982.01
61.7121,982.01
61.7151,982.01
61.7181,982.01
61.7211,982.01
61.7241,982.01
61.7272,982.01
61.7302,982.01
61.7332,982.01
61.7362,982.01
61.7392,982.01
61.7422,982.01
61.7452,982.01
61.7483,982.01
61.7513,982.01
61.7543,982.01
61.7573,982.01
61.7603,982.01
61.7633,982.01
61.7663,982.01
61.7693,982.01
61.7724,982.01
61.7754,982.01
61.7784,982.01
61.7814,982.01
61.7844,982.01
61.7874,982.01
61.7905,982.01
61.7935,982.01
61.7965,982.01
61.7995,982.01
61.8025,982.01
61.8055,982.01
61.8085,982.01
61.8116,982.01
61.8146,982.01
61.8176,982.01
61.8206,982.01
61.8236,982.01
61.8266,982.01
61.8296,982.01
61.8326,982.01
61.8357,982.01
61.8387,982.01
61.8417,982.01
61.8447,982.01
61.8477,982.01
61.8507,982.01
61.8537,982.01
61.8567,982.01
61.8597,982.01
61.8628,982.01
61.8658,982.01
61.8688,982.01
61.8718,982.01
61.8748,982.01
61.8778,982.01
61.8808,982.01
61.8838,982.01
61.8868,982.01
61.8899,982.01
61.8929,982.01
61.8959,982.01
61.8989,982.01
61.9019,982.01
61.905,982.01
61.908,982.01
61.911,982.01
61.914,982.01
61.917,982.01
61.92,982.01
61.923,982.01
61.926,982.01
61.929,982.01
61.9321,982.01
61.9351,982.01
61.9381,982.01
61.9411,982.01
61.9441,982.01
61.9471,982.01
61.9501,982.01
61.9531,982.01
61.9561,982.01
61.9592,982.01
61.9622,982.01
61.9652,982.01
61.9682,982.01
61.9712,982.01
61.9745,982.01
61.9776,982.01
61.9806,982.01
61.9836,982.01
61.9866,982.01
61.9896,982.01
61.9926,982.01
61.9956,982.01
61.9987,982.01
62.0017,982.01
62.0047,982.01
62.0077,982.01
62.0109,982.01
62.0142,982.01
62.0174,982.01
62.0204,982.01
62.0234,982.01
62.0264,982.01
62.0294,982.01
62.0324,982.01
62.0355,982.01
62.0385,982.01
62.0416,982.01
62.0446,982.01
62.0476,982.01
62.0506,982.01
62.0537,982.01
62.0567,982.01
62.0597,982.01
62.0627,982.01
62.0657,982.01
62.0687,982.01
62.0717,982.01
62.0748,982.01
62.0778,982.01
62.0808,982.01
62.0838,982.01
62.0868,982.01
62.0898,982.01
62.0928,982.01
62.096,982.01
62.099,982.01
62.102,982.01
62.105,982.01
62.108,982.01
62.1111,982.01
62.1141,982.01
62.1171,982.01
62.1201,982.01
62.1231,982.01
62.1261,982.01
62.1291,982.01
62.1321,982.01
62.1352,982.01
62.1382,982.01
62.1412,982.01
62.1442,982.01
62.1472,982.01
62.1502,982.01
62.1532,982.01
62.1562,982.01
62.1593,982.01
62.1623,982.01
62.1653,982.01
62.1683,982.01
62.1713,982.01
62.1743,982.01
62.1773,982.01
62.1803,982.01
62.1833,982.01
62.1864,982.01
62.1894,982.01
62.1925,982.01
62.1955,982.01
62.1985,982.01
62.2015,982.01
62.2045,982.01
62.2076,982.01
62.2106,982.01
62.2136,982.01
62.2166,982.01
62.2196,982.01
62.2226,982.01
62.2257,982.01
62.2287,982.01
62.2317,982.01
62.2347,982.01
62.2377,982.01
62.2407,982.01
62.2437,982.01
62.2467,982.01
62.2498,982.01
62.2528,982.01
62.2558,982.01
62.2588,982.01
62.2618,982.01
62.2648,982.01
62.2678,982.01
62.2708,982.01
62.2738,982.01
62.2769,982.01
62.2799,982.01
62.2829,982.01
62.2859,982.01
62.2889,982.01
62.2919,982.01
62.2949,982.01
62.298,982.01
62.301,982.01
62.304,982.01
62.307,982.01
62.31,982.01
62.313,982.01
62.3161,982.01
62.3191,982.01
62.3221,982.01
62.3251,982.01
62.3282,982.01
62.3312,982.01
62.3342,982.01
62.3372,982.01
62.3402,982.01
62.3432,982.01
62.3462,982.01
62.3493,982.01
62.3523,982.01
62.3553,982.01
62.3583,982.01
62.3613,982.01
62.3643,982.01
62.3673,982.01
62.3703,982.01
62.3734,982.01
62.3764,982.01
62.3794,982.01
62.3824,982.01
62.3854,982.01
62.3884,982.01
62.3914,982.01
62.3945,982.01
62.3975,982.01
62.4005,982.01
62.4035,982.01
62.4065,982.01
62.4095,982.01
62.4125,982.01
62.4156,982.01
62.4186,982.01
62.4216,982.01
62.4246,982.01
62.4276,982.01
62.4307,982.01
62.4337,982.01
62.4367,982.01
62.4398,982.01
62.4428,982.01
62.4458,982.01
62.4488,982.01
62.4518,982.01
62.4548,982.01
62.4578,982.01
62.4609,982.01
62.4639,982.01
62.4669,982.01
62.4699,982.01
62.4729,982.01
62.4759,982.01
62.479,982.01
62.482,982.01
62.485,982.01
62.488,982.01
62.491,982.01
62.494,982.01
62.497,982.01
62.5001,982.01
62.5031,982.01
62.5061,982.01
62.5091,982.01
62.5121,982.01
62.5151,982.01
62.5182,982.01
62.5212,982.01
62.5242,982.01
62.5272,982.01
62.5302,982.01
62.5333,982.01
62.5366,982.01
62.5397,982.01
62.5427,982.01
62.5457,982.01
62.5487,982.01
62.5518,982.01
62.5548,982.01
62.5579,982.01
62.5609,982.01
62.5639,982.01
62.5669,982.01
62.5699,982.01
62.5729,982.01
62.5759,982.01
62.579,982.04
62.582,982.04
62.5851,982.04
62.5881,982.04
62.5911,982.04
62.5941,982.04
62.5971,982.04
62.6001,982.04
62.6032,982.04
62.6062,982.04
62.6092,982.04
62.6122,982.01
62.6152,982.01
62.6182,982.01
62.6213,982.01
62.6243,982.01
62.6273,982.01
62.6303,982.01
62.6333,982.01
62.6363,982.01
62.6393,982.01
62.6424,982.01
62.6454,982.01
62.6484,982.01
62.6514,982.01
62.6544,982.01
62.6574,982.01
62.6604,982.01
62.6634,982.01
62.6664,982.01
62.6695,982.01
62.6725,982.01
62.6755,982.01
62.6785,982.01
62.6815,982.01
62.6845,982.01
62.6875,982.01
62.6905,982.01
62.6935,982.01
62.6966,982.01
62.6996,982.01
62.7026,982.01
62.7056,982.01
62.7086,982.01
62.7116,982.01
62.7146,982.01
62.7177,982.01
62.7207,982.01
62.7237,982.01
62.7267,982.01
62.7297,982.01
62.7328,982.01
62.7358,982.01
62.7388,982.01
62.7418,982.01
62.7448,982.01
62.7479,982.01
62.7509,982.01
62.7539,982.01
62.757,982.01
62.76,982.01
62.763,982.01
62.766,982.01
62.769,982.01
62.772,982.01
62.775,982.01
62.778,982.01
62.781,982.01
62.7841,982.01
62.7871,982.01
62.7901,982.01
62.7931,982.01
62.7961,982.01
62.7991,982.01
62.8021,982.01
62.8051,982.01
62.8081,982.01
62.8112,982.01
62.8142,982.01
62.8172,982.01
62.8202,982.01
62.8232,982.01
62.8262,982.01
62.8292,982.01
62.8322,982.01
62.8353,982.01
62.8383,982.01
62.8413,982.01
62.8443,982.01
62.8473,982.01
62.8503,982.01
62.8533,982.01
62.8563,982.01
62.8594,982.01
62.8624,982.01
62.8654,982.01
62.8684,982.01
62.8714,982.01
62.8744,982.01
62.8774,982.01
62.8804,982.01
62.8834,982.01
62.8865,982.01
62.8895,982.01
62.8925,982.01
62.8955,982.01
62.8985,982.01
62.9015,982.01
62.9045,982.01
62.9075,982.01
62.9106,982.01
62.9136,982.01
62.9166,982.01
62.9196,982.01
62.9226,982.01
62.9256,982.01
62.9286,982.01
62.9317,982.01
62.9347,982.01
62.9377,982.01
62.9407,982.01
62.9437,982.01
62.9467,982.01
62.9497,982.01
62.9527,982.01
62.9557,982.01
62.9587,982.01
62.9618,982.01
62.9648,982.01
62.9678,982.01
62.9708,982.01
62.9741,982.01
62.9773,982.01
62.9803,982.01
62.9833,982.01
62.9863,982.01
62.9894,982.01
62.9924,982.01
62.9954,982.01
62.9984,982.01
63.0014,982.01
63.0044,982.01
63.0074,982.01
63.0105,982.01
63.0136,982.01
63.0166,982.01
63.0196,982.01
63.0226,982.01
63.0256,982.01
63.0286,982.01
63.0317,982.01
63.0347,982.01
63.0377,982.01
63.0407,982.01
63.0437,982.01
63.0467,982.01
63.0497,982.01
63.0527,982.01
63.0558,982.01
63.0588,982.01
63.0618,982.01
63.0648,982.01
63.0678,982.01
63.0708,982.01
63.0738,982.01
63.0768,982.01
63.0799,982.01
63.0829,982.01
63.0859,982.01
63.0889,982.01
63.0919,982.01
63.0949,982.01
63.0979,982.01
63.1009,982.01
63.1039,982.01
63.1069,982.01
63.11,982.01
63.113,982.01
63.116,982.01
63.119,982.01
63.122,982.01
63.125,982.01
63.128,982.01
63.131,982.01
63.1341,982.01
63.1371,982.01
63.1401,982.01
63.1431,982.01
63.1461,982.01
63.1491,982.01
63.1521,982.01
63.1551,982.01
63.1582,982.01
63.1612,982.01
63.1642,982.01
63.1672,982.01
63.1702,982.01
63.1732,982.01
63.1762,982.01
63.1792,982.01
63.1823,982.01
63.1853,982.01
63.1884,982.01
63.1914,982.01
63.1944,982.01
63.1974,983.01
63.2004,983.01
63.2034,983.01
63.2064,983.01
63.2095,983.01
63.2125,983.01
63.2155,983.01
63.2185,983.01
63.2215,983.01
63.2245,983.01
63.2275,983.01
63.2306,983.01
63.2336,983.01
63.2366,983.01
63.2396,983.01
63.2426,983.01
63.2456,983.01
63.2486,983.01
63.2516,983.01
63.2547,983.01
63.2577,983.01
63.2607,983.01
63.2637,983.01
63.2667,983.01
63.2697,983.01
63.2727,983.01
63.2757,983.01
63.2788,983.01
63.2818,983.01
63.2848,983.01
63.2878,983.01
63.2908,983.01
63.2938,983.01
63.2968,983.01
63.2998,983.01
63.3029,983.01
63.3059,983.01
63.3089,983.01
63.3119,983.01
63.3149,983.01
63.3179,983.01
63.3209,983.01
63.324,983.01
63.327,983.01
63.33,983.01
63.333,983.01
63.336,983.01
63.339,983.01
63.342,983.01
63.3451,983.01
63.3481,983.01
63.3511,983.01
63.3541,983.01
63.3571,983.01
63.3601,983.01
63.3631,983.01
63.3661,983.01
63.3691,983.01
63.3722,983.01
63.3752,983.01
63.3782,983.01
63.3812,983.01
63.3842,983.01
63.3872,983.01
63.3902,983.01
63.3932,983.01
63.3962,983.01
63.3993,983.01
63.4023,983.01
63.4053,983.01
63.4083,983.01
63.4113,983.01
63.4143,983.01
63.4173,983.01
63.4203,983.01
63.4233,983.01
63.4264,983.01
63.4294,983.01
63.4324,983.01
63.4355,983.01
63.4385,983.01
63.4415,983.01
63.4445,983.01
63.4475,983.01
63.4505,983.01
63.4536,983.01
63.4566,983.01
63.4596,983.01
63.4626,983.01
63.4656,983.01
63.4686,983.01
63.4716,983.01
63.4746,983.01
63.4776,983.01
63.4807,983.01
63.4837,983.01
63.4867,983.01
63.4897,983.01
63.4927,983.01
63.4957,983.01
63.4987,983.01
63.5017,983.01
63.5048,983.01
63.5078,983.01
63.5108,983.01
63.5138,983.01
63.5168,983.01
63.5198,983.01
63.5228,983.01
63.5258,983.01
63.5288,983.01
63.5318,983.01
63.5349,983.01
63.5379,983.01
63.5409,983.01
63.5439,983.01
63.5469,983.01
63.5499,983.01
63.553,983.01
63.5561,983.01
63.5591,983.01
63.5621,983.01
63.5651,983.01
63.5681,983.01
63.5711,983.01
63.5741,983.01
63.5771,983.01
63.5802,983.01
63.5832,983.01
63.5862,983.01
63.5892,983.01
63.5922,983.01
63.5952,983.01
63.5982,983.01
63.6013,983.01
63.6043,983.01
63.6073,983.01
63.6103,983.01
63.6133,983.01
63.6163,983.01
63.6193,983.01
63.6223,983.01
63.6253,983.01
63.6284,983.01
63.6314,983.01
63.6344,983.01
63.6374,983.01
63.6404,983.01
63.6434,983.01
63.6464,983.01
63.6495,983.01
63.6525,983.01
63.6555,983.01
63.6585,983.01
63.6615,983.01
63.6645,983.01
63.6675,983.01
63.6705,983.01
63.6735,983.01
63.6765,983.01
63.6796,983.01
63.6826,983.01
63.6856,983.01
63.6886,983.01
63.6916,983.01
63.6946,983.01
63.6976,983.01
63.7006,983.01
63.7036,983.01
63.7067,983.01
63.7097,983.01
63.7127,983.01
63.7157,983.01
63.7187,983.01
63.7217,983.01
63.7247,983.01
63.7277,983.01
63.7307,983.01
63.7337,983.01
63.7368,983.01
63.7398,983.01
63.7428,983.01
63.7458,983.01
63.7488,983.01
63.752,983.01
63.755,983.01
63.758,983.01
63.761,983.01
63.764,983.01
63.7671,983.01
63.7701,983.01
63.7731,983.01
63.7761,983.01
63.7791,983.01
63.7821,983.01
63.7851,983.01
63.7882,983.01
63.7912,983.01
63.7942,983.01
63.7972,983.01
63.8002,983.01
63.8032,983.01
63.8062,983.01
63.8092,983.01
63.8122,983.01
63.8153,983.01
63.8183,983.01
63.8213,983.01
63.8243,983.01
63.8273,983.01
63.8303,983.01
63.8333,983.01
63.8363,983.01
63.8393,983.01
63.8423,983.01
63.8454,983.01
63.8484,983.01
63.8514,983.01
63.8544,983.01
63.8574,983.01
63.8604,983.01
63.8634,983.01
63.8664,983.01
63.8694,983.01
63.8724,983.01
63.8755,983.01
63.8785,983.01
63.8815,983.01
63.8845,983.01
63.8875,983.01
63.8905,983.01
63.8935,983.01
63.8966,983.01
63.8996,983.01
63.9026,983.01
63.9056,983.01
63.9086,983.01
63.9116,983.01
63.9146,983.01
63.9176,983.01
63.9206,983.01
63.9236,983.01
63.9267,983.01
63.9297,983.01
63.9327,983.01
63.9357,983.01
63.9387,983.01
63.9417,983.01
63.9447,983.01
63.9477,983.01
63.9508,983.01
63.9538,983.01
63.9568,983.01
63.9598,983.01
63.9628,983.01
63.9658,983.01
63.9688,983.01
63.9718,983.01
63.9751,983.01
63.9782,983.01
63.9812,983.01
63.9842,983.01
63.9873,983.01
63.9903,983.01
63.9933,983.01
63.9963,983.01
63.9993,983.01
64.0023,983.01
64.0053,983.01
64.0083,983.01
64.0117,983.01
64.0148,983.01
64.0178,983.01
64.0209,983.01
64.0239,983.01
64.0269,983.01
64.0299,983.01
64.0329,983.01
64.0359,983.01
64.0389,983.01
64.0419,983.01
64.045,983.01
64.048,983.01
64.051,983.01
64.054,983.01
64.057,983.01
64.06,983.01
64.063,983.01
64.066,983.01
64.0691,983.01
64.0721,983.01
64.0751,983.01
64.0781,983.01
64.0811,983.01
64.0841,983.01
64.0871,983.01
64.0901,983.01
64.0931,983.01
64.0962,983.01
64.0992,983.01
64.1022,983.01
64.1052,983.01
64.1082,983.01
64.1112,983.01
64.1142,983.01
64.1172,983.01
64.1202,983.01
64.1233,983.01
64.1263,983.01
64.1293,983.01
64.1323,983.01
64.1353,983.01
64.1383,983.01
64.1413,983.01
64.1443,983.01
64.1473,983.01
64.1504,983.01
64.1537,983.01
64.1568,983.01
64.1598,983.01
64.1628,983.01
64.1658,983.01
64.1688,983.01
64.1718,983.01
64.1748,983.01
64.1778,983.01
64.1809,983.01
64.1839,983.01
64.1869,983.01
64.19,983.01
64.193,983.01
64.196,983.01
64.199,983.01
64.2021,983.01
64.2051,983.01
64.2081,983.01
64.2111,983.01
64.2141,983.01
64.2171,983.01
64.2201,983.01
64.2232,983.01
64.2262,983.01
64.2292,983.01
64.2322,983.01
64.2352,983.01
64.2382,983.01
64.2412,983.01
64.2442,983.01
64.2473,983.01
64.2503,983.01
64.2533,983.01
64.2563,983.01
64.2593,983.01
64.2623,983.01
64.2653,983.01
64.2683,983.01
64.2714,983.01
64.2744,983.01
64.2774,983.01
64.2804,983.01
64.2834,983.01
64.2864,983.01
64.2894,983.01
64.2924,983.01
64.2955,983.01
64.2985,983.01
64.3015,983.01
64.3045,983.01
64.3075,983.01
64.3105,983.01
64.3135,983.01
64.3165,983.01
64.3196,983.01
64.3226,983.01
64.3256,983.01
64.3286,983.01
64.3316,983.01
64.3346,983.01
64.3376,983.01
64.3406,983.01
64.3437,983.01
64.3467,983.01
64.3497,983.01
64.3527,983.01
64.3557,983.01
64.3587,983.01
64.3617,983.01
64.3647,983.01
64.3678,983.01
64.3708,983.01
64.3738,983.01
64.3768,983.01
64.3798,983.01
64.3828,983.01
64.3858,983.01
64.3888,983.01
64.3919,983.01
64.3949,983.01
64.3979,983.01
64.4009,983.01
64.4039,983.01
64.4069,983.01
64.4099,983.01
64.4129,983.01
64.416,983.01
64.419,983.01
64.422,983.01
64.425,983.01
64.428,983.01
64.4311,983.01
64.4341,983.01
64.4371,983.01
64.4401,983.01
64.4432,983.01
64.4462,983.01
64.4492,983.01
64.4522,983.01
64.4552,983.01
64.4582,983.01
64.4612,983.01
64.4642,983.01
64.4673,983.01
64.4703,983.01
64.4733,983.01
64.4763,983.01
64.4793,983.01
64.4823,983.01
64.4853,983.01
64.4884,983.01
64.4914,983.01
64.4944,983.01
64.4974,983.01
64.5004,983.01
64.5034,983.01
64.5064,983.01
64.5094,983.01
64.5125,983.01
64.5155,983.01
64.5185,983.01
64.5215,983.01
64.5245,983.01
64.5275,983.01
64.5305,983.01
64.5335,983.01
64.5366,983.01
64.5396,983.01
64.5426,983.01
64.5456,983.01
64.5486,983.01
64.5516,983.01
64.5547,983.01
64.5577,983.01
64.5608,983.01
64.5638,983.01
64.5668,983.01
64.5698,983.01
64.5728,983.01
64.5758,983.01
64.5788,983.01
64.5818,983.01
64.5849,983.01
64.5879,983.01
64.5909,983.01
64.5939,983.01
64.5969,983.01
64.5999,983.01
64.6029,983.01
64.6059,983.01
64.609,983.01
64.612,983.01
64.615,983.01
64.618,983.01
64.621,983.01
64.624,983.01
64.627,983.01
64.63,983.01
64.6331,983.01
64.6361,983.01
64.6391,983.01
64.6421,983.01
64.6451,983.01
64.6481,983.01
64.6511,983.01
64.6541,983.01
64.6571,983.01
64.6602,983.01
64.6632,983.01
64.6662,983.01
64.6692,983.01
64.6722,983.01
64.6752,983.01
64.6782,983.01
64.6812,983.01
64.6842,983.01
64.6873,983.01
64.6903,983.01
64.6933,983.01
64.6963,983.01
64.6993,983.01
64.7023,983.01
64.7053,983.01
64.7083,983.01
64.7113,983.01
64.7144,983.01
64.7174,983.01
64.7204,983.01
64.7234,983.01
64.7264,983.01
64.7294,983.01
64.7324,983.01
64.7355,983.01
64.7385,983.01
64.7415,983.01
64.7445,983.01
64.7475,983.01
64.7505,983.01
64.7536,983.01
64.7566,983.01
64.7596,983.01
64.7626,983.01
64.7656,983.01
64.7686,983.01
64.7716,983.01
64.7746,983.01
64.7777,983.01
64.7807,983.01
64.7837,983.01
64.7867,983.01
64.7897,983.01
64.7927,983.01
64.7957,983.01
64.7988,983.01
64.8018,983.01
64.8048,983.01
64.8078,983.01
64.8108,983.01
64.8138,983.01
64.8168,983.01
64.8198,983.01
64.8228,983.01
64.8258,983.01
64.8289,983.01
64.8319,983.01
64.8349,983.01
64.8379,983.01
64.8409,983.01
64.8439,983.01
64.8469,983.01
64.8499,983.01
64.853,983.01
64.856,983.01
64.859,983.01
64.862,983.01
64.865,983.01
64.868,983.01
64.871,983.01
64.874,983.01
64.8771,983.01
64.8801,983.01
64.8831,983.01
64.8861,983.01
64.8891,983.01
64.8921,983.01
64.8951,983.01
64.8981,983.01
64.9011,983.01
64.9041,983.01
64.9072,983.01
64.9102,983.01
64.9132,983.01
64.9162,983.01
64.9192,983.01
64.9222,983.01
64.9252,983.01
64.9282,983.01
64.9313,983.01
64.9343,983.01
64.9373,983.01
64.9403,983.01
64.9433,983.01
64.9463,983.01
64.9493,983.01
64.9523,983.01
64.9553,983.01
64.9584,983.01
64.9614,983.01
64.9644,983.01
64.9674,983.01
64.9704,983.01
64.9737,983.01
64.9767,983.01
64.9797,983.01
64.9827,983.01
64.9858,983.01
64.9888,983.01
64.9918,983.01
64.9948,983.01
64.9978,983.01
65.0008,983.01
65.0038,983.01
65.0068,983.01
65.0099,983.01
65.013,983.01
65.016,983.01
65.019,983.01
65.022,983.01
65.025,983.01
65.028,983.01
65.0311,983.01
65.0341,983.01
65.0371,983.01
65.0401,983.01
65.0431,983.01
65.0461,983.01
65.0492,983.01
65.0522,983.01
65.0552,983.01
65.0582,983.01
65.0612,983.01
65.0642,983.01
65.0672,983.01
65.0702,983.01
65.0733,983.01
65.0763,983.01
65.0793,983.01
65.0823,983.01
65.0853,983.01
65.0883,983.01
65.0913,983.01
65.0944,983.01
65.0974,983.01
65.1004,983.01
65.1035,983.01
65.1065,983.01
65.1095,983.01
65.1125,983.01
65.1155,983.01
65.1185,983.01
65.1215,983.01
65.1245,983.01
65.1275,983.01
65.1305,983.01
65.1336,983.01
65.1366,983.01
65.1396,983.01
65.1426,983.01
65.1456,983.01
65.1486,983.01
65.1516,983.01
65.1546,983.01
65.1577,983.01
65.1607,983.01
65.1637,983.01
65.1667,983.01
65.1697,983.01
65.1727,983.01
65.1757,983.01
65.1787,983.01
65.1817,983.01
65.1848,983.01
65.1878,983.01
65.1908,983.01
65.1939,983.01
65.1969,983.01
65.1999,983.01
65.2029,983.01
65.2059,983.01
65.209,983.01
65.212,983.01
65.215,983.01
65.218,983.01
65.221,983.01
65.224,983.01
65.227,983.01
65.2301,983.01
65.2331,983.01
65.2361,983.01
65.2391,983.01
65.2421,983.01
65.2451,983.01
65.2481,983.01
65.2511,983.01
65.2541,983.01
65.2571,983.01
65.2602,983.01
65.2632,983.01
65.2662,983.01
65.2692,983.01
65.2722,983.01
65.2752,983.01
65.2782,983.01
65.2812,983.01
65.2842,983.01
65.2873,983.01
65.2903,983.01
65.2933,983.01
65.2963,983.01
65.2993,983.01
65.3023,983.01
65.3053,983.01
65.3083,983.01
65.3114,983.01
65.3144,983.01
65.3174,983.01
65.3204,983.01
65.3234,983.01
65.3264,983.01
65.3294,983.01
65.3324,983.01
65.3355,983.01
65.3385,983.01
65.3415,983.01
65.3445,983.01
65.3475,983.01
65.3505,983.01
65.3535,983.01
65.3566,983.01
65.3596,983.01
65.3626,983.01
65.3656,983.01
65.3686,983.01
65.3716,983.01
65.3746,983.01
65.3776,983.01
65.3806,983.01
65.3837,983.01
65.3867,983.01
65.3897,983.01
65.3927,983.01
65.3957,983.01
65.3987,983.01
65.4017,983.01
65.4047,983.01
65.4078,983.01
65.4108,983.01
65.4138,983.01
65.4168,983.01
65.4198,983.01
65.4228,983.01
65.4258,983.01
65.4289,983.01
65.4319,983.01
65.435,983.01
65.438,983.01
65.441,983.01
65.444,983.01
65.447,983.01
65.45,983.01
65.453,983.01
65.4561,983.01
65.4591,983.01
65.4621,983.01
65.4651,983.01
65.4681,983.01
65.4711,983.01
65.4742,983.01
65.4772,983.01
65.4802,983.01
65.4832,983.01
65.4862,983.01
65.4892,983.01
65.4922,983.01
65.4952,983.01
65.4983,983.01
65.5013,983.01
65.5043,983.01
65.5073,983.01
65.5103,983.01
65.5133,983.01
65.5163,983.01
65.5193,983.01
65.5224,983.01
65.5254,983.01
65.5284,983.01
65.5314,983.01
65.5344,983.01
65.5374,983.01
65.5404,983.01
65.5434,983.01
65.5464,983.01
65.5494,983.01
65.5524,983.01
65.5555,983.01
65.5585,983.01
65.5615,983.01
65.5645,983.01
65.5676,983.01
65.5706,983.01
65.5736,983.01
65.5766,983.01
65.5796,983.01
65.5826,983.01
65.5856,983.01
65.5886,983.01
65.5916,983.01
65.5947,983.01
65.5977,983.01
65.6007,983.01
65.6037,983.01
65.6067,983.01
65.6097,983.01
65.6127,983.01
65.6157,983.01
65.6187,983.01
65.6218,983.01
65.6248,983.01
65.6278,983.01
65.6308,983.01
65.6338,983.01
65.6368,983.01
65.6398,983.01
65.6428,983.01
65.6459,983.01
65.6489,983.01
65.6519,983.01
65.6549,983.01
65.6579,983.01
65.6609,983.01
65.6639,983.01
65.6669,983.01
65.6699,983.01
65.6729,983.01
65.676,983.01
65.679,983.01
65.682,983.01
65.685,983.01
65.688,983.01
65.691,983.01
65.694,983.01
65.697,983.01
65.7,983.01
65.7031,983.01
65.7061,983.01
65.7091,983.01
65.7121,983.01
65.7151,983.01
65.7181,983.01
65.7211,983.01
65.7242,983.01
65.7272,983.01
65.7302,983.01
65.7332,983.01
65.7362,983.01
65.7392,983.01
65.7422,983.01
65.7452,983.01
65.7483,983.01
65.7515,983.01
65.7545,983.01
65.7575,983.01
65.7605,983.01
65.7635,983.01
65.7665,983.01
65.7696,983.01
65.7726,983.01
65.7756,983.01
65.7786,983.01
65.7816,983.01
65.7846,983.01
65.7877,983.01
65.7907,983.01
65.7937,983.01
65.7967,983.01
65.7997,983.01
65.8027,983.01
65.8058,983.01
65.8088,983.01
65.8118,983.01
65.8148,983.01
65.8178,983.01
65.8208,983.01
65.8238,983.01
65.8268,983.01
65.8299,983.01
65.8329,983.01
65.8359,983.01
65.8389,983.01
65.8419,983.01
65.8449,983.01
65.8479,983.01
65.8509,983.01
65.8539,983.01
65.8569,983.01
65.86,983.01
65.863,983.01
65.866,983.01
65.869,983.01
65.872,983.01
65.875,983.01
65.878,983.01
65.881,983.01
65.8841,983.01
65.8871,983.01
65.8901,983.01
65.8931,983.01
65.8961,983.01
65.8991,983.01
65.9021,983.01
65.9051,983.01
65.9081,983.01
65.9111,983.01
65.9142,983.01
65.9172,983.01
65.9202,983.01
65.9232,983.01
65.9262,983.01
65.9292,983.01
65.9322,983.01
65.9352,983.01
65.9383,983.01
65.9413,983.01
65.9443,983.01
65.9473,983.01
65.9503,983.01
65.9533,983.01
65.9563,983.01
65.9593,983.01
65.9624,983.01
65.9654,983.01
65.9684,983.01
65.9714,983.01
65.9749,983.01
65.978,983.01
65.981,983.01
65.984,983.01
65.987,983.01
65.99,983.01
65.993,983.01
65.996,983.01
65.9991,983.01
66.0021,983.01
66.0051,983.01
66.0081,983.01
66.0113,983.01
66.0146,983.01
66.0176,983.01
66.0206,983.01
66.0236,983.01
66.0267,983.01
66.0297,983.01
66.0327,983.01
66.0357,983.01
66.0387,983.01
66.0417,983.01
66.0447,983.01
66.0478,983.01
66.0508,983.01
66.0538,983.01
66.0568,983.01
66.0598,983.01
66.0628,983.01
66.0658,983.01
66.0689,983.01
66.0719,983.01
66.0749,983.01
66.0779,983.01
66.0809,983.01
66.0839,983.01
66.0869,983.01
66.0899,983.01
66.093,983.01
66.096,983.01
66.099,983.01
66.102,983.01
66.105,983.01
66.108,983.01
66.1111,983.01
66.1141,983.01
66.1171,983.01
66.1201,983.01
66.1231,983.01
66.1261,983.01
66.1291,983.01
66.1321,983.01
66.1351,983.01
66.1382,983.01
66.1412,983.01
66.1442,983.01
66.1472,983.01
66.1502,983.01
66.1532,983.01
66.1562,983.01
66.1592,983.01
66.1622,983.01
66.1653,983.01
66.1683,983.01
66.1713,983.01
66.1743,983.01
66.1773,983.01
66.1803,983.01
66.1833,983.01
66.1864,983.01
66.1894,983.01
66.1925,983.01
66.1955,983.01
66.1985,983.01
66.2015,983.01
66.2045,983.01
66.2076,983.01
66.2106,983.01
66.2136,983.01
66.2166,983.01
66.2196,983.01
66.2226,983.01
66.2256,983.01
66.2286,983.01
66.2317,983.01
66.2347,983.01
66.2377,983.01
66.2407,983.01
66.2437,983.01
66.2467,983.01
66.2497,983.01
66.2527,983.01
66.2558,983.01
66.2588,983.01
66.2618,983.01
66.2648,983.01
66.2678,983.01
66.2708,983.01
66.2738,983.01
66.2768,983.01
66.2799,983.01
66.2829,983.01
66.2859,983.01
66.2889,983.01
66.2919,983.01
66.2949,983.01
66.2979,983.01
66.3009,983.01
66.304,983.01
66.307,983.01
66.31,983.01
66.313,983.01
66.316,983.01
66.319,983.01
66.322,983.01
66.3251,983.01
66.3281,983.01
66.3311,983.01
66.3341,983.01
66.3371,983.01
66.3401,983.01
66.3431,983.01
66.3461,983.01
66.3492,983.01
66.3522,983.01
66.3552,983.01
66.3582,983.01
66.3612,983.01
66.3642,983.01
66.3672,983.01
66.3702,983.01
66.3733,983.01
66.3763,983.01
66.3793,983.01
66.3823,983.01
66.3853,983.01
66.3883,983.01
66.3913,983.01
66.3943,983.01
66.3974,983.01
66.4004,983.01
66.4034,983.01
66.4064,983.01
66.4094,983.01
66.4124,983.01
66.4154,983.01
66.4185,983.01
66.4215,983.01
66.4245,983.01
66.4275,983.01
66.4306,983.01
66.4336,983.01
66.4366,983.01
66.4396,983.01
66.4427,983.01
66.4457,983.01
66.4487,983.01
66.4517,983.01
66.4547,983.01
66.4577,983.01
66.4607,983.01
66.4637,983.01
66.4667,983.01
66.4698,983.01
66.4728,983.01
66.4758,983.01
66.4788,983.01
66.4818,983.01
66.4848,983.01
66.4879,983.01
66.4909,983.01
66.4939,983.01
66.4969,983.01
66.4999,983.01
66.5029,983.01
66.5059,983.01
66.509,983.01
66.512,983.01
66.515,983.01
66.518,983.01
66.521,983.01
66.524,983.01
66.527,983.01
66.53,983.01
66.533,983.01
66.5361,983.01
66.5391,983.01
66.5421,983.01
66.5451,983.01
66.5481,983.01
66.5511,983.01
66.5542,983.01
66.5572,983.01
66.5603,983.01
66.5633,983.01
66.5663,983.01
66.5693,983.01
66.5723,983.01
66.5753,983.01
66.5783,983.01
66.5813,983.01
66.5843,983.01
66.5873,983.01
66.5904,983.01
66.5934,983.01
66.5964,983.01
66.5994,983.01
66.6024,983.01
66.6054,983.01
66.6084,983.01
66.6114,983.01
66.6144,983.01
66.6174,983.01
66.6205,983.01
66.6235,983.01
66.6265,983.01
66.6295,983.01
66.6325,983.01
66.6355,983.01
66.6385,983.01
66.6415,983.01
66.6446,983.01
66.6476,983.01
66.6506,983.01
66.6536,983.01
66.6566,983.01
66.6596,983.01
66.6626,983.01
66.6656,983.01
66.6686,983.01
66.6716,983.01
66.6747,983.01
66.6777,983.01
66.6807,983.01
66.6837,983.01
66.6867,983.01
66.6897,983.01
66.6927,983.01
66.6957,983.01
66.6987,983.01
66.7017,983.01
66.7048,983.01
66.7078,983.01
66.7108,983.01
66.7138,983.01
66.7168,983.01
66.7198,983.01
66.7228,983.01
66.7258,983.01
66.7289,983.01
66.7319,983.01
66.7349,983.01
66.7379,983.01
66.7409,983.01
66.7439,983.01
66.7469,983.01
66.7499,983.01
66.7532,983.01
66.7562,983.01
66.7592,983.01
66.7622,983.01
66.7652,983.01
66.7683,983.01
66.7713,983.01
66.7743,983.01
66.7773,983.01
66.7803,983.01
66.7834,983.01
66.7864,983.01
66.7894,983.01
66.7924,983.01
66.7954,983.01
66.7984,983.01
66.8014,983.01
66.8044,983.01
66.8075,983.01
66.8105,983.01
66.8135,983.01
66.8165,983.01
66.8195,983.01
66.8225,983.01
66.8255,983.01
66.8285,983.01
66.8315,983.01
66.8345,983.01
66.8376,983.01
66.8406,983.01
66.8436,983.01
66.8466,983.01
66.8496,983.01
66.8526,983.01
66.8556,983.01
66.8586,983.01
66.8616,983.01
66.8647,983.01
66.8677,983.01
66.8707,983.01
66.8737,983.01
66.8767,983.01
66.8797,983.01
66.8827,983.01
66.8857,983.01
66.8887,983.01
66.8918,983.01
66.8948,983.01
66.8978,983.01
66.9008,983.01
66.9038,983.01
66.9068,983.01
66.9098,983.01
66.9128,983.01
66.9158,983.01
66.9189,983.01
66.9219,983.01
66.9249,983.01
66.9279,983.01
66.9309,983.01
66.9339,983.01
66.9369,983.01
66.9399,983.01
66.943,983.01
66.946,983.01
66.949,983.01
66.952,983.01
66.955,983.01
66.958,983.01
66.961,983.01
66.964,983.01
66.967,983.01
66.9701,983.01
66.9733,983.01
66.9764,983.01
66.9794,983.01
66.9824,983.01
66.9854,983.01
66.9884,983.01
66.9914,983.01
66.9945,983.01
66.9975,983.01
67.0005,983.01
67.0035,983.01
67.0065,983.01
67.0095,983.01
67.0129,983.01
67.0161,983.01
67.0191,983.01
67.0221,983.01
67.0251,983.01
67.0281,983.01
67.0311,983.01
67.0342,983.01
67.0372,983.01
67.0402,983.01
67.0432,983.01
67.0462,983.01
67.0492,983.01
67.0522,983.01
67.0552,983.01
67.0582,983.01
67.0613,983.01
67.0643,983.01
67.0673,983.01
67.0703,983.01
67.0733,983.01
67.0763,983.01
67.0793,983.01
67.0823,983.01
67.0854,983.01
67.0884,983.01
67.0914,983.01
67.0944,983.01
67.0974,983.01
67.1004,983.01
67.1034,983.01
67.1064,983.01
67.1095,983.01
67.1125,983.01
67.1155,983.01
67.1185,983.01
67.1215,983.01
67.1245,983.01
67.1275,983.01
67.1305,983.01
67.1335,983.01
67.1366,983.01
67.1396,983.01
67.1426,983.01
67.1456,983.01
67.1486,983.01
67.1516,983.01
67.1546,983.01
67.1576,983.01
67.1607,983.01
67.1637,983.01
67.1667,983.01
67.1697,983.01
67.1727,983.01
67.1757,983.01
67.1787,983.01
67.1818,983.01
67.1848,983.01
67.1878,983.01
67.1909,983.01
67.1939,983.01
67.1969,983.01
67.1999,983.01
67.2029,983.01
67.206,983.01
67.209,983.01
67.212,983.01
67.215,983.01
67.218,983.01
67.221,983.01
67.224,983.01
67.2271,983.01
67.2301,983.01
67.2331,983.01
67.2361,983.01
67.2391,983.01
67.2421,983.01
67.2451,983.01
67.2481,983.01
67.2511,983.01
67.2541,983.01
67.2572,983.01
67.2602,983.01
67.2632,983.01
67.2662,983.01
67.2692,983.01
67.2722,983.01
67.2752,983.01
67.2782,983.01
67.2813,983.01
67.2843,983.01
67.2873,983.01
67.2903,983.01
67.2933,983.01
67.2963,983.01
67.2993,983.01
67.3023,983.01
67.3053,983.01
67.3084,983.01
67.3114,983.01
67.3144,983.01
67.3174,983.01
67.3204,983.01
67.3234,983.01
67.3264,983.01
67.3295,983.01
67.3325,983.01
67.3355,983.01
67.3385,983.01
67.3415,983.01
67.3445,983.01
67.3475,983.01
67.3505,983.01
67.3535,983.01
67.3566,983.01
67.3596,983.01
67.3626,983.01
67.3656,983.01
67.3686,983.01
67.3716,983.01
67.3746,983.01
67.3776,983.01
67.3806,983.01
67.3837,983.01
67.3867,983.01
67.3897,983.01
67.3927,983.01
67.3957,983.01
67.3987,983.01
67.4017,983.01
67.4047,983.01
67.4077,983.01
67.4107,983.01
67.4138,983.01
67.4168,983.01
67.4198,983.01
67.4228,983.01
67.4258,983.01
67.4289,983.01
67.4319,983.01
67.4349,983.01
67.438,983.01
67.441,983.01
67.444,983.01
67.447,983.01
67.45,983.01
67.453,983.01
67.456,983.01
67.4591,983.01
67.4621,983.01
67.4651,983.01
67.4681,983.01
67.4711,983.01
67.4741,983.01
67.4772,983.01
67.4802,983.01
67.4832,983.01
67.4862,983.01
67.4892,983.01
67.4922,983.01
67.4952,983.01
67.4983,983.01
67.5013,983.01
67.5043,983.01
67.5073,983.01
67.5103,983.01
67.5133,983.01
67.5163,983.01
67.5194,983.01
67.5224,983.01
67.5254,983.01
67.5284,983.01
67.5314,983.01
67.5344,983.01
67.5374,983.01
67.5404,983.01
67.5434,983.01
67.5465,983.01
67.5495,983.01
67.5525,983.01
67.5555,983.01
67.5585,983.01
67.5615,983.01
67.5645,983.01
67.5675,983.01
67.5706,983.01
67.5736,983.01
67.5766,983.01
67.5796,983.01
67.5826,983.01
67.5856,983.01
67.5886,983.01
67.5916,983.01
67.5946,983.01
67.5977,983.01
67.6007,983.01
67.6037,983.01
67.6067,983.01
67.6097,983.01
67.6127,983.01
67.6157,983.01
67.6187,983.01
67.6218,983.01
67.6248,983.01
67.6278,983.01
67.6308,983.01
67.6338,983.01
67.6368,983.01
67.6398,983.01
67.6428,983.01
67.6458,983.01
67.6489,983.01
67.6519,983.01
67.6549,983.01
67.6579,983.01
67.6609,983.01
67.6639,983.01
67.6669,983.01
67.6699,983.01
67.6729,983.01
67.6759,983.01
67.679,983.01
67.682,983.01
67.685,983.01
67.688,983.01
67.691,983.01
67.694,983.01
67.697,983.01
67.7,983.01
67.703,983.01
67.7061,983.01
67.7091,983.01
67.7121,983.01
67.7151,983.01
67.7181,983.01
67.7211,983.01
67.7241,983.01
67.7271,983.01
67.7302,983.01
67.7332,983.01
67.7362,983.01
67.7392,983.01
67.7422,983.01
67.7452,983.01
67.7482,983.01
67.7514,983.01
67.7544,983.01
67.7574,983.01
67.7605,983.01
67.7635,983.01
67.7665,983.01
67.7695,983.01
67.7725,983.01
67.7755,983.01
67.7785,983.01
67.7815,983.01
67.7846,983.01
67.7876,983.01
67.7906,983.01
67.7936,983.01
67.7966,983.01
67.7996,983.01
67.8026,983.01
67.8056,983.01
67.8087,983.01
67.8117,983.01
67.8147,983.01
67.8177,983.01
67.8207,983.01
67.8237,983.01
67.8267,983.01
67.8297,983.01
67.8328,983.01
67.8358,983.01
67.8388,983.01
67.8418,983.01
67.8448,983.01
67.8478,983.01
67.8508,983.01
67.8538,983.01
67.8569,983.01
67.8599,983.01
67.8629,983.01
67.8659,983.01
67.8689,983.01
67.8719,983.01
67.8749,983.01
67.8779,983.01
67.8809,983.01
67.884,983.01
67.887,983.01
67.89,983.01
67.893,983.01
67.896,983.01
67.899,983.01
67.902,983.01
67.905,983.01
67.908,983.01
67.911,983.01
67.9141,983.01
67.9171,983.01
67.9201,983.01
67.9231,983.01
67.9261,983.01
67.9291,983.01
67.9321,983.01
67.9351,983.01
67.9381,983.01
67.9412,983.01
67.9442,983.01
67.9472,983.01
67.9502,983.01
67.9532,983.01
67.9562,983.01
67.9592,983.01
67.9622,983.01
67.9652,983.01
67.9683,983.01
67.9713,983.01
67.9745,983.01
67.9776,983.01
67.9806,983.01
67.9836,983.01
67.9867,983.01
67.9897,983.01
67.9927,983.01
67.9957,983.01
67.9987,983.01
68.0017,983.01
68.0047,983.01
68.0077,983.01
68.0109,983.01
68.0139,983.01
68.0169,983.01
68.0199,983.01
68.0229,983.01
68.026,983.01
68.029,983.01
68.032,983.01
68.0351,983.01
68.0381,983.01
68.0411,983.01
68.0441,983.01
68.0471,983.01
68.0501,983.01
68.0531,983.01
68.0562,983.01
68.0592,983.01
68.0622,983.01
68.0652,983.01
68.0682,983.01
68.0712,983.01
68.0742,983.01
68.0772,983.01
68.0802,983.01
68.0832,983.01
68.0863,983.01
68.0893,983.01
68.0923,983.01
68.0953,983.01
68.0983,983.01
68.1013,983.01
68.1043,983.01
68.1073,983.01
68.1104,983.01
68.1134,983.01
68.1164,983.01
68.1194,983.01
68.1224,983.01
68.1254,983.01
68.1284,983.01
68.1314,983.01
68.1344,983.01
68.1374,983.01
68.1405,983.01
68.1435,983.01
68.1465,983.01
68.1495,983.01
68.1525,983.01
68.1555,983.01
68.1585,983.01
68.1615,983.01
68.1646,983.01
68.1676,983.01
68.1706,983.01
68.1736,983.01
68.1766,983.01
68.1796,983.01
68.1826,983.01
68.1856,983.01
68.1887,983.01
68.1918,983.01
68.1948,983.01
68.1978,983.01
68.2008,983.01
68.2038,983.01
68.2068,983.01
68.2098,983.01
68.2129,983.01
68.2159,983.01
68.2189,983.01
68.2219,983.01
68.2249,983.01
68.2279,983.01
68.2309,983.01
68.2339,983.01
68.237,983.01
68.24,983.01
68.243,983.01
68.246,983.01
68.249,983.01
68.252,983.01
68.255,983.01
68.258,983.01
68.261,983.01
68.264,983.01
68.2672,983.01
68.2702,983.01
68.2732,983.01
68.2762,983.01
68.2792,983.01
68.2822,983.01
68.2852,983.01
68.2883,983.01
68.2913,983.01
68.2943,983.01
68.2973,983.01
68.3003,983.01
68.3033,983.01
68.3063,983.01
68.3093,983.01
68.3124,983.01
68.3154,983.01
68.3184,983.01
68.3214,983.01
68.3244,983.01
68.3274,983.01
68.3304,983.01
68.3334,983.01
68.3364,983.01
68.3395,983.01
68.3425,983.01
68.3455,983.01
68.3485,983.01
68.3515,983.01
68.3545,983.01
68.3575,983.01
68.3605,983.01
68.3635,983.01
68.3665,983.01
68.3696,983.01
68.3726,983.01
68.3756,983.01
68.3786,983.01
68.3816,983.01
68.3846,983.01
68.3876,983.01
68.3906,983.01
68.3936,983.01
68.3967,983.01
68.3997,983.01
68.4027,983.01
68.4057,983.01
68.4087,983.01
68.4117,983.01
68.4147,983.01
68.4177,983.01
68.4208,983.01
68.4238,983.01
68.4268,983.01
68.4298,983.01
68.4328,983.01
68.4359,983.01
68.4389,983.01
68.4419,983.01
68.4449,983.01
68.4479,983.01
68.4509,983.01
68.454,983.01
68.457,983.01
68.46,983.01
68.463,983.01
68.466,983.01
68.469,983.01
68.472,983.01
68.475,983.01
68.4781,983.01
68.4811,983.01
68.4841,983.01
68.4871,983.01
68.4901,983.01
68.4931,983.01
68.4961,983.01
68.4991,983.01
68.5021,983.01
68.5052,983.01
68.5082,983.01
68.5112,983.01
68.5142,983.01
68.5172,983.01
68.5202,983.01
68.5232,983.01
68.5262,983.01
68.5292,983.01
68.5323,983.01
68.5353,983.01
68.5383,983.01
68.5413,983.01
68.5443,983.01
68.5473,983.01
68.5503,983.01
68.5534,983.01
68.5564,983.01
68.5594,983.01
68.5624,983.01
68.5654,983.01
68.5685,983.01
68.5715,983.01
68.5745,983.01
68.5775,983.01
68.5805,983.01
68.5835,983.01
68.5865,983.01
68.5895,983.01
68.5925,983.01
68.5955,983.01
68.5986,983.01
68.6016,983.01
68.6046,983.01
68.6076,983.01
68.6106,983.01
68.6136,983.01
68.6166,983.01
68.6196,983.01
68.6229,983.01
68.6259,983.01
68.6289,983.01
68.632,983.01
68.635,983.01
68.638,983.01
68.641,983.01
68.644,983.01
68.647,983.01
68.65,983.01
68.653,983.01
68.656,983.01
68.659,983.01
68.6621,983.01
68.6651,983.01
68.6681,983.01
68.6711,983.01
68.6741,983.01
68.6771,983.01
68.6801,983.01
68.6831,983.01
68.6861,983.01
68.6892,983.01
68.6922,983.01
68.6952,983.01
68.6982,983.01
68.7012,983.01
68.7042,983.01
68.7072,983.01
68.7102,983.01
68.7133,983.01
68.7163,983.01
68.7193,983.01
68.7223,983.01
68.7253,983.01
68.7283,983.01
68.7313,983.01
68.7343,983.01
68.7373,983.01
68.7403,983.01
68.7434,983.01
68.7464,983.01
68.7494,983.01
68.7524,983.01
68.7554,983.01
68.7584,983.01
68.7615,983.01
68.7645,983.01
68.7675,983.01
68.7705,983.01
68.7735,983.01
68.7765,983.01
68.7795,983.01
68.7825,983.01
68.7855,983.01
68.7886,983.01
68.7916,983.01
68.7946,983.01
68.7976,983.01
68.8006,983.01
68.8036,983.01
68.8066,983.01
68.8096,983.01
68.8126,983.01
68.8156,983.01
68.8186,983.01
68.8217,983.01
68.8247,983.01
68.8277,983.01
68.8307,983.01
68.8337,983.01
68.8367,983.01
68.8397,983.01
68.8427,983.01
68.8457,983.01
68.8487,983.01
68.8518,983.01
68.8548,983.01
68.8578,983.01
68.8608,983.01
68.8638,983.01
68.8668,983.01
68.8698,983.01
68.8728,983.01
68.8758,983.01
68.8789,983.01
68.8819,983.01
68.8849,983.01
68.8879,983.01
68.8909,983.01
68.8939,983.01
68.8969,983.22
68.8999,983.22
68.9029,983.22
68.9059,983.22
68.909,983.22
68.912,983.22
68.915,983.22
68.918,983.22
68.921,983.22
68.924,983.22
68.927,983.22
68.93,983.22
68.933,983.22
68.936,983.22
68.939,983.22
68.942,983.22
68.9451,983.22
68.9481,983.22
68.9511,983.22
68.9541,983.22
68.9571,983.22
68.9601,983.22
68.9631,983.22
68.9661,983.22
68.9691,983.22
68.9722,983.22
68.9756,983.22
68.9786,983.22
68.9816,983.22
68.9846,983.22
68.9876,983.22
68.9906,983.22
68.9936,983.22
68.9967,983.22
68.9996,983.22
69.0027,983.22
69.0057,983.22
69.0087,983.22
69.0119,983.22
69.0151,983.22
69.0181,983.22
69.0211,983.22
69.0241,983.22
69.0272,983.22
69.0302,983.22
69.0332,983.22
69.0362,983.22
69.0392,983.22
69.0422,983.22
69.0452,983.22
69.0482,983.22
69.0513,983.22
69.0543,983.22
69.0573,983.22
69.0603,983.22
69.0633,983.22
69.0663,983.22
69.0693,983.22
69.0723,983.22
69.0753,983.22
69.0784,983.22
69.0814,983.22
69.0844,983.22
69.0874,983.22
69.0904,983.22
69.0934,983.22
69.0964,983.22
69.0994,983.22
69.1025,983.22
69.1055,983.22
69.1085,983.22
69.1115,983.22
69.1145,983.22
69.1175,983.22
69.1205,983.22
69.1236,983.22
69.1266,983.22
69.1296,983.22
69.1326,983.22
69.1356,983.22
69.1386,983.22
69.1416,983.22
69.1446,983.22
69.1477,983.22
69.1507,983.22
69.1537,983.22
69.1567,983.22
69.1597,983.22
69.1627,983.22
69.1657,983.22
69.1687,983.22
69.1718,983.22
69.1748,983.22
69.1778,983.22
69.1808,983.22
69.1838,983.22
69.1869,983.22
69.1899,983.22
69.1929,983.22
69.196,983.22
69.199,983.22
69.202,983.22
69.205,983.22
69.208,983.22
69.211,983.22
69.214,983.22
69.2171,983.22
69.2201,983.22
69.2231,983.22
69.2261,983.22
69.2291,983.22
69.2321,983.22
69.2351,983.22
69.2381,983.22
69.2412,983.22
69.2442,983.22
69.2472,983.22
69.2502,983.22
69.2532,983.22
69.2562,983.22
69.2592,983.22
69.2622,983.22
69.2653,983.22
69.2683,983.22
69.2713,983.22
69.2743,983.22
69.2774,983.22
69.2804,983.22
69.2834,983.22
69.2864,983.22
69.2894,983.22
69.2924,983.22
69.2954,983.22
69.2984,983.22
69.3015,983.22
69.3045,983.22
69.3075,983.22
69.3105,983.22
69.3135,983.22
69.3165,983.22
69.3195,983.22
69.3225,983.22
69.3256,983.22
69.3286,983.22
69.3316,983.22
69.3346,983.22
69.3376,983.22
69.3406,983.22
69.3436,983.22
69.3466,983.22
69.3497,983.22
69.3527,983.22
69.3557,983.22
69.3587,983.22
69.3617,983.22
69.3647,983.22
69.3677,983.22
69.3707,983.22
69.3738,983.22
69.3768,983.22
69.3798,983.22
69.3828,983.22
69.3858,983.22
69.3888,983.22
69.3918,983.22
69.3948,983.22
69.3979,983.22
69.4009,983.22
69.4039,983.22
69.4069,983.22
69.4099,983.22
69.4129,983.22
69.4159,983.22
69.4189,983.22
69.422,983.22
69.425,983.22
69.428,983.22
69.4311,983.22
69.4341,983.22
69.4371,983.22
69.4401,983.22
69.4431,983.22
69.4462,983.22
69.4492,983.22
69.4522,983.22
69.4552,983.22
69.4582,983.22
69.4612,983.22
69.4642,983.22
69.4672,983.22
69.4702,983.22
69.4732,983.22
69.4763,983.22
69.4793,983.22
69.4823,983.22
69.4853,983.22
69.4883,983.22
69.4913,983.22
69.4944,983.22
69.4974,983.22
69.5004,983.22
69.5034,983.22
69.5064,983.22
69.5094,983.22
69.5124,983.22
69.5155,983.22
69.5185,983.22
69.5215,983.22
69.5245,983.22
69.5275,983.22
69.5305,983.22
69.5335,983.22
69.5365,983.22
69.5395,983.22
69.5426,983.22
69.5456,983.22
69.5486,983.22
69.5516,983.22
69.5549,983.22
69.5579,983.22
69.561,983.22
69.564,983.22
69.5671,983.22
69.5701,983.22
69.5731,983.22
69.5761,983.22
69.5791,983.22
69.5821,983.22
69.5851,983.22
69.5881,983.22
69.5911,983.22
69.5942,983.22
69.5972,983.22
69.6002,983.22
69.6032,983.22
69.6062,983.22
69.6092,983.22
69.6122,983.22
69.6152,983.22
69.6182,983.22
69.6212,983.22
69.6243,983.22
69.6273,983.22
69.6305,983.22
69.6335,983.22
69.6365,983.22
69.6395,983.22
69.6426,983.22
69.6456,983.22
69.6486,983.22
69.6516,983.22
69.6546,983.22
69.6576,983.22
69.6606,983.22
69.6636,983.22
69.6667,983.22
69.6697,983.22
69.6727,983.22
69.6757,983.22
69.6787,983.22
69.6817,983.22
69.6847,983.22
69.6877,983.22
69.6907,983.22
69.6938,983.22
69.6968,983.22
69.6998,983.22
69.7028,983.22
69.7058,983.22
69.7088,983.22
69.7118,983.22
69.7148,983.22
69.7179,983.22
69.7209,983.22
69.7239,983.22
69.7269,983.22
69.7299,983.22
69.7329,983.22
69.7359,983.22
69.7389,983.22
69.742,983.22
69.745,983.22
69.748,983.22
69.7511,983.22
69.7541,983.22
69.7571,983.22
69.7602,983.22
69.7632,983.22
69.7662,983.22
69.7692,983.22
69.7722,983.22
69.7752,983.22
69.7782,983.22
69.7812,983.22
69.7843,983.22
69.7873,983.22
69.7903,983.22
69.7933,983.22
69.7963,983.22
69.7993,983.22
69.8023,983.22
69.8053,983.22
69.8083,983.22
69.8113,983.22
69.8144,983.22
69.8174,983.22
69.8204,983.22
69.8234,983.22
69.8264,983.22
69.8294,983.22
69.8324,983.22
69.8354,983.22
69.8385,983.22
69.8415,983.22
69.8445,983.22
69.8475,983.22
69.8505,983.22
69.8535,983.22
69.8565,983.22
69.8595,983.22
69.8625,983.22
69.8656,983.22
69.8686,983.22
69.8716,983.22
69.8746,983.22
69.8776,983.22
69.8806,983.22
69.8836,983.22
69.8866,983.22
69.8897,983.22
69.8927,983.22
69.8957,983.22
69.8987,983.22
69.9017,983.22
69.9047,983.22
69.9077,983.22
69.9107,983.22
69.9137,983.22
69.9167,983.22
69.9198,983.22
69.9228,983.22
69.9258,983.22
69.9288,983.22
69.9318,983.22
69.9348,983.22
69.9378,983.22
69.9408,983.22
69.9439,983.22
69.9469,983.22
69.9499,983.22
69.9529,983.22
69.9559,983.22
69.9589,983.22
69.962,983.22
69.965,983.22
69.968,983.22
69.971,983.22
69.9743,983.22
69.9773,983.22
69.9804,983.22
69.9834,983.22
69.9864,983.22
69.9894,983.22
69.9924,983.22
69.9954,983.22
69.9984,983.22
70.0014,983.22
70.0044,983.22
70.0075,983.22
70.0106,983.22
70.0136,983.22
70.0166,983.22
70.0196,983.22
70.0226,983.22
70.0256,983.22
70.0287,983.22
70.0317,983.22
70.0347,983.22
70.0377,983.22
70.0407,983.22
70.0437,983.22
70.0467,983.22
70.0498,983.22
70.0528,983.22
70.0558,983.22
70.0588,983.22
70.0618,983.22
70.0648,983.22
70.0678,983.22
70.0708,983.22
70.0739,983.22
70.0769,983.22
70.0799,983.22
70.0829,983.22
70.0859,983.22
70.0889,983.22
70.0919,983.22
70.0949,983.22
70.0979,983.22
70.101,983.22
70.104,983.22
70.107,983.22
70.11,983.22
70.113,983.22
70.116,983.22
70.119,983.22
70.122,983.22
70.1251,983.22
70.1281,983.22
70.1311,983.22
70.1341,983.22
70.1371,983.22
70.1401,983.22
70.1431,983.22
70.1461,983.22
70.1491,983.22
70.1522,983.22
70.1552,983.22
70.1582,983.22
70.1612,983.22
70.1642,983.22
70.1672,983.22
70.1702,983.22
70.1732,983.22
70.1762,983.22
70.1793,983.22
70.1823,983.22
70.1853,983.22
70.1883,983.22
70.1913,983.22
70.1943,983.22
70.1974,983.22
70.2004,983.22
70.2034,983.22
70.2064,983.22
70.2094,983.22
70.2124,983.22
70.2154,983.22
70.2185,983.22
70.2215,983.22
70.2245,983.22
70.2275,983.22
70.2305,983.22
70.2335,983.22
70.2365,983.22
70.2396,983.22
70.2426,984.23
70.2456,984.23
70.2486,984.23
70.2516,984.23
70.2546,984.23
70.2576,984.23
70.2606,984.23
70.2636,984.23
70.2666,984.23
70.2696,984.23
70.2727,984.23
70.2757,984.23
70.2787,984.23
70.2817,984.23
70.2847,984.23
70.2877,984.23
70.2907,984.23
70.2937,984.23
70.2967,984.23
70.2998,984.23
70.3028,984.23
70.3058,984.23
70.3088,984.23
70.3118,984.23
70.3148,984.23
70.3178,984.23
70.3208,984.23
70.3238,984.23
70.3268,984.23
70.3299,984.23
70.3329,984.23
70.3359,984.23
70.3389,984.23
70.3419,984.23
70.3449,984.23
70.3479,984.23
70.3509,984.23
70.3539,984.23
70.3569,984.23
70.36,984.23
70.363,984.23
70.366,984.23
70.369,984.23
70.372,984.23
70.375,984.23
70.378,984.23
70.381,984.23
70.384,984.23
70.3871,984.23
70.3901,984.23
70.3931,984.23
70.3961,984.23
70.3991,984.23
70.4021,984.23
70.4051,984.23
70.4081,984.23
70.4111,984.23
70.4142,984.23
70.4172,984.23
70.4202,984.23
70.4232,984.23
70.4262,984.23
70.4293,984.23
70.4323,984.23
70.4353,984.23
70.4383,984.23
70.4414,984.23
70.4444,984.23
70.4474,984.23
70.4504,984.23
70.4534,984.23
70.4564,984.23
70.4594,984.23
70.4624,984.23
70.4655,984.23
70.4685,984.23
70.4715,984.23
70.4745,984.23
70.4775,984.23
70.4805,984.23
70.4836,984.23
70.4866,984.23
70.4896,984.23
70.4926,984.23
70.4956,984.23
70.4986,984.23
70.5016,984.23
70.5046,984.23
70.5077,984.23
70.5107,984.23
70.5137,984.23
70.5167,984.23
70.5197,984.23
70.5227,984.23
70.5257,984.23
70.5288,984.23
70.5318,984.23
70.5348,984.23
70.5378,984.23
70.5408,984.23
70.5438,984.23
70.5468,984.23
70.5498,984.23
70.5529,984.23
70.5559,984.23
70.5589,984.23
70.5619,984.23
70.5649,984.23
70.568,984.23
70.571,984.23
70.574,984.23
70.577,984.23
70.58,984.23
70.583,984.23
70.586,984.23
70.589,984.23
70.592,984.23
70.5951,984.23
70.5981,984.23
70.6011,984.23
70.6041,984.23
70.6071,984.23
70.6101,984.23
70.6131,984.23
70.6161,984.23
70.6192,984.23
70.6222,984.23
70.6252,984.23
70.6282,984.23
70.6312,984.23
70.6342,984.23
70.6372,984.23
70.6402,984.23
70.6433,984.23
70.6463,984.23
70.6493,984.23
70.6523,984.23
70.6553,984.23
70.6583,984.23
70.6613,984.23
70.6643,984.23
70.6673,984.23
70.6703,984.23
70.6733,984.23
70.6764,984.23
70.6794,984.23
70.6824,984.23
70.6854,984.23
70.6884,984.23
70.6914,984.23
70.6944,984.23
70.6975,984.23
70.7005,984.23
70.7035,984.23
70.7065,984.23
70.7095,984.23
70.7125,984.23
70.7155,984.23
70.7185,984.23
70.7216,984.23
70.7246,984.23
70.7276,984.23
70.7306,984.23
70.7336,984.23
70.7366,984.23
70.7396,984.23
70.7426,984.23
70.7457,984.23
70.7487,984.23
70.7518,984.23
70.7548,984.23
70.7579,984.23
70.7609,984.23
70.7639,984.23
70.7669,984.23
70.7699,984.23
70.7729,984.23
70.7759,984.23
70.7789,984.23
70.7819,984.23
70.7849,984.23
70.788,984.23
70.791,984.23
70.794,984.23
70.797,984.23
70.8,984.23
70.803,984.23
70.806,984.23
70.809,984.23
70.812,984.23
70.8151,984.23
70.8181,984.23
70.8211,984.23
70.8241,984.23
70.8271,984.23
70.8301,984.23
70.8331,984.23
70.8361,984.23
70.8392,984.23
70.8422,984.23
70.8452,984.23
70.8482,984.23
70.8512,984.23
70.8542,984.23
70.8572,984.23
70.8602,984.23
70.8632,984.23
70.8662,984.23
70.8693,984.23
70.8723,984.23
70.8753,984.23
70.8783,984.23
70.8813,984.23
70.8843,984.23
70.8873,984.23
70.8903,984.23
70.8933,984.23
70.8964,984.23
70.8994,984.23
70.9024,984.23
70.9054,984.23
70.9084,984.23
70.9114,984.23
70.9144,984.23
70.9174,984.23
70.9204,984.23
70.9235,984.23
70.9265,984.23
70.9295,984.23
70.9325,984.23
70.9355,984.23
70.9385,984.23
70.9415,984.23
70.9445,984.23
70.9475,984.23
70.9506,984.23
70.9536,984.23
70.9566,984.23
70.9596,984.23
70.9626,984.23
70.9656,984.23
70.9686,984.23
70.9717,984.23
70.975,984.23
70.978,984.23
70.981,984.23
70.984,984.23
70.987,984.23
70.99,984.23
70.993,984.23
70.996,984.23
70.999,984.23
71.0021,984.23
71.0051,984.23
71.0081,984.23
71.0113,984.23
71.0144,984.23
71.0175,984.23
71.0206,984.23
71.0236,984.23
71.0266,984.23
71.0296,984.23
71.0326,984.23
71.0356,984.23
71.0386,984.23
71.0417,984.23
71.0447,984.23
71.0477,984.23
71.0507,984.23
71.0537,984.23
71.0567,984.23
71.0597,984.23
71.0627,984.23
71.0657,984.23
71.0688,984.23
71.0718,984.23
71.0748,984.23
71.0778,984.23
71.0808,984.23
71.0838,984.23
71.0868,984.23
71.0898,984.23
71.0929,984.23
71.0959,984.23
71.0989,984.23
71.1019,984.23
71.1049,984.23
71.1079,984.23
71.1109,984.23
71.1139,984.23
71.117,984.23
71.12,984.23
71.123,984.23
71.126,984.23
71.129,984.23
71.132,984.23
71.135,984.23
71.1381,984.23
71.1411,984.23
71.1441,984.23
71.1471,984.23
71.1501,984.23
71.1531,984.23
71.1561,984.23
71.1591,984.23
71.1622,984.23
71.1652,984.23
71.1682,984.23
71.1712,984.23
71.1742,984.23
71.1772,984.23
71.1802,984.23
71.1832,984.23
71.1863,984.23
71.1894,984.23
71.1924,984.23
71.1954,984.23
71.1984,984.23
71.2014,984.23
71.2044,984.23
71.2075,984.23
71.2105,984.23
71.2135,984.23
71.2165,984.23
71.2195,984.23
71.2225,984.23
71.2255,984.23
71.2286,984.23
71.2316,984.23
71.2346,984.23
71.2376,984.23
71.2406,984.23
71.2436,984.23
71.2466,984.23
71.2496,984.23
71.2527,984.23
71.2557,984.23
71.2587,984.23
71.2617,984.23
71.2647,984.23
71.2677,984.23
71.2708,984.23
71.2738,984.23
71.2768,984.23
71.2798,984.23
71.2828,984.23
71.2858,984.23
71.2888,984.23
71.2918,984.23
71.2949,984.23
71.2979,984.23
71.3009,984.23
71.3039,984.23
71.3069,984.23
71.3099,984.23
71.3129,984.23
71.316,984.23
71.319,984.23
71.322,984.23
71.325,984.23
71.328,984.23
71.331,984.23
71.334,984.23
71.337,984.23
71.3401,984.23
71.3431,984.23
71.3461,984.23
71.3491,984.23
71.3521,984.23
71.3551,984.23
71.3581,984.23
71.3612,984.23
71.3642,984.23
71.3672,984.23
71.3702,984.23
71.3732,984.23
71.3762,984.23
71.3792,984.23
71.3823,984.23
71.3853,984.23
71.3883,984.23
71.3913,984.23
71.3943,984.23
71.3973,984.23
71.4003,984.23
71.4034,984.23
71.4064,984.23
71.4094,984.23
71.4124,984.23
71.4154,984.23
71.4184,984.23
71.4214,984.23
71.4244,984.23
71.4275,984.23
71.4305,984.23
71.4336,984.23
71.4366,984.23
71.4397,984.23
71.4427,984.23
71.4457,984.23
71.4487,984.23
71.4517,984.23
71.4548,984.23
71.4578,984.23
71.4608,984.23
71.4638,984.23
71.4668,984.23
71.4698,984.23
71.4728,984.23
71.4759,984.23
71.4789,984.23
71.4819,984.23
71.4849,984.23
71.4879,984.23
71.4909,984.23
71.494,984.23
71.497,984.23
71.5,984.23
71.503,984.23
71.506,984.23
71.5091,984.23
71.5121,984.23
71.5151,984.23
71.5181,984.23
71.5211,984.23
71.5241,984.23
71.5271,984.23
71.5301,984.23
71.5332,984.23
71.5362,984.23
71.5392,984.23
71.5422,984.23
71.5452,984.23
71.5482,984.23
71.5513,984.23
71.5543,984.23
71.5574,984.23
71.5604,984.23
71.5634,984.23
71.5664,984.23
71.5694,984.23
71.5724,984.23
71.5754,984.23
71.5784,984.23
71.5815,984.23
71.5845,984.23
71.5875,984.23
71.5905,984.23
71.5935,984.23
71.5965,984.23
71.5995,984.23
71.6025,984.23
71.6056,984.23
71.6086,984.23
71.6116,984.23
71.6146,984.23
71.6176,984.23
71.6206,984.23
71.6236,984.23
71.6267,984.23
71.6297,984.23
71.6327,984.23
71.6357,984.23
71.6387,984.23
71.6417,984.23
71.6447,984.23
71.6479,984.23
71.6509,984.23
71.6539,984.23
71.657,984.23
71.66,984.23
71.663,984.23
71.666,984.23
71.669,984.23
71.672,984.23
71.675,984.23
71.6781,984.23
71.6811,984.23
71.6841,984.23
71.6871,984.23
71.6901,984.23
71.6931,984.23
71.6961,984.23
71.6991,984.23
71.7022,984.23
71.7052,984.23
71.7082,984.23
71.7112,984.23
71.7142,984.23
71.7172,984.23
71.7202,984.23
71.7232,984.23
71.7263,984.23
71.7293,984.23
71.7323,984.23
71.7353,984.23
71.7383,984.23
71.7413,984.23
71.7443,984.23
71.7474,984.23
71.7504,984.23
71.7534,984.23
71.7564,984.23
71.7594,984.23
71.7624,984.23
71.7654,984.23
71.7685,984.23
71.7715,984.23
71.7745,984.23
71.7775,984.23
71.7805,984.23
71.7836,984.23
71.7866,984.23
71.7896,984.23
71.7926,984.23
71.7956,984.23
71.7986,984.23
71.8016,984.23
71.8046,984.23
71.8077,984.23
71.8107,984.23
71.8137,984.23
71.8167,984.23
71.8197,984.23
71.8227,984.23
71.8257,984.23
71.8287,984.23
71.8318,984.23
71.8348,984.23
71.8378,984.23
71.8408,984.23
71.8438,984.23
71.8468,984.23
71.8499,984.23
71.8529,984.23
71.8559,984.23
71.8589,984.23
71.8619,984.23
71.8649,984.23
71.8679,984.23
71.8709,984.23
71.8739,984.23
71.877,984.23
71.88,984.23
71.883,984.23
71.886,984.23
71.889,984.23
71.892,984.23
71.895,984.23
71.8981,984.23
71.9011,984.23
71.9041,984.23
71.9071,984.23
71.9101,984.23
71.9131,984.23
71.9161,984.23
71.9191,984.23
71.9222,984.23
71.9252,984.23
71.9282,984.23
71.9312,984.23
71.9342,984.23
71.9372,984.23
71.9402,984.23
71.9432,984.23
71.9463,984.23
71.9493,984.23
71.9523,984.23
71.9553,984.23
71.9583,984.23
71.9613,984.23
71.9643,984.23
71.9675,984.23
71.9709,984.23
71.9742,984.23
71.9774,984.23
71.9804,984.23
71.9834,984.23
71.9864,984.23
71.9895,984.23
71.9925,984.23
71.9955,984.23
71.9985,984.23
